Date,Adj Close,Close,High,Low,Open,Volume
2021-08-11,1461.099853515625,1677.550048828125,1684.0,1668.0,1674.800048828125,4899639
2021-08-12,1471.59521484375,1689.5999755859375,1696.5,1674.0,1679.1500244140625,5659579
2021-08-13,1491.279296875,1712.199951171875,1722.5,1691.300048828125,1697.0,5612790
2021-08-16,1484.485595703125,1704.4000244140625,1719.949951171875,1690.0999755859375,1707.699951171875,4564109
2021-08-17,1516.92919921875,1741.6500244140625,1748.9000244140625,1686.550048828125,1703.9000244140625,9510390
2021-08-18,1509.7872314453125,1733.449951171875,1755.5,1727.0,1729.0,6686090
2021-08-20,1509.3516845703125,1732.949951171875,1745.0,1716.0999755859375,1716.0999755859375,6206972
2021-08-23,1514.4033203125,1738.75,1753.1500244140625,1732.0,1735.75,6189051
2021-08-24,1498.8128662109375,1720.8499755859375,1757.0,1712.699951171875,1750.0,7602939
2021-08-25,1511.616455078125,1735.550048828125,1746.9000244140625,1718.0,1718.0,6153253
2021-08-26,1504.779296875,1727.699951171875,1746.0,1720.0,1734.0,5302248
2021-08-27,1488.3179931640625,1708.800048828125,1727.699951171875,1705.199951171875,1725.0,6698514
2021-08-30,1478.9549560546875,1698.050048828125,1718.6500244140625,1690.4000244140625,1703.050048828125,6559667
2021-08-31,1486.2708740234375,1706.449951171875,1715.0,1685.8499755859375,1700.1500244140625,12255438
2021-09-01,1461.2740478515625,1677.75,1709.5,1673.1500244140625,1709.5,7801974
2021-09-02,1471.1597900390625,1689.0999755859375,1694.300048828125,1662.6500244140625,1677.3499755859375,6830050
2021-09-03,1481.21923828125,1700.6500244140625,1705.949951171875,1684.4000244140625,1696.050048828125,5339139
2021-09-06,1507.1309814453125,1730.4000244140625,1732.0,1699.3499755859375,1705.1500244140625,4876026
2021-09-07,1486.4453125,1706.6500244140625,1734.9000244140625,1704.0,1730.0,3520341
2021-09-08,1474.7742919921875,1693.25,1700.8499755859375,1682.949951171875,1700.8499755859375,4584896
2021-09-09,1473.337158203125,1691.5999755859375,1694.9000244140625,1682.1500244140625,1685.9000244140625,3331674
2021-09-13,1473.5985107421875,1691.9000244140625,1701.5,1675.199951171875,1683.0,4662374
2021-09-14,1468.59033203125,1686.1500244140625,1695.949951171875,1678.5999755859375,1695.949951171875,4945167
2021-09-15,1490.6258544921875,1711.449951171875,1715.0999755859375,1690.199951171875,1693.25,4062344
2021-09-16,1482.6129150390625,1702.25,1719.25,1691.449951171875,1715.199951171875,3246568
2021-09-17,1473.0758056640625,1691.300048828125,1718.0,1684.449951171875,1697.0,7454864
2021-09-20,1470.071044921875,1687.8499755859375,1707.699951171875,1677.949951171875,1685.0,5660743
2021-09-21,1496.72265625,1718.449951171875,1726.75,1684.6500244140625,1700.0,4672222
2021-09-22,1495.3726806640625,1716.9000244140625,1738.9000244140625,1713.050048828125,1717.0,4553892
2021-09-23,1517.7132568359375,1742.550048828125,1745.0,1721.0999755859375,1732.0,3826090
2021-09-24,1536.264892578125,1763.8499755859375,1788.0,1752.449951171875,1758.0,8280446
2021-09-27,1499.0743408203125,1721.1500244140625,1769.0,1718.0999755859375,1768.75,5045337
2021-09-28,1469.41748046875,1687.0999755859375,1710.0,1675.0,1710.0,6557197
2021-09-29,1473.9031982421875,1692.25,1701.4000244140625,1655.0,1659.25,7792548
2021-09-30,1459.052978515625,1675.199951171875,1703.0,1670.0999755859375,1703.0,6914031
2021-10-01,1450.300048828125,1665.1500244140625,1678.949951171875,1661.25,1665.0999755859375,5733906
2021-10-04,1462.1448974609375,1678.75,1688.0,1665.4000244140625,1672.5,2947154
2021-10-05,1474.38232421875,1692.800048828125,1702.949951171875,1663.0,1671.0,4373310
2021-10-06,1457.6160888671875,1673.550048828125,1709.0,1670.0,1702.0999755859375,4271698
2021-10-07,1472.814453125,1691.0,1704.199951171875,1676.6500244140625,1687.0,5476108
2021-10-08,1501.4261474609375,1723.8499755859375,1731.5,1698.4000244140625,1705.25,4738376
2021-10-11,1472.7708740234375,1690.949951171875,1730.0,1663.699951171875,1682.0,8840633
2021-10-12,1467.71923828125,1685.1500244140625,1689.0,1662.0,1677.0,7439300
2021-10-13,1488.666259765625,1709.199951171875,1713.6500244140625,1680.050048828125,1695.949951171875,7104171
2021-10-14,1494.37109375,1715.75,1783.5999755859375,1698.199951171875,1754.0,19655776
2021-10-18,1560.913330078125,1792.1500244140625,1799.0,1740.0,1740.0,13438109
2021-10-19,1587.042724609375,1822.1500244140625,1834.5,1782.300048828125,1814.0,10324260
2021-10-20,1569.7972412109375,1802.3499755859373,1848.0,1794.050048828125,1829.4000244140625,5876115
2021-10-21,1527.3809814453125,1753.6500244140625,1814.0,1746.8499755859375,1814.0,8779629
2021-10-22,1497.8985595703125,1719.800048828125,1763.199951171875,1707.0,1749.9000244140625,7369809
2021-10-25,1487.2291259765625,1707.550048828125,1729.75,1687.199951171875,1722.050048828125,5905209
2021-10-26,1497.0264892578125,1703.699951171875,1726.5999755859375,1695.9000244140625,1710.050048828125,5871709
2021-10-27,1519.2135009765625,1728.949951171875,1734.1500244140625,1701.1500244140625,1709.0999755859375,5090259
2021-10-28,1497.202392578125,1703.9000244140625,1724.75,1692.050048828125,1719.3499755859375,5329972
2021-10-29,1465.4375,1667.75,1712.5999755859375,1661.050048828125,1699.0,5875091
2021-11-01,1493.8194580078125,1700.050048828125,1707.199951171875,1676.0,1677.5,3636806
2021-11-02,1491.9302978515625,1697.9000244140625,1706.449951171875,1686.3499755859375,1695.0,3471772
2021-11-03,1495.97216796875,1702.5,1717.449951171875,1699.0,1709.0,3530713
2021-11-04,1501.420166015625,1708.699951171875,1717.0,1705.0,1715.0,483407
2021-11-08,1526.7261962890625,1737.5,1741.0,1703.0,1730.0,5245903
2021-11-09,1531.119873046875,1742.5,1750.0,1726.0,1734.75,4016134
2021-11-10,1529.054931640625,1740.1500244140625,1750.949951171875,1721.949951171875,1726.0,4780368
2021-11-11,1523.035888671875,1733.300048828125,1739.75,1709.0,1732.949951171875,4731349
2021-11-12,1564.246337890625,1780.199951171875,1782.8499755859375,1738.050048828125,1743.0,5069009
2021-11-15,1570.3531494140625,1787.1500244140625,1800.0,1775.5,1782.0999755859375,4354074
2021-11-16,1574.878662109375,1792.300048828125,1808.949951171875,1777.0,1790.0,6034233
2021-11-17,1570.6168212890625,1787.449951171875,1802.0,1780.699951171875,1792.550048828125,4732492
2021-11-18,1563.54345703125,1779.4000244140625,1789.449951171875,1759.0,1781.5999755859375,4326924
2021-11-22,1545.9697265625,1759.4000244140625,1785.4000244140625,1751.1500244140625,1784.0,6621839
2021-11-23,1526.19921875,1736.9000244140625,1747.25,1710.0,1735.0999755859375,8436160
2021-11-24,1490.2606201171875,1696.0,1740.5,1688.0,1740.0,7333061
2021-11-25,1513.458251953125,1722.4000244140625,1726.199951171875,1696.949951171875,1700.0,4476260
2021-11-26,1486.4384765625,1691.6500244140625,1718.3499755859375,1684.0,1702.550048828125,4494181
2021-11-29,1490.568115234375,1696.3499755859375,1712.0,1669.1500244140625,1691.0,3942776
2021-11-30,1504.8909912109375,1712.6500244140625,1729.9000244140625,1700.050048828125,1704.550048828125,14808963
2021-12-01,1506.8680419921875,1714.9000244140625,1741.9000244140625,1713.0,1715.0,5193264
2021-12-02,1536.1722412109375,1748.25,1750.5,1711.3499755859375,1715.0,5559574
2021-12-03,1525.0128173828125,1735.550048828125,1786.6500244140625,1732.550048828125,1771.0999755859375,6754012
2021-12-06,1489.6453857421875,1695.300048828125,1733.949951171875,1691.5,1730.0,3991449
2021-12-07,1504.0123291015625,1711.6500244140625,1724.9000244140625,1694.0,1701.0999755859375,4202122
2021-12-08,1540.6536865234375,1753.3499755859375,1759.800048828125,1732.5999755859375,1733.0,3029169
2021-12-09,1549.5283203125,1763.449951171875,1769.4000244140625,1742.0,1759.0,2082171
2021-12-10,1545.8380126953125,1759.25,1763.75,1746.0,1760.0,1823469
2021-12-13,1533.009033203125,1744.6500244140625,1771.3499755859375,1738.800048828125,1767.050048828125,4040584
2021-12-14,1539.59912109375,1752.1500244140625,1763.0,1710.3499755859375,1730.9000244140625,4768144
2021-12-15,1523.8265380859375,1734.199951171875,1747.949951171875,1721.199951171875,1745.0,3053149
2021-12-16,1556.6895751953125,1771.5999755859375,1777.5999755859375,1758.0,1762.6500244140625,4481031
2021-12-17,1599.965087890625,1820.8499755859373,1842.0,1806.75,1820.0,18887243
2021-12-20,1580.677978515625,1798.9000244140625,1829.6500244140625,1787.300048828125,1801.699951171875,5773891
2021-12-21,1591.83740234375,1811.5999755859373,1838.0,1801.0,1801.0,5353584
2021-12-22,1603.3482666015625,1824.699951171875,1829.1500244140625,1812.3499755859373,1825.0,4156428
2021-12-23,1632.257080078125,1857.5999755859373,1861.5999755859373,1827.0,1831.25,4112933
2021-12-24,1637.4415283203125,1863.5,1875.75,1854.0,1872.949951171875,3780347
2021-12-27,1639.769775390625,1866.1500244140625,1874.5,1845.050048828125,1860.0,2647733
2021-12-28,1658.9693603515625,1888.0,1895.9000244140625,1878.4000244140625,1880.699951171875,3340933
2021-12-29,1656.8167724609375,1885.550048828125,1893.800048828125,1876.4000244140625,1883.5,3236635
2021-12-30,1663.231201171875,1892.8499755859373,1909.800048828125,1874.3499755859373,1884.5,4584738
2021-12-31,1658.7496337890625,1887.75,1898.3499755859373,1871.6500244140625,1890.0,4619420
2022-01-03,1668.151611328125,1898.449951171875,1914.050048828125,1887.75,1887.75,3329616
2022-01-04,1668.766845703125,1899.1500244140625,1906.6500244140625,1878.0,1898.449951171875,3921999
2022-01-05,1620.8779296875,1844.6500244140625,1902.9000244140625,1840.0,1900.0,6995719
2022-01-06,1597.28515625,1817.800048828125,1828.0,1800.0,1828.0,6449205
2022-01-07,1594.2099609375,1814.300048828125,1836.0,1806.800048828125,1815.449951171875,4834389
2022-01-10,1626.2381591796875,1850.75,1869.9000244140625,1813.0,1815.0,7857560
2022-01-11,1630.499755859375,1855.5999755859373,1870.0,1850.1500244140625,1855.0,5142287
2022-01-12,1649.698974609375,1877.449951171875,1889.0,1860.0,1868.9000244140625,5362535
2022-01-13,1666.701904296875,1896.800048828125,1912.5,1866.3499755859373,1905.0,14277630
2022-01-14,1695.30322265625,1929.3499755859373,1933.0,1881.0,1882.0,7688506
2022-01-17,1704.22216796875,1939.5,1953.9000244140625,1930.5,1938.550048828125,5262464
2022-01-18,1687.74658203125,1920.75,1945.0,1911.449951171875,1922.0999755859373,3690315
2022-01-19,1640.560791015625,1867.050048828125,1916.0,1862.8499755859373,1916.0,5747770
2022-01-20,1602.4696044921875,1823.699951171875,1848.0,1815.5,1844.0,5533463
2022-01-21,1569.0791015625,1785.699951171875,1808.0,1776.0,1795.0,8252758
2022-01-24,1526.111328125,1736.800048828125,1768.6500244140625,1728.0,1765.0,7116712
2022-01-25,1513.238525390625,1722.1500244140625,1740.0,1700.5,1726.5999755859375,9137653
2022-01-27,1474.97119140625,1678.5999755859375,1709.699951171875,1665.0,1702.0,11231734
2022-01-28,1481.649658203125,1686.199951171875,1727.550048828125,1679.5,1681.0,10998502
2022-01-31,1525.5841064453125,1736.199951171875,1749.5,1715.3499755859375,1718.0,8788872
2022-02-01,1557.0853271484375,1772.050048828125,1780.0,1734.699951171875,1766.0999755859375,5119935
2022-02-02,1570.3094482421875,1787.0999755859375,1792.800048828125,1772.0,1789.0,4253717
2022-02-03,1527.649169921875,1738.550048828125,1779.0,1734.0,1779.0,3832922
2022-02-04,1529.8895263671875,1741.0999755859375,1753.949951171875,1710.1500244140625,1732.0,4700077
2022-02-07,1506.9556884765625,1715.0,1732.0,1695.4000244140625,1722.199951171875,4310209
2022-02-08,1508.976806640625,1717.300048828125,1725.0,1696.0,1710.0,6053401
2022-02-09,1526.5506591796875,1737.300048828125,1743.0,1725.0,1735.0,3867244
2022-02-10,1554.9322509765625,1769.5999755859375,1773.9000244140625,1748.75,1755.6500244140625,4334630
2022-02-11,1512.5355224609375,1721.3499755859375,1745.949951171875,1713.0,1740.0,7551371
2022-02-14,1478.1346435546875,1682.199951171875,1718.550048828125,1678.25,1690.0,7459637
2022-02-15,1527.385498046875,1738.25,1746.75,1690.449951171875,1699.0,4669915
2022-02-16,1523.035888671875,1733.300048828125,1755.449951171875,1726.8499755859375,1738.25,5350642
2022-02-17,1515.5670166015625,1724.800048828125,1749.0,1720.300048828125,1744.0,3937950
2022-02-18,1499.8822021484375,1706.949951171875,1722.5,1703.5,1710.0,5602215
2022-02-21,1520.7510986328125,1730.699951171875,1737.300048828125,1691.5,1701.0,5120890
2022-02-22,1523.9583740234375,1734.3499755859375,1751.0,1691.050048828125,1699.9000244140625,8878515
2022-02-23,1531.42724609375,1742.8499755859375,1758.25,1733.4000244140625,1750.0,5478811
2022-02-24,1474.575927734375,1678.1500244140625,1714.949951171875,1670.5,1690.0999755859375,13592379
2022-02-25,1489.0303955078125,1694.5999755859375,1728.1500244140625,1677.0,1715.0,9737281
2022-02-28,1507.4830322265625,1715.5999755859375,1728.050048828125,1665.0,1682.199951171875,15076542
2022-03-02,1496.23583984375,1702.800048828125,1714.4000244140625,1691.0,1710.0,6771489
2022-03-03,1512.095947265625,1720.8499755859375,1733.9000244140625,1705.550048828125,1720.199951171875,7344147
2022-03-04,1514.248779296875,1723.300048828125,1736.0,1681.0,1695.25,9074499
2022-03-07,1528.791259765625,1739.8499755859375,1751.0,1696.0,1697.0,9742588
2022-03-08,1562.4891357421875,1778.199951171875,1800.0,1718.449951171875,1718.449951171875,10984500
2022-03-09,1593.375,1813.3499755859373,1831.5999755859373,1791.0,1791.0,10193515
2022-03-10,1604.40283203125,1825.9000244140625,1844.75,1810.199951171875,1844.75,6547182
2022-03-11,1600.9759521484375,1822.0,1831.4000244140625,1811.0,1814.0,4758657
2022-03-14,1661.3416748046875,1890.699951171875,1895.0,1831.550048828125,1831.550048828125,10289724
2022-03-15,1616.17724609375,1839.300048828125,1888.3499755859373,1830.0,1888.3499755859373,7140443
2022-03-16,1660.19970703125,1889.4000244140625,1893.949951171875,1849.0,1865.0,5233979
2022-03-17,1629.6212158203125,1854.5999755859373,1923.300048828125,1833.050048828125,1923.300048828125,17731459
2022-03-21,1628.2591552734375,1853.050048828125,1886.9000244140625,1841.0999755859373,1861.0,8362085
2022-03-22,1658.442138671875,1887.4000244140625,1890.0,1839.0,1850.0,5709382
2022-03-23,1645.26171875,1872.4000244140625,1900.0,1857.0,1897.0,6192824
2022-03-24,1657.826904296875,1886.699951171875,1894.5999755859373,1856.1500244140625,1856.1500244140625,3784303
2022-03-25,1648.9083251953125,1876.550048828125,1894.0,1858.0,1892.0,3438588
2022-03-28,1646.579833984375,1873.9000244140625,1880.9000244140625,1852.6500244140625,1866.0,4008555
2022-03-29,1657.2120361328125,1886.0,1889.4000244140625,1860.550048828125,1873.9000244140625,3917785
2022-03-30,1672.984375,1903.949951171875,1919.0,1895.0,1910.0,7795839
2022-03-31,1675.5325927734375,1906.8499755859373,1913.0,1894.199951171875,1900.0,5399145
2022-04-01,1672.6329345703125,1903.550048828125,1910.300048828125,1878.300048828125,1886.8499755859373,6171518
2022-04-04,1654.531982421875,1882.949951171875,1893.0,1873.0,1889.75,7364074
2022-04-05,1635.33251953125,1861.0999755859373,1889.5999755859373,1857.1500244140625,1883.800048828125,5472024
2022-04-06,1606.9947509765625,1828.8499755859373,1857.5,1822.1500244140625,1855.0,5407453
2022-04-07,1591.3101806640625,1811.0,1828.1500244140625,1807.550048828125,1821.050048828125,5797544
2022-04-08,1594.473388671875,1814.5999755859373,1838.0,1808.0,1823.0,5131446
2022-04-11,1552.25244140625,1766.550048828125,1814.0,1762.550048828125,1814.0,8248407
2022-04-12,1531.075927734375,1742.449951171875,1757.5,1727.75,1757.5,6456184
2022-04-13,1536.435791015625,1748.550048828125,1757.5,1732.0,1754.949951171875,6257693
2022-04-18,1424.7103271484375,1621.4000244140625,1650.0,1590.0,1605.5,30523965
2022-04-19,1372.51611328125,1562.0,1636.6500244140625,1550.0,1636.6500244140625,17044923
2022-04-20,1395.0982666015625,1587.699951171875,1596.300048828125,1563.0,1575.0,10678747
2022-04-21,1422.42578125,1618.800048828125,1627.199951171875,1589.25,1595.0,7766514
2022-04-22,1393.121337890625,1585.449951171875,1610.699951171875,1582.4000244140625,1604.3499755859375,8134245
2022-04-25,1371.72509765625,1561.0999755859375,1572.800048828125,1554.0999755859375,1572.800048828125,7000570
2022-04-26,1389.2110595703125,1581.0,1592.0,1566.550048828125,1577.199951171875,5345435
2022-04-27,1364.4320068359375,1552.800048828125,1572.75,1550.3499755859375,1572.75,8819356
2022-04-28,1390.6170654296875,1582.5999755859375,1601.800048828125,1557.449951171875,1570.0,9245177
2022-04-29,1377.3927001953125,1567.550048828125,1597.300048828125,1560.800048828125,1590.0,9831395
2022-05-02,1354.0634765625,1541.0,1552.75,1531.0,1550.9000244140625,7072627
2022-05-04,1349.274658203125,1535.550048828125,1570.0,1530.1500244140625,1547.25,6220959
2022-05-05,1392.857666015625,1585.1500244140625,1589.4000244140625,1557.449951171875,1560.050048828125,6144870
2022-05-06,1355.689208984375,1542.8499755859375,1561.8499755859375,1535.050048828125,1550.0,6171472
2022-05-09,1379.85302734375,1570.3499755859375,1586.800048828125,1522.1500244140625,1540.0,6832202
2022-05-10,1364.60791015625,1553.0,1569.1500244140625,1546.050048828125,1558.0,6212545
2022-05-11,1341.542236328125,1526.75,1549.949951171875,1511.5999755859375,1549.949951171875,7846080
2022-05-12,1325.7696533203125,1508.800048828125,1527.5,1504.300048828125,1514.0,7034979
2022-05-13,1321.9033203125,1504.4000244140625,1529.25,1498.0999755859375,1519.300048828125,6723761
2022-05-16,1308.4593505859375,1489.0999755859375,1511.8499755859375,1478.6500244140625,1510.0,6145331
2022-05-17,1334.2490234375,1518.449951171875,1525.0,1480.9000244140625,1494.9000244140625,6516378
2022-05-18,1326.1209716796875,1509.199951171875,1549.699951171875,1505.300048828125,1522.0,6594126
2022-05-19,1254.0244140625,1427.1500244140625,1484.699951171875,1417.6500244140625,1481.0,16561140
2022-05-20,1278.6278076171875,1455.1500244140625,1466.75,1446.699951171875,1453.0,10488908
2022-05-23,1290.2703857421875,1468.4000244140625,1488.0,1450.050048828125,1455.0999755859375,5887569
2022-05-24,1266.1943359375,1441.0,1469.550048828125,1435.25,1468.5999755859375,5693167
2022-05-25,1239.35009765625,1410.449951171875,1442.5,1399.25,1435.0,9630092
2022-05-26,1251.2125244140625,1423.949951171875,1430.0,1407.050048828125,1418.0,13040065
2022-05-27,1284.07568359375,1461.3499755859375,1467.0,1437.4000244140625,1443.949951171875,8284860
2022-05-30,1341.586181640625,1526.800048828125,1530.0,1485.0,1487.0,10904213
2022-05-31,1335.1925048828125,1503.5999755859375,1518.0,1488.1500244140625,1510.699951171875,16033857
2022-06-01,1312.9482421875,1478.550048828125,1514.75,1472.0999755859375,1513.0,8738508
2022-06-02,1339.0997314453125,1508.0,1513.8499755859375,1475.5999755859375,1484.0,7205840
2022-06-03,1351.26513671875,1521.699951171875,1555.0,1518.0,1524.9000244140625,9395707
2022-06-06,1358.6800537109375,1530.050048828125,1536.5999755859375,1493.0,1516.0,6624883
2022-06-07,1337.9451904296875,1506.699951171875,1519.8499755859375,1502.5999755859375,1519.8499755859375,4904592
2022-06-08,1331.99560546875,1500.0,1520.199951171875,1492.0,1520.199951171875,4697608
2022-06-09,1345.3155517578125,1515.0,1516.949951171875,1481.5,1485.0,4361061
2022-06-10,1311.39404296875,1476.800048828125,1493.949951171875,1473.5999755859375,1486.0999755859375,6516436
2022-06-13,1264.951904296875,1424.5,1443.5999755859375,1411.699951171875,1443.5999755859375,6987685
2022-06-14,1279.2042236328125,1440.550048828125,1448.9000244140625,1403.1500244140625,1410.0,6090247
2022-06-15,1262.9095458984375,1422.199951171875,1446.4000244140625,1418.8499755859375,1440.199951171875,4651958
2022-06-16,1240.70947265625,1397.199951171875,1443.75,1392.0,1438.0,6641772
2022-06-17,1231.918212890625,1387.300048828125,1396.949951171875,1367.1500244140625,1391.050048828125,9692047
2022-06-20,1255.7611083984375,1414.1500244140625,1422.3499755859375,1382.0,1390.050048828125,4595194
2022-06-21,1287.507080078125,1449.9000244140625,1456.0,1422.75,1424.0,6270787
2022-06-22,1276.27392578125,1437.25,1459.5999755859375,1435.0,1436.050048828125,6253366
2022-06-23,1289.7713623046875,1452.449951171875,1458.0,1433.0,1439.800048828125,6254281
2022-06-24,1279.692626953125,1441.0999755859375,1467.5,1428.9000244140625,1458.0,6114340
2022-06-27,1309.440673828125,1474.5999755859375,1484.0,1465.1500244140625,1468.050048828125,4511097
2022-06-28,1314.369140625,1480.1500244140625,1488.25,1453.0,1469.0,4412178
2022-06-29,1299.3619384765625,1463.25,1477.0,1457.0,1464.699951171875,5060038
2022-06-30,1298.1630859375,1461.9000244140625,1482.0,1455.0,1465.050048828125,9165177
2022-07-01,1313.7030029296875,1479.4000244140625,1485.0,1442.3499755859375,1454.0,4651635
2022-07-04,1321.33984375,1488.0,1492.25,1462.0,1480.25,4800224
2022-07-05,1310.639404296875,1475.949951171875,1509.949951171875,1472.0,1498.800048828125,7379669
2022-07-06,1324.5809326171875,1491.6500244140625,1500.0,1470.0,1482.199951171875,5209162
2022-07-07,1330.84130859375,1498.699951171875,1513.949951171875,1495.699951171875,1503.050048828125,3323472
2022-07-08,1344.8270263671875,1514.449951171875,1516.949951171875,1499.949951171875,1515.0,3652582
2022-07-11,1308.15283203125,1473.1500244140625,1499.9000244140625,1466.4000244140625,1495.0,4702638
2022-07-12,1277.4727783203125,1438.5999755859375,1468.5999755859375,1436.0,1461.800048828125,4710356
2022-07-13,1282.667236328125,1444.449951171875,1460.0,1438.5999755859375,1450.0,5264025
2022-07-14,1268.814697265625,1428.8499755859375,1452.949951171875,1414.0,1451.0,6157606
2022-07-15,1270.146728515625,1430.3499755859375,1446.0,1410.6500244140625,1446.0,5620018
2022-07-18,1323.0269775390625,1489.9000244140625,1493.5999755859375,1448.050048828125,1450.0,5835171
2022-07-19,1317.9210205078125,1484.1500244140625,1486.8499755859375,1470.0999755859375,1471.550048828125,3418540
2022-07-20,1345.58203125,1515.300048828125,1525.800048828125,1500.0,1501.25,5079392
2022-07-21,1361.2108154296875,1532.9000244140625,1535.449951171875,1503.0999755859375,1517.0,5008061
2022-07-22,1337.5902099609375,1506.300048828125,1540.0,1492.1500244140625,1534.0,7020642
2022-07-25,1335.1925048828125,1503.5999755859375,1517.1500244140625,1480.0999755859375,1480.0999755859375,7859626
2022-07-26,1288.6170654296875,1451.1500244140625,1496.6500244140625,1445.0,1496.6500244140625,7268273
2022-07-27,1306.2880859375,1471.050048828125,1473.0,1445.0,1451.0,4517285
2022-07-28,1347.44677734375,1517.4000244140625,1524.449951171875,1489.8499755859375,1496.4000244140625,6636841
2022-07-29,1376.129150390625,1549.699951171875,1555.699951171875,1528.0,1532.800048828125,7009465
2022-08-01,1377.3280029296875,1551.050048828125,1564.0,1537.9000244140625,1564.0,2983249
2022-08-02,1370.7122802734375,1543.5999755859375,1547.0,1528.3499755859375,1546.550048828125,4374635
2022-08-03,1390.6922607421875,1566.0999755859375,1570.0,1539.9000244140625,1549.0,6011955
2022-08-04,1420.70654296875,1599.9000244140625,1603.8499755859375,1574.949951171875,1587.5,7402209
2022-08-05,1435.580810546875,1616.6500244140625,1625.699951171875,1602.300048828125,1608.4000244140625,5361971
2022-08-08,1438.0225830078125,1619.4000244140625,1622.0,1596.0,1617.0,3763409
2022-08-10,1422.970947265625,1602.449951171875,1621.199951171875,1588.0999755859375,1621.199951171875,4423829
2022-08-11,1438.5108642578125,1619.949951171875,1631.3499755859375,1616.0,1630.0,3462090
2022-08-12,1415.5562744140625,1594.0999755859375,1614.0,1590.1500244140625,1613.300048828125,3562286
2022-08-16,1417.6429443359375,1596.449951171875,1609.0,1591.0999755859375,1609.0,3004430
2022-08-17,1426.345458984375,1606.25,1612.0,1585.0,1596.449951171875,4067324
2022-08-18,1405.655029296875,1582.949951171875,1598.199951171875,1574.0,1594.0999755859375,4635706
2022-08-19,1418.2200927734375,1597.0999755859375,1604.9000244140625,1585.0999755859375,1585.300048828125,4739884
2022-08-22,1399.1728515625,1575.6500244140625,1599.0,1574.0,1586.0,3950555
2022-08-23,1369.646728515625,1542.4000244140625,1554.5,1533.0,1548.0,5551574
2022-08-24,1365.2955322265625,1537.5,1546.0,1531.0,1535.0,2888426
2022-08-25,1348.11279296875,1518.1500244140625,1548.699951171875,1513.75,1548.0,4331088
2022-08-26,1351.1319580078125,1521.550048828125,1544.949951171875,1517.449951171875,1535.1500244140625,3079136
2022-08-29,1298.030029296875,1461.75,1468.550048828125,1450.0,1468.550048828125,8079050
2022-08-30,1325.7352294921875,1492.949951171875,1496.0999755859375,1466.0,1473.0999755859375,6725875
2022-09-01,1300.205322265625,1464.199951171875,1468.0999755859375,1451.050048828125,1460.050048828125,8140604
2022-09-02,1290.2598876953125,1453.0,1478.0,1448.0,1478.0,5175653
2022-09-05,1297.6302490234375,1461.300048828125,1467.0,1446.3499755859375,1451.0,3669352
2022-09-06,1292.1246337890625,1455.0999755859375,1470.0,1445.449951171875,1461.300048828125,3428442
2022-09-07,1294.3890380859375,1457.6500244140625,1465.75,1438.050048828125,1440.0,3600574
2022-09-08,1310.594970703125,1475.9000244140625,1481.0999755859375,1463.5999755859375,1475.0,4061475
2022-09-09,1342.3408203125,1511.6500244140625,1520.0,1480.0,1488.0,4816910
2022-09-12,1364.1412353515625,1536.199951171875,1545.9000244140625,1521.1500244140625,1525.800048828125,5494819
2022-09-13,1371.9110107421875,1544.949951171875,1553.0,1541.300048828125,1551.9000244140625,4947158
2022-09-14,1310.1510009765625,1475.4000244140625,1498.949951171875,1472.0,1497.0,14332197
2022-09-15,1272.322265625,1432.800048828125,1475.199951171875,1429.050048828125,1475.0,12784100
2022-09-16,1222.81640625,1377.050048828125,1425.0,1368.3499755859375,1425.0,20464045
2022-09-19,1234.5823974609375,1390.300048828125,1406.0,1380.5999755859375,1392.0,6595241
2022-09-20,1233.028564453125,1388.550048828125,1413.550048828125,1385.0999755859375,1407.949951171875,7219797
2022-09-21,1222.994140625,1377.25,1388.800048828125,1368.4000244140625,1379.9000244140625,7917054
2022-09-22,1214.7357177734375,1367.949951171875,1383.949951171875,1360.0,1366.3499755859375,9168498
2022-09-23,1212.515625,1365.449951171875,1394.800048828125,1362.0,1367.5,10426200
2022-09-26,1225.6580810546875,1380.25,1399.449951171875,1355.0,1360.0,9414587
2022-09-27,1237.4683837890625,1393.550048828125,1406.5,1378.0,1393.449951171875,8561254
2022-09-28,1238.489501953125,1394.699951171875,1405.8499755859375,1377.0,1379.0,7022098
2022-09-29,1241.9971923828125,1398.6500244140625,1409.8499755859375,1393.0,1404.9000244140625,6119965
2022-09-30,1255.1395263671875,1413.449951171875,1419.300048828125,1376.0,1388.949951171875,8120130
2022-10-03,1237.6461181640625,1393.75,1412.0,1386.0,1412.0,4943169
2022-10-04,1269.3031005859375,1429.4000244140625,1432.25,1414.0,1419.699951171875,6631341
2022-10-06,1292.1690673828125,1455.1500244140625,1459.800048828125,1444.0999755859375,1445.0,6180672
2022-10-07,1288.66162109375,1451.199951171875,1457.8499755859375,1440.1500244140625,1446.3499755859375,3994466
2022-10-10,1298.8289794921875,1462.6500244140625,1465.0,1426.3499755859375,1426.3499755859375,5274677
2022-10-11,1264.330322265625,1423.800048828125,1479.6500244140625,1420.0999755859375,1462.6500244140625,12824774
2022-10-12,1268.681640625,1428.699951171875,1441.0999755859375,1413.550048828125,1437.0,5481467
2022-10-13,1260.8671875,1419.9000244140625,1437.949951171875,1415.0,1431.0,4821514
2022-10-14,1309.129638671875,1474.25,1494.0,1467.25,1485.0,14990688
2022-10-17,1323.0712890625,1489.949951171875,1495.0,1475.5,1476.9000244140625,4286396
2022-10-18,1335.2811279296875,1503.699951171875,1510.949951171875,1497.25,1510.0,4692004
2022-10-19,1319.075439453125,1485.449951171875,1504.949951171875,1481.300048828125,1504.0,3553171
2022-10-20,1332.794921875,1500.9000244140625,1504.0,1474.199951171875,1475.0,4583939
2022-10-21,1332.4395751953125,1500.5,1506.0,1491.3499755859375,1500.300048828125,3594485
2022-10-24,1347.846435546875,1517.8499755859375,1521.800048828125,1511.0,1518.5,982837
2022-10-25,1355.35009765625,1526.300048828125,1532.9000244140625,1521.050048828125,1528.0999755859375,3914341
2022-10-27,1368.0523681640625,1523.949951171875,1534.9000244140625,1512.5,1530.800048828125,6760137
2022-10-28,1358.447021484375,1513.25,1527.949951171875,1507.0,1526.0,3053981
2022-10-31,1380.35107421875,1537.6500244140625,1546.4000244140625,1530.25,1530.25,4542336
2022-11-01,1412.0848388671875,1573.0,1575.0,1547.0999755859375,1553.050048828125,4542692
2022-11-02,1394.4000244140625,1553.300048828125,1572.75,1545.0,1572.0,2938906
2022-11-03,1374.1568603515625,1530.75,1543.9000244140625,1521.6500244140625,1538.75,3174027
2022-11-04,1359.120361328125,1514.0,1520.449951171875,1501.1500244140625,1520.449951171875,4509682
2022-11-07,1353.240234375,1507.449951171875,1527.9000244140625,1491.0999755859375,1521.4000244140625,4898592
2022-11-09,1356.6068115234375,1511.199951171875,1529.0,1501.0999755859375,1529.0,3334755
2022-11-10,1348.302978515625,1501.949951171875,1512.0,1485.0,1485.0,3435763
2022-11-11,1409.4815673828125,1570.0999755859375,1573.5,1546.6500244140625,1546.6500244140625,7214098
2022-11-14,1423.12646484375,1585.300048828125,1591.4000244140625,1568.449951171875,1575.1500244140625,4908813
2022-11-15,1430.9365234375,1594.0,1597.8499755859375,1572.75,1577.8499755859375,3497614
2022-11-16,1438.8363037109375,1602.800048828125,1609.0,1593.5,1597.1500244140625,4497697
2022-11-17,1425.01171875,1587.4000244140625,1602.800048828125,1582.949951171875,1597.199951171875,3469515
2022-11-18,1430.397705078125,1593.4000244140625,1598.0,1575.5,1591.699951171875,3126064
2022-11-21,1407.775634765625,1568.199951171875,1587.8499755859375,1564.050048828125,1582.0999755859375,3071764
2022-11-22,1422.9019775390625,1585.050048828125,1588.0,1562.0,1569.0,3399329
2022-11-23,1421.196533203125,1583.1500244140625,1592.0,1579.300048828125,1588.9000244140625,3245067
2022-11-24,1463.0743408203125,1629.800048828125,1636.0,1584.75,1589.0,5282215
2022-11-25,1468.32568359375,1635.6500244140625,1644.0,1613.800048828125,1631.4000244140625,4563255
2022-11-28,1457.3289794921875,1623.4000244140625,1653.5,1620.0,1628.0,3825766
2022-11-29,1462.401123046875,1629.050048828125,1638.75,1615.050048828125,1621.199951171875,3131710
2022-11-30,1467.6973876953125,1634.949951171875,1645.75,1613.1500244140625,1619.949951171875,11868134
2022-12-01,1487.581298828125,1657.0999755859375,1672.5999755859375,1652.300048828125,1656.199951171875,5407928
2022-12-02,1470.3455810546875,1637.9000244140625,1661.800048828125,1633.949951171875,1656.0,4283343
2022-12-05,1472.00634765625,1639.75,1644.8499755859375,1623.300048828125,1638.0,3824966
2022-12-06,1447.9029541015625,1612.9000244140625,1626.0,1607.550048828125,1625.0,4822398
2022-12-07,1441.26025390625,1605.5,1623.800048828125,1596.699951171875,1608.0,4898087
2022-12-08,1454.411376953125,1620.1500244140625,1623.9000244140625,1598.5,1605.5,4206837
2022-12-09,1408.7633056640625,1569.300048828125,1628.0,1561.0999755859375,1628.0,8880658
2022-12-12,1388.9239501953125,1547.199951171875,1565.949951171875,1530.050048828125,1550.0,8037679
2022-12-13,1411.3218994140625,1572.1500244140625,1577.5,1541.1500244140625,1547.199951171875,6135067
2022-12-14,1417.830078125,1579.4000244140625,1588.5,1573.0,1582.0,4976020
2022-12-15,1382.909423828125,1540.5,1570.0,1535.25,1569.300048828125,6443866
2022-12-16,1366.4815673828125,1522.199951171875,1549.5,1512.050048828125,1525.0,9630453
2022-12-19,1353.150634765625,1507.3499755859375,1516.9000244140625,1495.050048828125,1507.949951171875,6222740
2022-12-20,1353.1058349609375,1507.300048828125,1516.0,1482.449951171875,1501.0,7396259
2022-12-21,1355.12548828125,1509.550048828125,1521.0,1502.3499755859375,1515.0,6236361
2022-12-22,1366.346923828125,1522.050048828125,1529.949951171875,1511.75,1521.5,6302640
2022-12-23,1343.948974609375,1497.0999755859375,1509.9000244140625,1493.0,1508.699951171875,6283822
2022-12-26,1348.70703125,1502.4000244140625,1509.9000244140625,1496.3499755859375,1500.5,4115459
2022-12-27,1359.8834228515625,1514.8499755859375,1521.449951171875,1497.5,1509.949951171875,4860076
2022-12-28,1355.6640625,1510.1500244140625,1524.949951171875,1498.5,1505.0999755859375,5029860
2022-12-29,1362.30712890625,1517.550048828125,1521.300048828125,1501.0,1504.0,4624745
2022-12-30,1353.91357421875,1508.199951171875,1530.4000244140625,1504.050048828125,1528.0,5060544
2023-01-02,1368.0972900390625,1524.0,1526.5,1504.050048828125,1514.0,3801140
2023-01-03,1366.7957763671875,1522.550048828125,1532.6500244140625,1515.0999755859375,1519.8499755859375,4551130
2023-01-04,1341.8843994140625,1494.800048828125,1521.0,1491.0999755859375,1521.0,7059590
2023-01-05,1324.289306640625,1475.199951171875,1505.9000244140625,1469.25,1505.9000244140625,9868404
2023-01-06,1300.32080078125,1448.5,1475.0,1446.5,1470.0,6443714
2023-01-09,1332.59326171875,1484.449951171875,1489.3499755859375,1448.199951171875,1448.199951171875,11498717
2023-01-10,1319.39697265625,1469.75,1483.9000244140625,1454.050048828125,1482.0,7158624
2023-01-11,1320.7435302734375,1471.25,1494.0,1464.0,1470.0,6173092
2023-01-12,1329.1373291015625,1480.5999755859375,1485.0,1455.0,1481.949951171875,6591385
2023-01-13,1349.8292236328125,1503.6500244140625,1519.4000244140625,1468.0,1483.5,11610426
2023-01-16,1369.4439697265625,1525.5,1528.0,1502.300048828125,1510.0,6073063
2023-01-17,1382.01171875,1539.5,1542.199951171875,1524.0,1527.0,5922644
2023-01-18,1387.3082275390625,1545.4000244140625,1551.8499755859375,1539.5999755859375,1544.75,5843098
2023-01-19,1381.47314453125,1538.9000244140625,1549.550048828125,1526.1500244140625,1539.9000244140625,6165284
2023-01-20,1369.4888916015625,1525.550048828125,1545.0,1524.0,1538.0,6496429
2023-01-23,1389.6422119140625,1548.0,1553.300048828125,1528.0999755859375,1535.0,4855020
2023-01-24,1393.14306640625,1551.9000244140625,1568.800048828125,1549.75,1560.0,5200802
2023-01-25,1385.15380859375,1543.0,1556.0,1538.75,1547.0,4158617
2023-01-27,1363.7435302734375,1519.1500244140625,1550.949951171875,1507.4000244140625,1546.0,6209955
2023-01-30,1381.383544921875,1538.800048828125,1544.0,1520.0,1528.800048828125,6964719
2023-01-31,1376.8499755859375,1533.75,1548.9000244140625,1513.0,1548.9000244140625,9448126
2023-02-01,1392.425048828125,1551.0999755859375,1555.050048828125,1528.050048828125,1542.199951171875,6194199
2023-02-02,1421.7349853515625,1583.75,1586.949951171875,1552.0,1552.0,6916834
2023-02-03,1435.7841796875,1599.4000244140625,1604.6500244140625,1573.0,1597.5,7040194
2023-02-06,1409.2568359375,1569.8499755859375,1598.0,1561.5999755859375,1598.0,4570612
2023-02-07,1402.5692138671875,1562.4000244140625,1576.050048828125,1555.0999755859375,1569.0,4336238
2023-02-08,1427.7945556640625,1590.5,1603.0,1565.5,1565.5,7983338
2023-02-09,1451.58349609375,1617.0,1619.75,1586.050048828125,1596.199951171875,6904911
2023-02-10,1443.9979248046875,1608.550048828125,1616.300048828125,1596.449951171875,1612.949951171875,4786762
2023-02-13,1407.1024169921875,1567.449951171875,1597.0,1566.0,1597.0,4001199
2023-02-14,1430.2630615234375,1593.25,1596.0,1578.1500244140625,1584.699951171875,5043736
2023-02-15,1433.6744384765625,1597.050048828125,1599.0,1576.0,1584.0,3465747
2023-02-16,1437.9385986328125,1601.800048828125,1614.449951171875,1597.8499755859375,1600.0,4290289
2023-02-17,1421.7799072265625,1583.800048828125,1595.0,1575.5,1594.0,2857734
2023-02-20,1429.544921875,1592.449951171875,1603.0,1582.5,1584.949951171875,2417716
2023-02-21,1417.919677734375,1579.5,1601.6500244140625,1576.0,1598.699951171875,2723288
2023-02-22,1402.030517578125,1561.800048828125,1575.0,1555.300048828125,1563.0,3656244
2023-02-23,1392.06591796875,1550.699951171875,1569.8499755859375,1548.1500244140625,1569.8499755859375,4766854
2023-02-24,1392.021240234375,1550.6500244140625,1569.0,1545.0,1560.0,2790986
2023-02-27,1354.901123046875,1509.300048828125,1540.0,1502.0,1540.0,4920268
2023-02-28,1335.3760986328125,1487.550048828125,1524.0,1481.300048828125,1515.5999755859375,9679811
2023-03-01,1343.0067138671875,1496.050048828125,1500.8499755859375,1481.5,1492.4000244140625,5125043
2023-03-02,1321.5516357421875,1472.1500244140625,1488.5999755859375,1467.300048828125,1485.0,4644499
2023-03-03,1327.9700927734375,1479.300048828125,1489.800048828125,1473.0,1486.75,4615015
2023-03-06,1353.240234375,1507.449951171875,1520.4000244140625,1493.1500244140625,1494.550048828125,6561742
2023-03-08,1339.999267578125,1492.699951171875,1496.0,1481.0999755859375,1490.550048828125,4137080
2023-03-09,1328.95751953125,1480.4000244140625,1498.3499755859375,1474.5999755859375,1495.0,5104656
2023-03-10,1321.012939453125,1471.550048828125,1474.300048828125,1457.6500244140625,1460.0,3699580
2023-03-13,1288.2916259765625,1435.0999755859375,1478.300048828125,1428.0,1464.199951171875,8798403
2023-03-14,1274.7364501953125,1420.0,1448.3499755859375,1411.0,1441.0,7402784
2023-03-15,1274.42236328125,1419.6500244140625,1442.8499755859375,1416.8499755859375,1438.0,7556182
2023-03-16,1260.462890625,1404.0999755859375,1417.800048828125,1398.699951171875,1417.800048828125,7323117
2023-03-17,1275.3646240234375,1420.699951171875,1442.9000244140625,1411.4000244140625,1430.0,9090018
2023-03-20,1260.0592041015625,1403.6500244140625,1419.699951171875,1384.8499755859375,1419.699951171875,8221829
2023-03-21,1248.43359375,1390.699951171875,1405.0,1390.0,1399.0,8536755
2023-03-22,1247.132080078125,1389.25,1407.25,1382.1500244140625,1403.0,8356487
2023-03-23,1233.93603515625,1374.550048828125,1383.949951171875,1370.0,1383.949951171875,7607718
2023-03-24,1239.4117431640625,1380.6500244140625,1398.949951171875,1377.5,1388.0,7559127
2023-03-27,1246.8626708984375,1388.949951171875,1395.75,1374.0999755859375,1386.25,4170193
2023-03-28,1236.6737060546875,1377.5999755859375,1398.0,1375.8499755859375,1392.0999755859375,6633366
2023-03-29,1242.01513671875,1383.550048828125,1389.9000244140625,1364.550048828125,1379.0,8813966
2023-03-31,1281.873046875,1427.949951171875,1429.949951171875,1393.9000244140625,1404.0,8711975
2023-04-03,1266.5223388671875,1410.8499755859375,1435.0,1405.1500244140625,1435.0,5242764
2023-04-05,1277.92333984375,1423.550048828125,1427.5,1400.0,1400.0,7506334
2023-04-06,1276.4420166015625,1421.9000244140625,1428.4000244140625,1410.3499755859375,1416.0,6948465
2023-04-10,1281.5589599609375,1427.5999755859375,1434.0,1415.0,1423.949951171875,4993788
2023-04-11,1262.3031005859375,1406.1500244140625,1433.3499755859375,1389.0,1428.9000244140625,6942255
2023-04-12,1282.1873779296875,1428.300048828125,1431.5,1400.0,1413.050048828125,5831169
2023-04-13,1247.087158203125,1389.199951171875,1411.050048828125,1383.0,1409.75,11267238
2023-04-17,1129.5780029296875,1258.300048828125,1261.1500244140625,1185.300048828125,1250.300048828125,53171705
2023-04-18,1130.520751953125,1259.3499755859375,1269.949951171875,1253.0999755859375,1269.949951171875,12430884
2023-04-19,1106.14794921875,1232.199951171875,1254.3499755859375,1229.4000244140625,1254.3499755859375,11307230
2023-04-20,1098.2481689453125,1223.4000244140625,1237.8499755859375,1221.4000244140625,1230.699951171875,8621249
2023-04-21,1101.794189453125,1227.3499755859375,1233.25,1220.0,1228.0999755859375,8691352
2023-04-24,1100.8515625,1226.300048828125,1230.0,1218.0,1228.0,8313774
2023-04-25,1099.5948486328125,1224.9000244140625,1235.5,1215.0,1225.949951171875,6808576
2023-04-26,1101.9737548828125,1227.550048828125,1233.0,1220.550048828125,1228.0,5680192
2023-04-27,1118.7606201171875,1246.25,1247.800048828125,1225.4000244140625,1230.0,8020704
2023-04-28,1124.595703125,1252.75,1259.0,1244.949951171875,1255.699951171875,10118277
2023-05-02,1146.7689208984375,1277.449951171875,1279.75,1254.550048828125,1254.550048828125,8886401
2023-05-03,1139.318115234375,1269.1500244140625,1272.5,1262.0999755859375,1266.0,5549783
2023-05-04,1143.267822265625,1273.550048828125,1275.800048828125,1262.5,1268.949951171875,4505401
2023-05-05,1130.296142578125,1259.0999755859375,1279.0,1254.25,1279.0,5373791
2023-05-08,1136.1312255859375,1265.5999755859375,1270.300048828125,1255.199951171875,1262.449951171875,5260842
2023-05-09,1140.70947265625,1270.699951171875,1272.0,1260.699951171875,1266.0,4969897
2023-05-10,1134.021728515625,1263.25,1276.4000244140625,1259.1500244140625,1276.4000244140625,6515734
2023-05-11,1127.60302734375,1256.0999755859375,1275.9000244140625,1253.050048828125,1270.25,6888461
2023-05-12,1117.8179931640625,1245.199951171875,1256.0,1239.050048828125,1253.3499755859375,8292212
2023-05-15,1129.622802734375,1258.3499755859375,1268.9000244140625,1245.6500244140625,1249.9000244140625,5534710
2023-05-16,1134.9642333984375,1264.300048828125,1273.949951171875,1262.75,1265.0,5236469
2023-05-17,1119.34423828125,1246.9000244140625,1260.949951171875,1242.449951171875,1260.5999755859375,10465667
2023-05-18,1118.5361328125,1246.0,1259.6500244140625,1242.449951171875,1258.5999755859375,6948732
2023-05-19,1139.093505859375,1268.9000244140625,1273.300048828125,1252.800048828125,1256.050048828125,11094136
2023-05-22,1160.5487060546875,1292.800048828125,1295.5999755859375,1270.25,1272.949951171875,7625947
2023-05-23,1167.0570068359375,1300.050048828125,1314.1500244140625,1297.050048828125,1299.199951171875,7436031
2023-05-24,1165.80029296875,1298.6500244140625,1305.0,1291.300048828125,1296.300048828125,4824077
2023-05-25,1170.9169921875,1304.3499755859375,1307.0,1289.25,1294.5,4334121
2023-05-26,1182.677001953125,1317.449951171875,1323.449951171875,1306.0,1306.0,5521606
2023-05-29,1179.93896484375,1314.4000244140625,1332.699951171875,1309.8499755859375,1332.699951171875,4419365
2023-05-30,1188.4224853515625,1323.8499755859375,1326.4000244140625,1309.1500244140625,1315.0,6274719
2023-05-31,1183.440185546875,1318.300048828125,1331.0999755859375,1314.1500244140625,1319.8499755859375,17800782
2023-06-01,1184.517333984375,1319.5,1329.5,1318.0999755859375,1322.550048828125,4277841
2023-06-02,1181.7880859375,1299.0,1312.9000244140625,1296.050048828125,1309.0,10909311
2023-06-05,1186.7918701171875,1304.5,1309.449951171875,1297.300048828125,1304.0,5002553
2023-06-06,1163.5927734375,1279.0,1288.5999755859375,1273.0,1288.5999755859375,10008100
2023-06-07,1172.6448974609375,1288.949951171875,1294.0,1282.5,1290.5,5397578
2023-06-08,1167.0499267578125,1282.800048828125,1292.0,1281.0999755859375,1286.199951171875,5034942
2023-06-09,1151.7200927734375,1265.949951171875,1282.5,1264.0,1282.5,5339073
2023-06-12,1175.3741455078125,1291.949951171875,1295.699951171875,1273.0,1273.5,4785588
2023-06-13,1187.110107421875,1304.8499755859375,1306.5,1297.050048828125,1299.9000244140625,4846587
2023-06-14,1183.0618896484375,1300.4000244140625,1306.699951171875,1293.199951171875,1306.3499755859375,3457981
2023-06-15,1170.68896484375,1286.800048828125,1293.949951171875,1282.6500244140625,1293.949951171875,6161155
2023-06-16,1175.101318359375,1291.6500244140625,1301.5,1281.050048828125,1287.0,8536287
2023-06-19,1177.2393798828125,1294.0,1299.5,1287.050048828125,1294.0,4451787
2023-06-20,1185.791015625,1303.4000244140625,1305.0,1291.0999755859375,1294.0,4009180
2023-06-21,1182.1065673828125,1299.3499755859375,1303.800048828125,1295.0,1299.949951171875,4041529
2023-06-22,1165.91259765625,1281.550048828125,1289.4000244140625,1273.5,1289.4000244140625,6676607
2023-06-23,1150.85595703125,1265.0,1279.3499755859375,1263.3499755859375,1276.449951171875,7239467
2023-06-26,1155.72314453125,1270.3499755859375,1274.0,1262.25,1270.25,3403244
2023-06-27,1163.729248046875,1279.1500244140625,1282.0,1274.199951171875,1280.0,3240024
2023-06-28,1176.6478271484375,1293.3499755859375,1296.699951171875,1281.4000244140625,1290.0,5662358
2023-06-30,1214.99462890625,1335.5,1338.9000244140625,1304.449951171875,1308.199951171875,12821692
2023-07-03,1213.35693359375,1333.699951171875,1346.0,1328.449951171875,1330.0,7732412
2023-07-04,1223.7738037109375,1345.1500244140625,1346.0,1331.4000244140625,1344.300048828125,5797775
2023-07-05,1225.72998046875,1347.300048828125,1357.949951171875,1341.0,1357.8499755859375,5414936
2023-07-06,1222.6365966796875,1343.9000244140625,1347.449951171875,1337.1500244140625,1342.550048828125,5963897
2023-07-07,1210.1728515625,1330.199951171875,1345.800048828125,1325.3499755859375,1334.0,6295647
2023-07-10,1209.2176513671875,1329.1500244140625,1341.9000244140625,1319.300048828125,1336.550048828125,3940315
2023-07-11,1226.9124755859375,1348.5999755859375,1350.9000244140625,1327.0,1333.449951171875,6126128
2023-07-12,1212.9931640625,1333.300048828125,1351.9000244140625,1327.0,1351.0,8102770
2023-07-13,1241.9237060546875,1365.0999755859375,1376.800048828125,1330.8499755859375,1334.9000244140625,9977644
2023-07-14,1297.2830810546875,1425.949951171875,1430.0,1380.6500244140625,1380.6500244140625,12833381
2023-07-17,1294.5538330078125,1422.949951171875,1458.949951171875,1414.300048828125,1425.949951171875,11569884
2023-07-18,1342.0892333984375,1475.199951171875,1477.949951171875,1429.0,1434.0,16743977
2023-07-19,1341.861572265625,1474.949951171875,1498.800048828125,1460.699951171875,1486.0,13687062
2023-07-20,1318.7081298828125,1449.5,1471.0,1440.699951171875,1471.0,8347221
2023-07-21,1211.446533203125,1331.5999755859375,1350.0,1305.0,1320.199951171875,45548305
2023-07-24,1215.995361328125,1336.5999755859375,1349.9000244140625,1334.25,1341.0,8859789
2023-07-25,1214.17578125,1334.5999755859375,1342.8499755859375,1324.25,1337.0,6801982
2023-07-26,1227.139892578125,1348.8499755859375,1350.0,1339.4000244140625,1343.0,5528885
2023-07-27,1231.052001953125,1353.1500244140625,1363.800048828125,1347.050048828125,1358.5999755859375,9191861
2023-07-28,1219.5435791015625,1340.5,1363.8499755859375,1336.0,1353.8499755859375,6122735
2023-07-31,1233.3719482421875,1355.699951171875,1357.5,1333.25,1348.75,7902180
2023-08-01,1242.0146484375,1365.199951171875,1369.0,1357.0,1362.0,6064652
2023-08-02,1234.418212890625,1356.8499755859375,1371.949951171875,1348.449951171875,1369.300048828125,7419145
2023-08-03,1241.196044921875,1364.300048828125,1366.550048828125,1349.0,1350.0,6503741
2023-08-04,1253.978271484375,1378.3499755859375,1385.9000244140625,1362.0,1368.9000244140625,5712345
2023-08-07,1267.3062744140625,1393.0,1395.0,1377.0,1387.9000244140625,3729093
2023-08-08,1264.7589111328125,1390.199951171875,1393.550048828125,1384.4000244140625,1392.8499755859375,4161877
2023-08-09,1268.580078125,1394.4000244140625,1396.0,1382.5,1384.0,4090828
2023-08-10,1263.7581787109375,1389.0999755859375,1395.800048828125,1385.5999755859375,1391.5999755859375,3873025
2023-08-11,1248.0645751953125,1371.8499755859375,1396.8499755859375,1367.050048828125,1392.0,5783517
2023-08-14,1267.806640625,1393.550048828125,1395.0,1365.5999755859375,1371.8499755859375,4304135
2023-08-16,1290.5052490234375,1418.5,1419.949951171875,1405.4000244140625,1410.800048828125,7735313
2023-08-17,1284.1824951171875,1411.550048828125,1420.0,1406.0,1420.0,5618346
2023-08-18,1263.4853515625,1388.800048828125,1408.699951171875,1386.1500244140625,1403.699951171875,5134103
2023-08-21,1278.5872802734375,1405.4000244140625,1407.0,1387.1500244140625,1389.75,3032722
2023-08-22,1277.0863037109375,1403.75,1406.050048828125,1396.6500244140625,1404.699951171875,2890714
2023-08-23,1280.9072265625,1407.949951171875,1416.5999755859375,1405.6500244140625,1416.0,2559125
2023-08-24,1295.14501953125,1423.5999755859375,1425.050048828125,1414.449951171875,1421.5,5171963
2023-08-25,1291.9609375,1420.0999755859375,1422.5,1411.4000244140625,1413.0,4307172
2023-08-28,1287.9124755859375,1415.6500244140625,1424.800048828125,1411.4000244140625,1420.0999755859375,3133464
2023-08-29,1289.7320556640625,1417.6500244140625,1424.4000244140625,1415.300048828125,1424.0,3074444
2023-08-30,1305.6529541015625,1435.1500244140625,1436.6500244140625,1424.0,1427.0,3070887
2023-08-31,1305.9259033203125,1435.449951171875,1444.9000244140625,1428.6500244140625,1435.1500244140625,9792735
2023-09-01,1313.5679931640625,1443.8499755859375,1446.0,1428.199951171875,1430.949951171875,3582133
2023-09-04,1332.9005126953125,1465.0999755859375,1470.0,1434.699951171875,1443.0,4609014
2023-09-05,1345.455322265625,1478.9000244140625,1480.050048828125,1456.5,1465.0,5496840
2023-09-06,1344.135986328125,1477.449951171875,1482.9000244140625,1463.300048828125,1481.9000244140625,5075786
2023-09-07,1333.9010009765625,1466.199951171875,1473.4000244140625,1462.050048828125,1470.5999755859375,4411743
2023-09-08,1336.994384765625,1469.5999755859375,1474.75,1460.199951171875,1463.5,3125838
2023-09-11,1343.226318359375,1476.449951171875,1478.050048828125,1464.5,1469.5999755859375,4182226
2023-09-12,1365.6522216796875,1501.0999755859375,1504.0,1477.0999755859375,1482.5,6793161
2023-09-13,1363.1502685546875,1498.3499755859375,1505.0,1488.6500244140625,1505.0,4804686
2023-09-14,1370.9742431640625,1506.949951171875,1512.550048828125,1499.1500244140625,1505.0,6444213
2023-09-15,1375.2047119140625,1511.5999755859375,1518.4000244140625,1509.0,1518.0,8657816
2023-09-18,1357.19140625,1491.800048828125,1504.9000244140625,1488.0,1504.9000244140625,3991916
2023-09-20,1355.7811279296875,1490.25,1495.0999755859375,1476.199951171875,1476.199951171875,4169337
2023-09-21,1366.2435302734375,1501.75,1504.550048828125,1476.0,1486.550048828125,6779195
2023-09-22,1361.148681640625,1496.1500244140625,1506.949951171875,1485.199951171875,1491.9000244140625,5455613
2023-09-25,1341.1339111328125,1474.1500244140625,1489.8499755859375,1471.550048828125,1489.8499755859375,4217863
2023-09-26,1328.8519287109375,1460.6500244140625,1479.9000244140625,1459.0,1479.1500244140625,3996528
2023-09-27,1334.6292724609375,1467.0,1469.5999755859375,1450.050048828125,1456.0,3863586
2023-09-28,1309.5648193359375,1439.449951171875,1472.5999755859375,1435.0,1467.9000244140625,5814602
2023-09-29,1305.9259033203125,1435.449951171875,1446.800048828125,1416.0,1432.0999755859375,6068968
2023-10-03,1304.606689453125,1434.0,1437.0,1420.300048828125,1436.050048828125,4181867
2023-10-04,1314.0228271484375,1444.3499755859375,1449.949951171875,1418.199951171875,1425.0,4510406
2023-10-05,1331.3992919921875,1463.449951171875,1475.6500244140625,1450.199951171875,1452.0,7384621
2023-10-06,1345.2733154296875,1478.699951171875,1484.5,1463.300048828125,1469.5,3598672
2023-10-09,1342.3165283203125,1475.449951171875,1491.0,1462.199951171875,1464.9000244140625,3567552
2023-10-10,1360.239013671875,1495.1500244140625,1497.0,1469.0999755859375,1483.9000244140625,5688951
2023-10-11,1359.556640625,1494.4000244140625,1518.25,1481.449951171875,1497.0,7220129
2023-10-12,1333.2645263671875,1465.5,1504.4000244140625,1452.0,1491.9000244140625,11081662
2023-10-13,1302.013916015625,1431.1500244140625,1438.0,1400.0,1405.0,17973439
2023-10-16,1304.7431640625,1434.1500244140625,1443.5999755859375,1430.0,1432.0999755859375,4850745
2023-10-17,1312.2943115234375,1442.449951171875,1453.3499755859375,1438.050048828125,1440.25,3923764
2023-10-18,1310.565673828125,1440.550048828125,1454.0,1438.3499755859375,1442.0,4264837
2023-10-19,1304.2884521484375,1433.6500244140625,1439.6500244140625,1426.0999755859375,1426.0999755859375,6795691
2023-10-20,1298.4656982421875,1427.25,1438.5,1425.25,1430.0,3928622
2023-10-23,1281.5440673828125,1408.6500244140625,1432.3499755859375,1405.25,1425.5999755859375,2636516
2023-10-25,1262.5601806640625,1370.050048828125,1402.550048828125,1361.300048828125,1399.0,6940777
2023-10-26,1252.7918701171875,1359.449951171875,1374.0,1353.0999755859375,1355.050048828125,6357656
2023-10-27,1272.0521240234375,1380.3499755859375,1385.0,1363.6500244140625,1363.6500244140625,4634358
2023-10-30,1269.01123046875,1377.050048828125,1380.3499755859375,1363.0999755859375,1380.3499755859375,2667696
2023-10-31,1261.039794921875,1368.4000244140625,1381.1500244140625,1363.0,1379.949951171875,3451595
2023-11-01,1247.90771484375,1354.1500244140625,1377.449951171875,1351.6500244140625,1373.050048828125,3090672
2023-11-02,1262.65234375,1370.1500244140625,1376.300048828125,1361.6500244140625,1370.0,3758060
2023-11-03,1280.0694580078125,1389.050048828125,1392.0,1377.75,1380.050048828125,3349045
2023-11-06,1293.20166015625,1403.300048828125,1407.25,1390.800048828125,1393.9000244140625,2736381
2023-11-07,1294.1231689453125,1404.300048828125,1405.9000244140625,1394.8499755859375,1400.0,2272209
2023-11-08,1281.8665771484375,1391.0,1405.0,1386.449951171875,1405.0,3550635
2023-11-09,1266.9376220703125,1374.800048828125,1397.5,1370.050048828125,1395.9000244140625,5498051
2023-11-10,1261.4544677734375,1368.8499755859375,1373.1500244140625,1361.0,1369.949951171875,2943649
2023-11-13,1265.7857666015625,1373.550048828125,1382.449951171875,1370.8499755859375,1379.8499755859375,3462092
2023-11-15,1299.8367919921875,1410.5,1414.0,1393.0,1399.0,8551860
2023-11-16,1331.537841796875,1444.9000244140625,1453.4000244140625,1410.5999755859375,1416.0999755859375,6673907
2023-11-17,1324.7645263671875,1437.550048828125,1451.0,1435.050048828125,1441.050048828125,4901251
2023-11-20,1323.888916015625,1436.5999755859375,1452.0,1433.6500244140625,1442.0,3584210
2023-11-21,1326.100830078125,1439.0,1450.0,1436.75,1442.0,3793135
2023-11-22,1343.42578125,1457.800048828125,1458.949951171875,1436.199951171875,1436.199951171875,3108786
2023-11-23,1335.5465087890625,1449.25,1467.9000244140625,1447.699951171875,1467.9000244140625,3186928
2023-11-24,1324.626220703125,1437.4000244140625,1452.6500244140625,1433.8499755859375,1445.550048828125,2973195
2023-11-28,1329.510498046875,1442.699951171875,1445.0,1427.050048828125,1444.0,3755373
2023-11-29,1345.08447265625,1459.5999755859375,1460.699951171875,1449.800048828125,1451.0999755859375,3875778
2023-11-30,1340.983642578125,1455.1500244140625,1460.6500244140625,1449.550048828125,1453.25,10120867
2023-12-01,1338.3572998046875,1452.300048828125,1459.9000244140625,1446.1500244140625,1459.9000244140625,3489187
2023-12-04,1349.4617919921875,1464.3499755859375,1471.9000244140625,1449.300048828125,1460.449951171875,5511948
2023-12-05,1339.8778076171875,1453.949951171875,1466.9000244140625,1442.0,1465.800048828125,5123039
2023-12-06,1358.6312255859375,1474.300048828125,1477.0,1451.050048828125,1456.75,5269178
2023-12-07,1350.89013671875,1465.9000244140625,1472.8499755859375,1461.800048828125,1472.8499755859375,4424453
2023-12-08,1374.1591796875,1491.1500244140625,1494.699951171875,1466.25,1470.4000244140625,6323433
2023-12-11,1371.7171630859375,1488.5,1498.0,1482.0,1490.0,3862018
2023-12-12,1360.243896484375,1476.050048828125,1490.0,1467.6500244140625,1477.5,6103494
2023-12-13,1335.316162109375,1449.0,1476.050048828125,1433.1500244140625,1476.0,8549258
2023-12-14,1383.6510009765625,1501.449951171875,1511.0,1461.3499755859375,1463.4000244140625,12489858
2023-12-15,1454.56396484375,1578.4000244140625,1588.550048828125,1521.0,1523.050048828125,18395389
2023-12-18,1441.615966796875,1564.3499755859375,1593.0,1560.300048828125,1567.949951171875,6467243
2023-12-19,1436.0408935546875,1558.300048828125,1573.949951171875,1543.25,1570.0999755859375,4221721
2023-12-20,1415.8590087890625,1536.4000244140625,1583.5,1530.0,1565.050048828125,6592367
2023-12-21,1415.4903564453125,1536.0,1546.6500244140625,1521.25,1521.25,5319038
2023-12-22,1440.27978515625,1562.9000244140625,1566.0,1523.0,1534.949951171875,6741060
2023-12-26,1422.8167724609375,1543.949951171875,1548.0,1523.0,1535.0,6878067
2023-12-27,1444.150390625,1567.0999755859375,1570.0,1544.0,1544.0,4225849
2023-12-28,1440.0496826171875,1562.6500244140625,1568.949951171875,1555.0,1568.949951171875,5702253
2023-12-29,1421.8489990234375,1542.9000244140625,1559.449951171875,1540.0,1541.050048828125,4388990
2024-01-01,1429.635986328125,1551.3499755859375,1557.0,1535.25,1539.0,2808451
2024-01-02,1414.015869140625,1534.4000244140625,1549.1500244140625,1523.0,1546.0,5396313
2024-01-03,1373.099365234375,1490.0,1519.949951171875,1488.0,1519.949951171875,7550363
2024-01-04,1394.0184326171875,1512.699951171875,1519.75,1492.9000244140625,1504.949951171875,7056038
2024-01-05,1412.31103515625,1532.550048828125,1539.699951171875,1506.25,1506.75,8895403
2024-01-08,1403.325927734375,1522.800048828125,1536.0,1513.25,1528.949951171875,4440136
2024-01-09,1409.3162841796875,1529.300048828125,1553.0,1525.8499755859375,1541.9000244140625,4412074
2024-01-10,1400.653564453125,1519.9000244140625,1535.449951171875,1505.0,1524.949951171875,4096845
2024-01-11,1376.9697265625,1494.199951171875,1525.0,1486.5999755859375,1524.9000244140625,11296088
2024-01-12,1486.21875,1612.75,1618.0,1555.4000244140625,1562.0,26754401
2024-01-15,1522.4814453125,1652.0999755859375,1664.949951171875,1636.0,1644.949951171875,13228305
2024-01-16,1503.5439453125,1631.550048828125,1648.5,1625.0,1644.800048828125,6500917
2024-01-17,1511.51513671875,1640.199951171875,1647.5,1620.25,1620.25,9209876
2024-01-18,1513.726806640625,1642.5999755859375,1649.0,1628.25,1642.6500244140625,6375464
2024-01-19,1529.0244140625,1659.199951171875,1665.5,1644.1500244140625,1651.5999755859375,4522736
2024-01-23,1513.312255859375,1642.1500244140625,1674.699951171875,1637.699951171875,1650.0999755859375,9401255
2024-01-24,1543.9534912109375,1675.4000244140625,1680.0,1645.0,1659.9000244140625,8999681
2024-01-25,1538.147705078125,1669.0999755859375,1680.550048828125,1658.0,1672.949951171875,8865304
2024-01-29,1526.62841796875,1656.5999755859375,1679.3499755859375,1647.5999755859375,1665.1500244140625,4253785
2024-01-30,1521.8824462890625,1651.449951171875,1690.0,1648.25,1662.449951171875,4995943
2024-01-31,1530.591064453125,1660.9000244140625,1667.25,1638.0999755859375,1648.25,6763779
2024-02-01,1527.043212890625,1657.050048828125,1677.0,1650.3499755859375,1659.550048828125,5760011
2024-02-02,1560.4952392578125,1693.3499755859375,1718.5,1665.0,1666.050048828125,7858483
2024-02-05,1554.8277587890625,1687.199951171875,1700.75,1681.8499755859375,1694.75,3634135
2024-02-06,1593.762939453125,1729.449951171875,1733.0,1673.949951171875,1686.75,7694265
2024-02-07,1560.86376953125,1693.75,1729.0,1686.8499755859375,1729.0,4613877
2024-02-08,1559.3431396484375,1692.0999755859375,1706.3499755859375,1682.800048828125,1698.0,5919715
2024-02-09,1538.378173828125,1669.3499755859375,1692.9000244140625,1659.800048828125,1684.699951171875,4600004
2024-02-12,1548.28466796875,1680.0999755859375,1692.949951171875,1670.3499755859375,1670.3499755859375,3555808
2024-02-13,1552.3856201171875,1684.550048828125,1689.0999755859375,1663.5,1683.0,2696481
2024-02-14,1535.475341796875,1666.199951171875,1669.449951171875,1635.5,1660.199951171875,3768579
2024-02-15,1544.8287353515625,1676.3499755859375,1687.75,1661.5999755859375,1677.0,4834391
2024-02-16,1568.14404296875,1701.6500244140625,1709.0,1687.949951171875,1689.0,4880654
2024-02-19,1566.3931884765625,1699.75,1711.5,1687.699951171875,1705.0,3690993
2024-02-20,1553.03076171875,1685.25,1694.25,1668.75,1685.0,3706389
2024-02-21,1525.6610107421875,1655.550048828125,1674.0,1645.300048828125,1674.0,4300508
2024-02-22,1549.4366455078125,1681.3499755859375,1684.5999755859375,1644.4000244140625,1665.0,5841277
2024-02-23,1545.2896728515625,1676.8499755859375,1698.449951171875,1671.9000244140625,1697.0,5373072
2024-02-26,1529.89990234375,1660.1500244140625,1674.949951171875,1645.0,1674.949951171875,2782438
2024-02-27,1533.0792236328125,1663.5999755859375,1671.0999755859375,1652.800048828125,1661.0,5159088
2024-02-28,1540.129150390625,1671.25,1687.800048828125,1662.050048828125,1670.0,3188916
2024-02-29,1542.5712890625,1673.9000244140625,1682.25,1653.300048828125,1665.0,7814722
2024-03-01,1524.87744140625,1654.699951171875,1671.949951171875,1651.0,1669.0,6387291
2024-03-04,1508.75048828125,1637.199951171875,1664.449951171875,1633.6500244140625,1657.8499755859375,4445156
2024-03-05,1480.459228515625,1606.5,1637.3499755859375,1602.0,1634.0,4596579
2024-03-06,1490.642333984375,1617.550048828125,1620.1500244140625,1576.0,1602.800048828125,6420684
2024-03-07,1489.6285400390625,1616.449951171875,1628.449951171875,1604.199951171875,1616.5999755859375,6348359
2024-03-11,1475.02197265625,1600.5999755859375,1613.800048828125,1588.0,1608.1500244140625,6752895
2024-03-12,1486.403076171875,1612.949951171875,1625.0,1597.6500244140625,1600.0,4614222
2024-03-13,1484.9747314453125,1611.4000244140625,1624.5,1598.550048828125,1612.9000244140625,5688997
2024-03-14,1523.5875244140625,1653.300048828125,1657.75,1608.0,1614.4000244140625,8803799
2024-03-15,1505.8016357421875,1634.0,1645.800048828125,1618.3499755859375,1641.0999755859375,11809997
2024-03-18,1476.9112548828125,1602.6500244140625,1632.6500244140625,1598.8499755859375,1630.0,4958904
2024-03-19,1438.943603515625,1561.449951171875,1599.0,1558.0,1592.3499755859375,6870411
2024-03-20,1432.9534912109375,1554.949951171875,1574.949951171875,1552.3499755859375,1563.0,4759059
2024-03-21,1432.7232666015625,1554.699951171875,1576.949951171875,1543.4000244140625,1564.0,11062497
2024-03-22,1390.470458984375,1508.8499755859375,1528.9000244140625,1498.199951171875,1521.0,14673890
2024-03-26,1375.54150390625,1492.6500244140625,1507.449951171875,1487.9000244140625,1492.0,8351081
2024-03-27,1367.431884765625,1483.8499755859375,1499.0,1481.550048828125,1496.0,6857402
2024-03-28,1380.5177001953125,1498.050048828125,1511.800048828125,1487.1500244140625,1487.1500244140625,12499530
2024-04-01,1378.1217041015625,1495.449951171875,1529.949951171875,1492.800048828125,1525.0,6580002
2024-04-02,1366.5103759765625,1482.8499755859375,1493.1500244140625,1480.8499755859375,1484.8499755859375,7279400
2024-04-03,1364.4830322265625,1480.6500244140625,1495.0999755859375,1475.0,1479.0,8736248
2024-04-04,1370.0582275390625,1486.699951171875,1495.6500244140625,1468.0,1490.550048828125,11186915
2024-04-05,1363.0545654296875,1479.0999755859375,1486.699951171875,1476.050048828125,1480.050048828125,5072482
2024-04-08,1360.8427734375,1476.699951171875,1490.949951171875,1474.0999755859375,1483.0,6610887
2024-04-09,1377.5687255859375,1494.8499755859375,1513.800048828125,1487.300048828125,1490.0,9423230
2024-04-10,1388.581298828125,1506.800048828125,1509.8499755859375,1484.550048828125,1500.3499755859375,6744595
2024-04-12,1368.26123046875,1484.75,1506.800048828125,1479.5,1504.0,12275616
2024-04-15,1352.9637451171875,1468.1500244140625,1491.949951171875,1461.050048828125,1480.0,8531224
2024-04-16,1303.476806640625,1414.449951171875,1455.1500244140625,1413.050048828125,1451.0,16173541
2024-04-18,1307.900146484375,1419.25,1444.699951171875,1407.5,1421.0999755859375,22107945
2024-04-19,1300.52783203125,1411.25,1426.8499755859375,1378.75,1385.0,20603621
2024-04-22,1320.3409423828125,1432.75,1436.8499755859375,1413.050048828125,1419.9000244140625,5859087
2024-04-23,1329.23388671875,1442.4000244140625,1446.8499755859375,1433.0,1443.0,4856174
2024-04-24,1318.498046875,1430.75,1444.300048828125,1427.050048828125,1444.300048828125,4268213
2024-04-25,1325.59375,1438.449951171875,1444.9000244140625,1420.0,1420.0,9089398
2024-04-26,1318.037109375,1430.25,1445.4000244140625,1427.0,1439.699951171875,8062444
2024-04-29,1322.1842041015625,1434.75,1439.800048828125,1428.25,1429.949951171875,5055957
2024-04-30,1309.0982666015625,1420.550048828125,1436.550048828125,1417.550048828125,1434.699951171875,6936588
2024-05-02,1303.476806640625,1414.449951171875,1424.0,1411.8499755859375,1413.0,10076354
2024-05-03,1305.1817626953125,1416.300048828125,1424.800048828125,1403.199951171875,1422.0999755859375,8842345
2024-05-06,1314.028564453125,1425.9000244140625,1445.699951171875,1417.0999755859375,1420.0,6445422
2024-05-07,1327.8975830078125,1440.949951171875,1443.3499755859375,1415.5999755859375,1424.949951171875,6080661
2024-05-08,1315.318603515625,1427.300048828125,1439.75,1425.5999755859375,1435.25,6234983
2024-05-09,1326.6075439453125,1439.550048828125,1449.949951171875,1424.8499755859375,1427.550048828125,6088406
2024-05-10,1313.10693359375,1424.9000244140625,1435.949951171875,1413.0,1435.050048828125,8777481
2024-05-13,1311.770751953125,1423.449951171875,1425.0,1411.199951171875,1425.0,3735954
2024-05-14,1312.922607421875,1424.699951171875,1433.75,1418.050048828125,1426.4000244140625,3463230
2024-05-15,1308.54541015625,1419.949951171875,1431.800048828125,1418.550048828125,1426.0,4327544
2024-05-16,1339.32470703125,1453.3499755859375,1455.75,1427.0,1433.949951171875,9249145
2024-05-17,1330.9849853515625,1444.300048828125,1457.0,1439.25,1457.0,7542860
2024-05-21,1321.6312255859375,1434.1500244140625,1444.699951171875,1428.4000244140625,1430.0,6752663
2024-05-22,1340.6610107421875,1454.800048828125,1459.949951171875,1428.0,1428.75,7173285
2024-05-23,1356.88037109375,1472.4000244140625,1478.1500244140625,1450.0,1454.699951171875,8641428
2024-05-24,1350.1529541015625,1465.0999755859375,1475.5,1460.0,1468.25,5277938
2024-05-27,1355.91259765625,1471.3499755859375,1479.5999755859375,1460.25,1471.8499755859375,5821844
2024-05-28,1351.9500732421875,1467.050048828125,1476.0,1460.300048828125,1475.5,6186922
2024-05-29,1337.1131591796875,1450.949951171875,1465.5,1450.0,1465.4000244140625,7401634
2024-05-30,1315.456787109375,1427.449951171875,1449.8499755859375,1421.550048828125,1442.800048828125,9663150
2024-05-31,1322.459716796875,1406.9000244140625,1436.75,1400.0,1409.800048828125,37113815
2024-06-03,1321.5198974609375,1405.9000244140625,1440.0,1404.0,1440.0,10589244
2024-06-04,1310.0050048828125,1393.6500244140625,1415.0,1358.3499755859375,1409.0,13736134
2024-06-05,1344.267333984375,1430.0999755859375,1438.0,1400.1500244140625,1400.1500244140625,9233424
2024-06-06,1383.8875732421875,1472.25,1474.300048828125,1437.5,1444.949951171875,12660930
2024-06-07,1441.5552978515625,1533.5999755859375,1539.699951171875,1477.25,1481.0,24075302
2024-06-10,1409.7369384765625,1499.75,1529.800048828125,1497.300048828125,1525.300048828125,6810606
2024-06-11,1405.97705078125,1495.75,1506.449951171875,1493.949951171875,1500.050048828125,4853054
2024-06-12,1396.060302734375,1485.199951171875,1508.75,1482.75,1507.0,9564320
2024-06-13,1404.28515625,1493.949951171875,1505.0,1489.3499755859375,1495.0,7307565
2024-06-14,1399.5380859375,1488.9000244140625,1503.699951171875,1486.050048828125,1503.699951171875,4237727
2024-06-18,1408.280029296875,1498.199951171875,1507.0,1495.4000244140625,1497.0,5420939
2024-06-19,1420.6407470703125,1511.3499755859375,1515.6500244140625,1496.699951171875,1505.0,5493456
2024-06-20,1424.4476318359375,1515.4000244140625,1517.5,1499.0999755859375,1516.300048828125,7927010
2024-06-21,1440.709228515625,1532.699951171875,1557.75,1523.699951171875,1545.0,17301941
2024-06-24,1435.4925537109375,1527.1500244140625,1529.0999755859375,1515.4000244140625,1524.550048828125,5564989
2024-06-25,1449.4041748046875,1541.949951171875,1543.9000244140625,1520.3499755859375,1526.0,4551525
2024-06-26,1448.2291259765625,1540.699951171875,1548.8499755859375,1535.0,1541.0,4851004
2024-06-27,1478.9195556640625,1573.3499755859375,1578.4000244140625,1532.050048828125,1538.449951171875,14757754
2024-06-28,1472.7158203125,1566.75,1588.5,1564.25,1572.550048828125,8197544
2024-07-01,1495.3223876953125,1590.800048828125,1599.9000244140625,1559.5,1559.5,6801771
2024-07-02,1523.7567138671875,1621.050048828125,1633.800048828125,1586.5,1596.199951171875,10493173
2024-07-03,1529.7255859375,1627.4000244140625,1636.0,1606.0,1625.0,7269965
2024-07-04,1551.5802001953125,1650.6500244140625,1660.0,1628.0,1628.199951171875,8008311
2024-07-05,1548.572265625,1647.449951171875,1665.8499755859375,1633.3499755859375,1651.449951171875,7065022
2024-07-08,1561.9200439453125,1661.6500244140625,1666.0,1640.0,1643.0999755859375,5880533
2024-07-09,1557.6900634765625,1657.1500244140625,1666.75,1651.0,1659.9000244140625,5191182
2024-07-10,1549.32421875,1648.25,1674.0,1637.550048828125,1657.0,9852770
2024-07-11,1553.507080078125,1652.699951171875,1665.0,1642.050048828125,1656.0,8857679
2024-07-12,1609.012939453125,1711.75,1719.75,1666.6500244140625,1680.0,17078316
2024-07-15,1604.59521484375,1707.050048828125,1728.0,1702.6500244140625,1726.199951171875,6942230
2024-07-16,1622.454833984375,1726.050048828125,1737.9000244140625,1700.0,1718.5999755859375,6886281
2024-07-18,1652.5341796875,1758.050048828125,1765.4000244140625,1719.0,1719.0,11248896
2024-07-19,1685.3394775390625,1792.949951171875,1844.0,1786.449951171875,1844.0,29819116
2024-07-22,1702.1651611328125,1810.8499755859373,1823.0,1792.949951171875,1800.1500244140625,8462126
2024-07-23,1726.6517333984375,1836.9000244140625,1839.949951171875,1783.25,1810.0,7113056
2024-07-24,1723.878662109375,1833.949951171875,1842.3499755859373,1819.5999755859373,1837.5,6002845
2024-07-25,1715.324951171875,1824.8499755859373,1830.9000244140625,1812.0,1820.0,5815599
2024-07-26,1766.1309814453125,1878.9000244140625,1883.0,1825.3499755859373,1825.3499755859373,11369047
2024-07-29,1758.7991943359375,1871.0999755859373,1903.0,1864.0,1893.5999755859373,4635931
2024-07-30,1764.4859619140625,1877.1500244140625,1879.949951171875,1860.0,1871.0999755859373,2721265
2024-07-31,1756.1201171875,1868.25,1885.1500244140625,1865.050048828125,1877.0,5004209
2024-08-01,1741.409423828125,1852.5999755859373,1867.9000244140625,1845.0999755859373,1856.0999755859373,7475014
2024-08-02,1711.8939208984375,1821.199951171875,1859.5,1816.1500244140625,1843.0,7400938
2024-08-05,1646.7532958984375,1751.9000244140625,1797.5,1718.550048828125,1784.949951171875,10736703
2024-08-06,1646.0013427734375,1751.0999755859375,1796.949951171875,1744.8499755859375,1760.199951171875,7690163
2024-08-07,1684.1175537109375,1791.6500244140625,1797.9000244140625,1762.0999755859375,1796.0,5094329
2024-08-08,1638.5284423828125,1743.1500244140625,1779.949951171875,1727.0999755859375,1779.949951171875,6227910
2024-08-09,1664.4720458984375,1770.75,1780.75,1756.0,1771.25,4258524
2024-08-12,1689.5225830078125,1797.4000244140625,1803.5,1768.0999755859375,1773.050048828125,4315329
2024-08-13,1689.5693359375,1797.449951171875,1810.0,1789.050048828125,1810.0,4176918
2024-08-14,1713.821044921875,1823.25,1825.0,1797.449951171875,1802.0,7450718
2024-08-16,1747.378173828125,1858.949951171875,1861.8499755859373,1829.5,1850.0,7335657
2024-08-19,1752.8773193359375,1864.800048828125,1867.550048828125,1849.199951171875,1860.0,2585989
2024-08-20,1759.8331298828125,1872.199951171875,1885.699951171875,1868.199951171875,1880.0,3870333
2024-08-21,1760.302978515625,1872.699951171875,1879.0,1867.0999755859373,1875.0999755859373,1966902
2024-08-22,1767.3997802734375,1880.25,1893.6500244140625,1869.699951171875,1884.0,4300287
2024-08-23,1750.3392333984375,1862.0999755859373,1882.5999755859373,1857.0,1878.199951171875,5015935
2024-08-26,1763.546142578125,1876.1500244140625,1888.75,1864.0,1870.0,3728589
2024-08-27,1786.0584716796875,1900.0999755859373,1902.75,1873.9000244140625,1876.1500244140625,3830679
2024-08-28,1822.7177734375,1939.0999755859373,1951.0,1897.4000244140625,1906.9000244140625,6514531
2024-08-29,1817.312744140625,1933.3499755859373,1950.5,1920.9000244140625,1933.0,7228284
2024-08-30,1827.0416259765625,1943.699951171875,1950.0,1928.0,1938.0,13466759
2024-09-02,1846.5933837890625,1964.5,1975.75,1942.800048828125,1943.3499755859373,5573739
2024-09-03,1824.7386474609373,1941.25,1967.0,1936.449951171875,1967.0,4694322
2024-09-04,1807.0670166015625,1922.449951171875,1927.199951171875,1900.050048828125,1921.0999755859373,4778310
2024-09-05,1817.1248779296875,1933.1500244140625,1940.0,1909.5999755859373,1926.25,4081810
2024-09-06,1787.703369140625,1901.8499755859373,1936.5,1896.8499755859373,1922.0,5848106
2024-09-09,1780.9356689453125,1894.6500244140625,1920.8499755859373,1889.0,1890.0,4772612
2024-09-10,1797.5263671875,1912.300048828125,1935.0,1896.0,1904.9000244140625,6909600
2024-09-11,1795.50537109375,1910.1500244140625,1926.0,1905.0,1914.699951171875,5312946
2024-09-12,1833.3865966796875,1950.449951171875,1956.4000244140625,1910.800048828125,1925.0,8555092
2024-09-13,1827.4178466796875,1944.0999755859373,1958.5999755859373,1935.6500244140625,1950.449951171875,3843127
2024-09-16,1833.1986083984373,1950.25,1952.0,1933.050048828125,1945.75,1570181
2024-09-17,1835.360595703125,1952.550048828125,1958.449951171875,1942.1500244140625,1947.75,2793127
2024-09-18,1778.5855712890625,1892.1500244140625,1938.75,1881.300048828125,1938.75,6385468
2024-09-19,1780.5125732421875,1894.199951171875,1924.9000244140625,1878.800048828125,1910.5999755859373,7976570
2024-09-20,1791.3695068359375,1905.75,1915.0,1867.4000244140625,1905.0,15242974
2024-09-23,1782.6275634765625,1896.449951171875,1918.9000244140625,1878.449951171875,1909.0,3636672
2024-09-24,1784.6485595703125,1898.5999755859373,1910.9000244140625,1871.4000244140625,1888.0,7277616
2024-09-25,1781.546630859375,1895.300048828125,1901.5999755859373,1876.800048828125,1886.3499755859373,4268341
2024-09-26,1786.199462890625,1900.25,1917.949951171875,1893.0,1897.800048828125,8952803
2024-09-27,1792.309326171875,1906.75,1974.5999755859373,1903.300048828125,1932.0999755859373,14908931
2024-09-30,1763.029052734375,1875.5999755859373,1901.25,1870.5,1880.0,6986955
2024-10-01,1790.053466796875,1904.3499755859373,1908.949951171875,1875.0,1875.0,4029072
2024-10-03,1779.7607421875,1893.4000244140625,1911.8499755859373,1881.0,1889.5,7503887
2024-10-04,1803.0252685546875,1918.1500244140625,1954.0999755859373,1886.0,1889.550048828125,10001483
2024-10-07,1818.2059326171875,1934.300048828125,1942.0,1916.050048828125,1923.199951171875,6112575
2024-10-08,1831.6005859375,1948.550048828125,1957.949951171875,1906.3499755859373,1937.9000244140625,5637391
2024-10-09,1835.5484619140625,1952.75,1977.0,1945.0999755859373,1952.550048828125,4857163
2024-10-10,1803.82421875,1919.0,1964.0,1914.0999755859373,1957.9000244140625,4782119
2024-10-11,1818.9578857421875,1935.0999755859373,1947.0,1910.0999755859373,1918.0,4709431
2024-10-14,1841.3294677734373,1958.9000244140625,1969.5,1931.0999755859373,1932.1500244140625,3751378
2024-10-15,1841.7054443359373,1959.300048828125,1991.449951171875,1951.75,1960.0,5353705
2024-10-16,1804.858154296875,1920.0999755859373,1959.550048828125,1916.3499755859373,1955.0,3111512
2024-10-17,1849.9771728515625,1968.0999755859373,1978.0,1930.1500244140625,1935.199951171875,8162822
2024-10-18,1766.7889404296875,1879.5999755859373,1936.8499755859373,1869.25,1893.800048828125,10526196
2024-10-21,1741.5504150390625,1852.75,1898.800048828125,1838.0,1891.0999755859373,4654601
2024-10-22,1740.4693603515625,1851.5999755859373,1877.800048828125,1846.949951171875,1858.199951171875,4125240
2024-10-23,1760.9610595703125,1873.4000244140625,1886.0,1844.0,1845.25,4311910
2024-10-24,1751.51416015625,1863.3499755859373,1884.0,1860.0,1861.4000244140625,2906475
2024-10-25,1750.292236328125,1862.050048828125,1876.3499755859373,1846.4000244140625,1863.449951171875,4689120
2024-10-28,1753.394287109375,1865.3499755859373,1881.9000244140625,1857.0,1859.699951171875,7018940
2024-10-29,1748.59326171875,1839.300048828125,1851.5999755859373,1829.0,1846.0,4621252
2024-10-30,1713.2276611328125,1802.0999755859373,1839.0,1796.3499755859375,1832.0,5919715
2024-10-31,1670.589599609375,1757.25,1787.9000244140625,1746.5,1787.9000244140625,7395236
2024-11-01,1674.011962890625,1760.8499755859375,1766.0,1752.050048828125,1764.5,371966
2024-11-04,1676.674072265625,1763.6500244140625,1767.0,1718.0,1724.5,7336722
2024-11-05,1667.68994140625,1754.199951171875,1768.449951171875,1745.0,1760.0,3160880
2024-11-06,1733.762451171875,1823.699951171875,1827.199951171875,1762.6500244140625,1764.0,10421494
2024-11-07,1714.1309814453125,1803.050048828125,1825.699951171875,1787.0,1812.949951171875,4550965
2024-11-08,1739.704345703125,1829.949951171875,1840.5999755859373,1813.1500244140625,1818.0,4210960
2024-11-11,1768.367431640625,1860.0999755859373,1868.0,1822.550048828125,1829.0,3804234
2024-11-12,1776.638427734375,1868.800048828125,1881.0,1861.0,1871.0999755859373,5012450
2024-11-13,1776.2581787109375,1868.4000244140625,1873.199951171875,1856.300048828125,1861.0999755859373,4257495
2024-11-14,1772.5980224609375,1864.550048828125,1876.0,1856.0,1865.5999755859373,4311431
2024-11-18,1722.1165771484375,1811.449951171875,1849.199951171875,1795.0,1849.199951171875,4839244
2024-11-19,1734.7607421875,1824.75,1859.699951171875,1820.550048828125,1825.5,4669769
2024-11-21,1743.6021728515625,1834.050048828125,1867.0,1820.5999755859373,1842.0,5436504
2024-11-22,1808.4388427734373,1902.25,1914.050048828125,1834.0,1854.0999755859373,6301486
2024-11-25,1796.507568359375,1889.699951171875,1919.300048828125,1882.0,1916.0,12764638
2024-11-26,1829.2587890625,1924.1500244140625,1938.5999755859373,1897.300048828125,1904.949951171875,6850495
2024-11-27,1829.591552734375,1924.5,1941.4000244140625,1911.75,1930.0999755859373,4447143
2024-11-28,1765.087646484375,1856.6500244140625,1914.9000244140625,1851.6500244140625,1914.9000244140625,8468790
2024-11-29,1766.2283935546875,1857.8499755859373,1877.0,1845.0,1851.0999755859373,5244346
2024-12-02,1787.095947265625,1879.800048828125,1882.800048828125,1835.199951171875,1859.0,2868263
2024-12-03,1798.789306640625,1892.0999755859373,1899.75,1871.1500244140625,1887.0,4715792
2024-12-04,1796.0799560546875,1889.25,1913.949951171875,1875.0,1884.0,4705573
2024-12-05,1839.4310302734373,1934.8499755859373,1949.9000244140625,1888.949951171875,1900.0,9050038
2024-12-06,1827.5950927734373,1922.4000244140625,1937.949951171875,1912.4000244140625,1932.800048828125,3573331
2024-12-09,1828.783447265625,1923.6500244140625,1930.199951171875,1897.199951171875,1924.199951171875,4274645
2024-12-10,1852.45556640625,1948.550048828125,1965.5999755859373,1932.0,1939.0,6174921
2024-12-11,1876.79296875,1974.1500244140625,1978.0,1952.0,1955.0,5025612
2024-12-12,1889.00927734375,1987.0,1998.800048828125,1970.550048828125,1975.199951171875,6462130
2024-12-13,1901.0830078125,1999.699951171875,2006.449951171875,1953.800048828125,1969.75,5362693
2024-12-16,1882.402099609375,1980.050048828125,1999.5999755859373,1977.5999755859373,1995.449951171875,3119221
2024-12-17,1879.1220703125,1976.5999755859373,1982.0,1958.0,1968.0,5811050
2024-12-18,1881.54638671875,1979.1500244140625,1984.949951171875,1961.5999755859373,1966.800048828125,3064095
2024-12-19,1850.2213134765625,1946.199951171875,1959.75,1920.0,1934.0,5323592
2024-12-20,1827.3575439453125,1922.1500244140625,1979.949951171875,1911.25,1975.1500244140625,11056720
2024-12-23,1829.4013671875,1924.300048828125,1940.0,1909.0,1930.050048828125,2781793
2024-12-24,1814.9034423828125,1909.050048828125,1942.0,1840.0,1927.050048828125,2360544
2024-12-26,1813.3348388671875,1907.4000244140625,1919.75,1902.300048828125,1909.050048828125,3623321
2024-12-27,1822.2237548828125,1916.75,1924.1500244140625,1903.9000244140625,1909.4000244140625,3937500
2024-12-30,1812.00390625,1906.0,1916.0,1886.5,1915.699951171875,7789055
2024-12-31,1787.2860107421875,1880.0,1897.0,1845.050048828125,1892.300048828125,3613063
2025-01-01,1789.6627197265625,1882.5,1892.949951171875,1874.0,1874.0,1838368
2025-01-02,1861.296875,1957.8499755859373,1962.6500244140625,1885.300048828125,1887.0,7083645
2025-01-03,1843.1387939453125,1938.75,1952.949951171875,1922.0,1952.949951171875,6218003
2025-01-06,1842.283203125,1937.8499755859373,1973.0,1928.0,1952.0,7164403
2025-01-07,1835.6282958984373,1930.8499755859373,1958.550048828125,1923.6500244140625,1945.0,4294832
2025-01-08,1837.81494140625,1933.1500244140625,1938.5999755859373,1888.75,1930.0,5482050
2025-01-09,1822.7467041015625,1917.300048828125,1951.8499755859373,1910.550048828125,1934.050048828125,6833503
2025-01-10,1869.9478759765625,1966.949951171875,1977.800048828125,1932.25,1937.0,8036913
2025-01-13,1865.4322509765625,1962.199951171875,1982.800048828125,1949.0,1956.0,5804152
2025-01-14,1844.374755859375,1940.050048828125,1971.800048828125,1931.0999755859373,1968.8499755859373,5792162
2025-01-15,1853.501220703125,1949.6500244140625,1958.050048828125,1937.0999755859373,1947.0,2985439
2025-01-16,1833.3466796875,1928.449951171875,1966.949951171875,1916.8499755859373,1965.949951171875,7533579
2025-01-17,1725.9193115234375,1815.449951171875,1858.0,1812.0,1851.0,16409953
2025-01-20,1723.87548828125,1813.300048828125,1827.949951171875,1793.1500244140625,1822.949951171875,4333011
2025-01-21,1711.896728515625,1800.699951171875,1831.6500244140625,1793.050048828125,1819.050048828125,7169109
2025-01-22,1764.8974609375,1856.449951171875,1865.800048828125,1805.1500244140625,1807.4000244140625,8373913
2025-01-23,1773.45361328125,1865.449951171875,1879.550048828125,1852.699951171875,1858.0,5907471
2025-01-24,1782.96044921875,1875.449951171875,1894.9000244140625,1864.25,1865.5,4887027
2025-01-27,1732.1463623046875,1822.0,1863.0,1812.0,1848.75,7652371
2025-01-28,1739.5142822265625,1829.75,1863.5,1824.9000244140625,1830.0,6999495
2025-01-29,1788.474365234375,1881.25,1888.6500244140625,1840.5,1845.0,5145155
2025-01-30,1768.224853515625,1859.949951171875,1887.199951171875,1844.0,1873.1500244140625,7336056
2025-01-31,1787.095947265625,1879.800048828125,1897.449951171875,1871.0,1871.0,5820470
2025-02-01,1760.0489501953125,1851.3499755859373,1890.5999755859373,1846.0,1880.300048828125,1701402
2025-02-03,1771.40966796875,1863.300048828125,1876.550048828125,1832.4000244140625,1836.0,4823228
2025-02-04,1805.158935546875,1898.800048828125,1911.199951171875,1875.0,1889.0,7334787
2025-02-05,1803.4952392578125,1897.050048828125,1919.699951171875,1894.300048828125,1906.0,4996744
2025-02-06,1821.1781005859373,1915.6500244140625,1924.0,1900.0,1917.0,4765255
2025-02-07,1809.769775390625,1903.6500244140625,1923.699951171875,1889.449951171875,1919.300048828125,4126260
2025-02-10,1787.5712890625,1880.300048828125,1905.0,1878.5999755859373,1905.0,3828734
2025-02-11,1783.1507568359375,1875.6500244140625,1903.0,1870.0,1883.0999755859373,4411601
2025-02-12,1771.26708984375,1863.1500244140625,1894.5999755859373,1847.0,1885.0,5633947
2025-02-13,1752.3485107421875,1843.25,1873.5,1835.6500244140625,1868.5,5237744
2025-02-14,1764.849853515625,1856.4000244140625,1859.300048828125,1828.3499755859373,1854.0,5292961
2025-02-17,1751.4453125,1842.300048828125,1852.75,1822.1500244140625,1838.550048828125,4428956
2025-02-18,1760.619384765625,1851.949951171875,1861.6500244140625,1837.5999755859373,1842.300048828125,4365260
2025-02-19,1721.498779296875,1810.800048828125,1849.199951171875,1805.9000244140625,1847.4000244140625,4611411
2025-02-20,1735.14111328125,1825.1500244140625,1831.0,1805.550048828125,1805.550048828125,2218020
2025-02-21,1725.49169921875,1815.0,1829.8499755859373,1806.199951171875,1821.800048828125,3379879
2025-02-24,1677.1016845703125,1764.0999755859375,1808.0,1750.25,1800.050048828125,7594720
2025-02-25,1680.524169921875,1767.699951171875,1778.449951171875,1745.1500244140625,1745.1500244140625,5092963
2025-02-27,1677.2918701171875,1764.300048828125,1775.8499755859375,1751.0999755859375,1755.199951171875,5757079
2025-02-28,1604.469482421875,1687.699951171875,1755.0999755859375,1682.449951171875,1755.050048828125,12182167
2025-03-03,1624.3387451171875,1708.5999755859375,1728.5999755859375,1692.300048828125,1692.300048828125,7504969
2025-03-04,1605.0399169921875,1688.300048828125,1699.0,1670.0,1695.0,6759673
2025-03-05,1627.0958251953125,1711.5,1732.949951171875,1692.449951171875,1692.449951171875,8180782
2025-03-06,1631.231201171875,1715.8499755859375,1722.300048828125,1691.0999755859375,1715.0,10610547
2025-03-07,1602.853271484375,1686.0,1705.0,1675.5,1703.0999755859375,8019331
2025-03-10,1617.5413818359375,1701.449951171875,1719.0,1676.199951171875,1686.0,7558981
2025-03-11,1579.6566162109375,1661.5999755859375,1680.0,1637.050048828125,1680.0,12671234
2025-03-12,1512.3958740234375,1590.8499755859375,1636.9000244140625,1563.800048828125,1636.9000244140625,14870008
2025-03-13,1501.9381103515625,1579.8499755859375,1606.050048828125,1570.300048828125,1599.25,7822888
2025-03-17,1511.63525390625,1590.050048828125,1594.0,1545.1500244140625,1545.1500244140625,7526032
2025-03-18,1511.63525390625,1590.050048828125,1590.050048828125,1590.050048828125,1590.050048828125,0
2025-03-19,1508.307861328125,1586.550048828125,1603.0,1572.800048828125,1603.0,7387068
2025-03-20,1535.877685546875,1615.550048828125,1631.9000244140625,1592.0,1592.0,7186750
2025-03-21,1514.011962890625,1592.550048828125,1603.9000244140625,1563.6500244140625,1577.949951171875,10074677
2025-03-24,1514.2021484375,1592.75,1607.0999755859375,1572.699951171875,1597.949951171875,8857726
2025-03-25,1548.1414794921875,1628.449951171875,1636.1500244140625,1605.0,1605.0,9890140
2025-03-26,1520.571533203125,1599.449951171875,1637.75,1595.0,1626.0,6651302
2025-03-27,1524.469482421875,1603.550048828125,1619.949951171875,1586.0,1595.550048828125,9426573
2025-03-28,1493.1920166015625,1570.6500244140625,1598.449951171875,1560.0,1590.0,6799047
2025-04-01,1451.21923828125,1526.5,1547.4000244140625,1517.8499755859375,1539.25,12680733
2025-04-02,1473.7030029296875,1550.1500244140625,1555.6500244140625,1535.199951171875,1535.199951171875,6193478
2025-04-03,1422.69873046875,1496.5,1534.6500244140625,1485.050048828125,1534.6500244140625,10459504
2025-04-04,1380.0606689453125,1451.6500244140625,1472.0,1448.0,1460.5,9590254
2025-04-07,1327.8680419921875,1396.75,1405.9000244140625,1307.0,1352.0,21715252
2025-04-08,1358.3375244140625,1428.800048828125,1456.5,1415.0,1431.0,12805001
2025-04-09,1334.47509765625,1403.699951171875,1409.449951171875,1381.9000244140625,1405.050048828125,8546854
2025-04-11,1339.941650390625,1409.449951171875,1438.800048828125,1397.050048828125,1411.25,12567440
2025-04-15,1355.675537109375,1426.0,1447.699951171875,1409.0,1445.5999755859375,10178530
2025-04-16,1343.41162109375,1413.0999755859375,1427.5,1396.800048828125,1425.0,12022740
2025-04-17,1349.49609375,1419.5,1429.800048828125,1378.300048828125,1398.0,14264227
2025-04-21,1379.442626953125,1451.0,1471.800048828125,1410.0,1410.0,15648970
2025-04-22,1352.63330078125,1422.800048828125,1440.0,1419.300048828125,1440.0,9399738
2025-04-23,1402.1639404296875,1474.9000244140625,1487.800048828125,1439.5999755859375,1446.0,11136642
2025-04-24,1398.8365478515625,1471.4000244140625,1482.9000244140625,1461.5,1469.9000244140625,7114292
2025-04-25,1407.2025146484375,1480.199951171875,1501.699951171875,1463.5,1475.5,8329979
2025-04-28,1409.0087890625,1482.0999755859375,1489.5999755859375,1465.300048828125,1480.199951171875,5886253
2025-04-29,1423.6494140625,1497.5,1509.800048828125,1474.0999755859375,1482.0,8056743
2025-04-30,1426.1212158203125,1500.0999755859375,1508.800048828125,1482.5999755859375,1496.800048828125,7704183
2025-05-02,1432.5858154296875,1506.9000244140625,1523.199951171875,1496.199951171875,1499.699951171875,7402310
2025-05-05,1434.2020263671875,1508.5999755859375,1523.0,1502.800048828125,1515.0,4282493
2025-05-06,1436.958984375,1511.5,1515.5999755859375,1499.0999755859375,1506.0,4270530
2025-05-07,1433.916748046875,1508.300048828125,1518.800048828125,1496.5999755859375,1500.0,5691799
2025-05-08,1436.8638916015625,1511.4000244140625,1516.5,1501.199951171875,1508.0,8424409
2025-05-09,1433.2513427734375,1507.5999755859375,1511.4000244140625,1494.0999755859375,1500.699951171875,4478653
2025-05-12,1546.66796875,1626.9000244140625,1632.0,1532.0,1537.0,11372857
2025-05-13,1491.2430419921875,1568.5999755859375,1612.199951171875,1564.5999755859375,1609.0,12846210
2025-05-14,1513.869384765625,1592.4000244140625,1595.0,1569.5,1574.0,4870057
2025-05-15,1533.4534912109375,1613.0,1618.5999755859375,1571.0,1589.800048828125,11151167
2025-05-16,1511.49267578125,1589.9000244140625,1612.5999755859375,1581.5,1612.5999755859375,4576751
2025-05-19,1482.8770751953125,1559.800048828125,1585.0,1555.699951171875,1576.5,8855798
2025-05-20,1483.637451171875,1560.5999755859375,1583.5,1558.0,1570.0,7143998
2025-05-21,1491.14794921875,1568.5,1571.0,1552.0999755859375,1567.9000244140625,4157309
2025-05-22,1471.18359375,1547.5,1560.800048828125,1540.0,1555.5,6158990
2025-05-23,1487.63037109375,1564.800048828125,1587.199951171875,1550.0,1550.0,5038421
2025-05-26,1502.55615234375,1580.5,1583.800048828125,1562.699951171875,1566.5999755859375,3170102
2025-05-27,1492.6690673828125,1570.0999755859375,1582.9000244140625,1556.4000244140625,1579.9000244140625,7775714
2025-05-28,1494.2852783203125,1571.800048828125,1587.699951171875,1570.0,1581.0,3623370
2025-05-29,1507.4046630859375,1585.5999755859375,1608.9000244140625,1576.5999755859375,1589.0,8609500
2025-05-30,1506.5369873046875,1562.699951171875,1572.0,1555.0999755859375,1571.0,13148092
2025-06-02,1497.9569091796875,1553.800048828125,1560.0,1539.0,1560.0,4374509
2025-06-03,1487.5450439453125,1543.0,1567.300048828125,1535.5999755859375,1559.0,6853403
2025-06-04,1495.4503173828125,1551.199951171875,1557.300048828125,1541.4000244140625,1543.0,4548307
2025-06-05,1498.43896484375,1554.300048828125,1567.699951171875,1541.5999755859375,1547.9000244140625,6948539
2025-06-06,1507.5975341796875,1563.800048828125,1568.9000244140625,1543.0999755859375,1554.699951171875,3960020
2025-06-09,1516.3704833984375,1572.9000244140625,1588.0,1571.0,1578.0,2903202
2025-06-10,1538.6402587890625,1596.0,1607.5,1577.5,1584.0,8591925
2025-06-11,1572.478759765625,1631.0999755859375,1634.5999755859375,1590.0999755859375,1590.0999755859375,10597410
2025-06-12,1550.787353515625,1608.5999755859375,1628.0,1598.0999755859375,1617.0,10483574
2025-06-13,1544.424560546875,1602.0,1609.0,1570.199951171875,1576.0,6968315
2025-06-16,1565.441162109375,1623.800048828125,1634.800048828125,1597.0999755859375,1600.0,5591842
2025-06-17,1580.9625244140625,1639.9000244140625,1647.4000244140625,1615.5999755859375,1620.699951171875,7622083
2025-06-18,1574.214111328125,1632.9000244140625,1644.699951171875,1621.0,1621.0,5629707
2025-06-19,1560.2352294921875,1618.4000244140625,1630.0,1611.5,1623.9000244140625,5147760
2025-06-20,1564.573486328125,1622.9000244140625,1630.699951171875,1608.9000244140625,1619.0,9202821
2025-06-23,1527.071533203125,1584.0,1601.0,1575.4000244140625,1601.0,7943676
2025-06-24,1524.7576904296875,1581.5999755859375,1609.0,1576.5999755859375,1601.0,8083992
2025-06-25,1556.8609619140625,1614.9000244140625,1619.9000244140625,1585.0999755859375,1590.0,7813533
2025-06-26,1557.92138671875,1616.0,1624.0,1606.5999755859375,1608.800048828125,6519233
2025-06-27,1550.208984375,1608.0,1629.5999755859375,1602.4000244140625,1619.0,8912268
2025-06-30,1544.2318115234375,1601.800048828125,1615.0,1594.0999755859375,1615.0,6294505
2025-07-01,1549.05224609375,1606.800048828125,1617.699951171875,1600.5,1609.0,4178937
2025-07-02,1552.619140625,1610.5,1649.0,1603.4000244140625,1618.0,8653641
2025-07-03,1560.5244140625,1618.699951171875,1632.4000244140625,1615.0,1618.5,5259695
2025-07-04,1581.733642578125,1640.699951171875,1643.4000244140625,1612.300048828125,1625.0,4411273
2025-07-07,1568.5262451171875,1627.0,1644.0,1623.0,1640.0,3294523
2025-07-08,1579.8055419921875,1638.699951171875,1646.199951171875,1621.5,1628.0,4590681
2025-07-09,1574.9853515625,1633.699951171875,1638.0,1623.5999755859375,1637.800048828125,4580828
2025-07-10,1557.728759765625,1615.800048828125,1638.9000244140625,1607.0999755859375,1638.9000244140625,5330179
2025-07-11,1537.5797119140625,1594.9000244140625,1607.0999755859375,1563.0,1579.0999755859375,11391755
2025-07-14,1513.8638916015625,1570.300048828125,1591.800048828125,1559.800048828125,1591.800048828125,9173426
2025-07-15,1528.614013671875,1585.5999755859375,1603.5999755859375,1564.0,1565.0999755859375,7614807
2025-07-16,1550.1126708984375,1607.9000244140625,1612.0,1578.5,1579.0,6223491
2025-07-17,1526.589599609375,1583.5,1610.0,1580.0999755859375,1598.0,7374814
2025-07-18,1529.095947265625,1586.0999755859375,1599.300048828125,1580.0,1592.0999755859375,5161833
2025-07-21,1527.36083984375,1584.300048828125,1589.0,1566.800048828125,1580.0,3682661
2025-07-22,1514.4423828125,1570.9000244140625,1585.800048828125,1565.0,1565.0,8473741
2025-07-23,1517.9129638671875,1574.5,1591.9000244140625,1550.0,1576.300048828125,8035026
2025-07-24,1496.70361328125,1552.5,1582.0,1548.199951171875,1580.0,14169664
2025-07-25,1461.2261962890625,1515.699951171875,1549.5,1511.300048828125,1543.4000244140625,10851259
2025-07-28,1461.515380859375,1516.0,1519.300048828125,1482.5,1513.9000244140625,6439855
2025-07-29,1459.2979736328125,1513.699951171875,1517.199951171875,1496.0999755859375,1512.9000244140625,7070448
2025-07-30,1464.40771484375,1519.0,1521.699951171875,1506.0,1519.9000244140625,5719051
2025-07-31,1454.76708984375,1509.0,1527.0999755859375,1497.0,1509.699951171875,6851407
2025-08-01,1416.782958984375,1469.5999755859375,1498.699951171875,1465.5,1493.9000244140625,8702978
2025-08-04,1427.291259765625,1480.5,1482.800048828125,1451.0,1461.5,8610216
2025-08-05,1407.8172607421875,1460.300048828125,1478.699951171875,1455.0,1478.699951171875,10213323
2025-08-06,1385.0654296875,1436.699951171875,1456.0999755859375,1430.300048828125,1452.0,10566934
2025-08-07,1385.2581787109375,1436.9000244140625,1442.0,1414.199951171875,1430.0,9892020
2025-08-08,1371.9542236328125,1423.0999755859375,1433.199951171875,1417.0999755859375,1425.0,10048009
2025-08-11,1376.870849609375,1428.199951171875,1433.4000244140625,1414.0,1419.9000244140625,6625368
2025-08-12,1372.9183349609375,1424.0999755859375,1441.0,1421.0,1428.199951171875,9899184
2025-08-13,1375.3284912109375,1426.5999755859375,1434.0,1422.4000244140625,1425.0,10318063
2025-08-14,1395.6700439453125,1447.699951171875,1470.0,1426.199951171875,1426.199951171875,12902347
2025-08-18,1384.19775390625,1435.800048828125,1464.699951171875,1429.5999755859375,1464.699951171875,7254561
2025-08-19,1388.2469482421875,1440.0,1449.4000244140625,1432.699951171875,1432.699951171875,3986094
2025-08-20,1442.427001953125,1496.199951171875,1499.0,1440.699951171875,1440.699951171875,10413061
2025-08-21,1442.619873046875,1496.4000244140625,1508.0,1484.300048828125,1508.0,6565539
2025-08-22,1434.0396728515625,1487.5,1504.300048828125,1486.0999755859375,1498.0999755859375,5543397
2025-08-25,1477.0367431640625,1532.0999755859375,1539.0,1506.699951171875,1506.699951171875,10694531
2025-08-26,1474.6265869140625,1529.5999755859375,1538.4000244140625,1518.5999755859375,1523.0,15994798
2025-08-28,1446.1868896484375,1500.0999755859375,1529.5999755859375,1498.0,1529.5999755859375,5443364
2025-08-29,1416.782958984375,1469.5999755859375,1501.9000244140625,1467.699951171875,1501.9000244140625,8169075
2025-09-01,1445.5120849609375,1499.4000244140625,1503.4000244140625,1476.199951171875,1476.699951171875,4546057
2025-09-02,1444.837158203125,1498.699951171875,1512.800048828125,1486.300048828125,1499.4000244140625,5218763
2025-09-03,1425.9415283203125,1479.0999755859375,1501.9000244140625,1473.0,1500.0,4623483
2025-09-04,1410.4202880859375,1463.0,1484.0,1460.0999755859375,1484.0,5787724
2025-09-05,1392.681396484375,1444.5999755859375,1472.699951171875,1433.0,1470.0,5466487
2025-09-08,1381.402099609375,1432.9000244140625,1458.0,1428.300048828125,1451.0,3811567
2025-09-09,1450.2359619140625,1504.300048828125,1507.199951171875,1472.5,1481.0,13072640
2025-09-10,1477.518798828125,1532.5999755859375,1534.9000244140625,1509.300048828125,1510.0999755859375,7281071
2025-09-11,1455.4417724609375,1509.699951171875,1527.5,1506.5,1523.9000244140625,8003662
2025-09-12,1470.7703857421875,1525.5999755859375,1542.9000244140625,1521.0999755859375,1537.0,12856963
2025-09-15,1454.1885986328125,1508.4000244140625,1527.5,1501.199951171875,1525.5999755859375,6167414
2025-09-16,1456.9844970703125,1511.300048828125,1514.0,1503.5,1508.4000244140625,8923112
2025-09-17,1467.685546875,1522.4000244140625,1526.699951171875,1514.0,1516.9000244140625,4795698
2025-09-18,1485.2313232421875,1540.5999755859375,1555.0,1538.5,1550.0,9331945
2025-09-19,1484.845703125,1540.199951171875,1551.300048828125,1520.0999755859375,1544.5999755859375,12988129
2025-09-22,1445.6083984375,1499.5,1514.699951171875,1482.0,1482.699951171875,15655204
2025-09-23,1443.6802978515625,1497.5,1513.0,1493.0,1493.0,9832164
2025-09-24,1440.884521484375,1494.5999755859375,1496.699951171875,1482.699951171875,1487.199951171875,4937004
2025-09-25,1431.436767578125,1484.800048828125,1502.699951171875,1476.5,1489.0,9491867
2025-09-26,1396.8270263671875,1448.9000244140625,1478.699951171875,1441.199951171875,1475.0,8597058
2025-09-29,1389.982177734375,1441.800048828125,1465.0,1436.5,1460.0,10513117
2025-09-30,1389.982177734375,1441.800048828125,1452.199951171875,1438.0999755859375,1443.0,7556305
2025-10-01,1393.83837890625,1445.800048828125,1449.5,1427.4000244140625,1446.0,6250692
2025-10-03,1394.609619140625,1446.5999755859375,1448.300048828125,1433.199951171875,1439.0,6877533
2025-10-06,1422.9530029296875,1476.0,1478.800048828125,1442.300048828125,1446.5999755859375,4630590
2025-10-07,1406.0819091796875,1458.5,1482.9000244140625,1454.0,1477.699951171875,5570320
2025-10-08,1441.2701416015625,1495.0,1498.0,1455.0,1457.0,4657192
2025-10-09,1455.0562744140625,1509.300048828125,1514.0,1487.0,1502.0,7028753
2025-10-10,1460.4549560546875,1514.9000244140625,1521.699951171875,1498.800048828125,1510.0,3738353
2025-10-13,1439.5347900390625,1493.199951171875,1504.699951171875,1483.4000244140625,1497.0,5859355
2025-10-14,1436.353515625,1489.9000244140625,1514.4000244140625,1486.5,1499.0,5600789
2025-10-15,1421.41064453125,1474.4000244140625,1488.5999755859375,1467.5,1483.9000244140625,6986098
2025-10-16,1418.61474609375,1471.5,1474.5,1460.5,1473.9000244140625,8005748
2025-10-17,1389.307373046875,1441.0999755859375,1458.4000244140625,1434.0,1454.9000244140625,16959378
2025-10-20,1408.395751953125,1460.9000244140625,1467.0,1450.0,1453.699951171875,6994246
2025-10-21,1419.482421875,1472.4000244140625,1486.0,1470.0,1478.0,1698704
2025-10-23,1473.566162109375,1528.5,1546.0,1506.0,1510.0,20358624
2025-10-24,1470.57763671875,1525.4000244140625,1543.0,1518.0,1539.5,8652257
2025-10-27,1472.633056640625,1504.5,1515.300048828125,1498.0999755859375,1510.0,7273211
2025-10-28,1468.4241943359375,1500.199951171875,1506.5,1490.5,1499.699951171875,8211019
2025-10-29,1478.408203125,1510.4000244140625,1520.199951171875,1496.9000244140625,1500.199951171875,4884976
2025-10-30,1462.1597900390625,1493.800048828125,1508.199951171875,1489.0999755859375,1507.0,5608867
2025-10-31,1450.9034423828125,1482.300048828125,1497.0999755859375,1480.699951171875,1490.0,4819814
2025-11-03,1454.0355224609375,1485.5,1491.4000244140625,1474.199951171875,1482.300048828125,5470600
2025-11-04,1436.808349609375,1467.9000244140625,1481.9000244140625,1462.9000244140625,1479.699951171875,8691330
2025-11-06,1435.6336669921875,1466.699951171875,1483.0,1461.9000244140625,1478.5999755859375,7944752
2025-11-07,1445.5198974609375,1476.800048828125,1480.9000244140625,1449.0999755859375,1470.0,8765759
2025-11-10,1481.4425048828125,1513.5,1520.0,1490.0,1490.0999755859375,9787975
2025-11-11,1497.88671875,1530.300048828125,1533.4000244140625,1511.0999755859375,1525.0,13692989
2025-11-12,1518.8333740234375,1551.699951171875,1559.199951171875,1538.0999755859375,1540.0,14635417
2025-11-13,1509.14306640625,1541.800048828125,1557.5,1530.300048828125,1557.0999755859375,19655689
2025-11-14,1470.9691162109375,1502.800048828125,1530.0,1488.800048828125,1520.0,9739549
2025-11-17,1475.66748046875,1507.5999755859375,1510.199951171875,1492.5,1496.0,7910354
2025-11-18,1454.91650390625,1486.4000244140625,1506.0,1483.199951171875,1506.0,7525119
2025-11-19,1508.4578857421875,1541.0999755859375,1543.0,1490.5,1490.5,10981126
2025-11-20,1503.955322265625,1536.5,1555.0,1534.0,1555.0,7387584
2025-11-21,1512.2752685546875,1545.0,1551.5,1526.300048828125,1531.0,9186302
2025-11-24,1515.2117919921875,1548.0,1585.0,1541.0,1563.5999755859375,19270381
2025-11-25,1498.1802978515625,1530.5999755859375,1550.5999755859375,1525.9000244140625,1549.0,8107952
2025-11-26,1524.902099609375,1557.9000244140625,1560.300048828125,1532.0999755859375,1532.0999755859375,7575038
2025-11-27,1533.2220458984375,1566.4000244140625,1574.300048828125,1552.199951171875,1564.0,7552252
2025-11-28,1527.055419921875,1560.0999755859375,1568.4000244140625,1557.0,1565.0,4453221
2025-12-01,1530.872802734375,1564.0,1574.0,1556.0,1562.5,5341800
2025-12-02,1527.9364013671875,1561.0,1579.9000244140625,1556.0999755859375,1567.0,6335969
2025-12-03,1545.261474609375,1578.699951171875,1586.0,1554.0999755859375,1555.0999755859375,12895312
2025-12-04,1563.7611083984375,1597.5999755859375,1599.0,1568.0,1568.0,12609619
2025-12-05,1581.9671630859375,1616.199951171875,1631.800048828125,1600.0,1610.0,10344725
2025-12-08,1576.681640625,1610.800048828125,1630.0,1600.199951171875,1617.0999755859375,7550413
2025-12-09,1565.1314697265625,1599.0,1606.9000244140625,1582.4000244140625,1601.199951171875,6957599
2025-12-10,1551.2322998046875,1584.800048828125,1608.0,1582.800048828125,1608.0,5116140
2025-12-11,1564.1527099609375,1598.0,1607.4000244140625,1580.5,1598.0,5159319
2025-12-12,1564.348388671875,1598.199951171875,1601.800048828125,1582.5999755859375,1601.4000244140625,4633912
2025-12-15,1572.766357421875,1606.800048828125,1610.800048828125,1585.0,1585.0,4190558
2025-12-16,1559.1607666015625,1592.9000244140625,1603.0,1585.5999755859375,1600.0,5499258
2025-12-17,1568.0679931640625,1602.0,1606.9000244140625,1586.0,1587.199951171875,4817628
2025-12-18,1592.3427734375,1626.800048828125,1630.0,1606.699951171875,1610.5,6577293
2025-12-19,1603.9906005859375,1638.699951171875,1654.9000244140625,1629.800048828125,1650.0,13149023
2025-12-22,1653.8125,1689.5999755859375,1693.199951171875,1664.0,1664.0,23098923
2025-12-23,1632.9637451171875,1668.300048828125,1679.0,1656.4000244140625,1679.0,6593060
2025-12-24,1628.16748046875,1663.4000244140625,1667.5999755859375,1652.5,1661.0,4271167
2025-12-26,1621.0220947265625,1656.0999755859375,1668.800048828125,1651.699951171875,1663.4000244140625,2006491
2025-12-29,1609.863525390625,1644.699951171875,1673.0999755859375,1637.0999755859375,1658.0,4062817
2025-12-30,1587.2528076171875,1621.5999755859375,1647.9000244140625,1616.800048828125,1647.0,9395937
2025-12-31,1581.1842041015625,1615.4000244140625,1628.5999755859375,1609.199951171875,1621.0,6538656
2026-01-01,1595.2791748046875,1629.800048828125,1639.5999755859375,1614.0999755859375,1615.4000244140625,3658165
2026-01-02,1605.6546630859375,1640.4000244140625,1643.5,1627.5,1635.9000244140625,2524526
2026-01-05,1572.374755859375,1606.4000244140625,1637.0,1583.0999755859375,1637.0,5917885
2026-01-06,1578.0518798828125,1612.199951171875,1619.9000244140625,1599.0,1600.0999755859375,4466729
2026-01-07,1604.2843017578125,1639.0,1642.0,1615.0,1615.0,4508079
2026-01-08,1579.128662109375,1613.300048828125,1644.300048828125,1608.5999755859375,1638.9000244140625,3942131
2026-01-09,1579.91162109375,1614.0999755859375,1631.300048828125,1607.0,1610.0,6816681
2026-01-12,1562.09716796875,1595.9000244140625,1613.300048828125,1592.5999755859375,1610.0999755859375,6985362
2026-01-13,1565.1314697265625,1599.0,1618.0,1586.4000244140625,1618.0,8080618
2026-01-14,1565.91455078125,1599.800048828125,1617.0,1583.0999755859375,1588.0,7557157
2026-01-15,1565.91455078125,1599.800048828125,1599.800048828125,1599.800048828125,1599.800048828125,0
2026-01-16,1654.00830078125,1689.800048828125,1694.0,1653.4000244140625,1663.699951171875,19335957
2026-01-19,1645.59033203125,1681.199951171875,1685.0,1666.5,1685.0,5104958
2026-01-20,1623.7628173828125,1658.9000244140625,1680.199951171875,1652.9000244140625,1673.0,6406503
2026-01-21,1619.358154296875,1654.4000244140625,1657.0,1631.199951171875,1651.0,6224582
2026-01-22,1628.265380859375,1663.5,1671.199951171875,1653.800048828125,1666.0,6228892
2026-01-23,1635.4107666015625,1670.800048828125,1675.699951171875,1662.199951171875,1667.199951171875,5869137
2026-01-27,1647.05859375,1682.699951171875,1689.4000244140625,1661.0999755859375,1685.800048828125,10673087
2026-01-28,1631.2017822265625,1666.5,1688.800048828125,1650.0,1680.0,8588664
2026-01-29,1624.35009765625,1659.5,1666.5,1642.0999755859375,1658.0,4749582
2026-01-30,1606.241943359375,1641.0,1655.0,1618.0999755859375,1655.0,9207926
2026-02-02,1594.8875732421875,1629.4000244140625,1662.0,1618.0,1662.0,6784887
2026-02-03,1620.9241943359375,1656.0,1728.0,1653.0,1727.199951171875,8805868
2026-02-04,1503.2701416015625,1535.800048828125,1584.9000244140625,1510.0999755859375,1574.0,28828622
2026-02-05,1488.00048828125,1520.199951171875,1551.0,1515.699951171875,1534.0,10628127
2026-02-06,1475.177978515625,1507.0999755859375,1525.0,1480.0,1522.0999755859375,13900866
2026-02-09,1465.4876708984375,1497.199951171875,1528.0,1493.0,1522.0999755859375,8294615
2026-02-10,1466.0750732421875,1497.800048828125,1515.9000244140625,1491.0,1500.0,8657000
2026-02-11,1440.7236328125,1471.9000244140625,1505.9000244140625,1469.0,1501.199951171875,7934411
2026-02-12,1356.64306640625,1386.0,1435.699951171875,1380.5,1428.9000244140625,26048896
2026-02-13,1340.1009521484375,1369.0999755859375,1377.300048828125,1281.5,1293.9000244140625,45785709
2026-02-16,1336.6751708984375,1365.5999755859375,1376.0,1338.300048828125,1373.699951171875,14621891
2026-02-17,1361.73291015625,1391.199951171875,1431.0,1367.0,1370.0,25347684
2026-02-18,1344.603515625,1373.699951171875,1401.0,1345.300048828125,1390.9000244140625,20241373
2026-02-19,1341.471435546875,1370.5,1402.0,1363.199951171875,1385.0,14574228
2026-02-20,1324.5377197265625,1353.199951171875,1365.0,1338.199951171875,1359.199951171875,12633552
2026-02-23,1299.3822021484375,1327.5,1352.0,1318.0,1352.0,12887826
2026-02-24,1248.4835205078125,1275.5,1303.5999755859375,1264.0999755859375,1301.0,27839061
2026-02-25,1262.7742919921875,1290.0999755859375,1323.5999755859375,1286.199951171875,1286.199951171875,16669618
2026-02-26,1261.7955322265625,1289.0999755859375,1314.0,1286.300048828125,1305.5,11493914
2026-02-27,1272.5625,1300.0999755859375,1335.0,1294.199951171875,1326.300048828125,23141724
2026-03-02,1261.5997314453125,1288.9000244140625,1298.800048828125,1273.0,1291.0,9700361
2026-03-04,1279.7078857421875,1307.4000244140625,1317.0,1292.0,1292.0,15154950
2026-03-05,1278.141845703125,1305.800048828125,1320.0,1290.0999755859375,1320.0,10362147
2026-03-06,1280.686767578125,1308.4000244140625,1327.199951171875,1303.0,1303.0,8724291
2026-03-09,1287.14697265625,1315.0,1318.0,1282.5,1290.0,10068514
2026-03-10,1268.1578369140625,1295.5999755859375,1321.0,1284.0999755859375,1320.0,9600171
2026-03-11,1249.2667236328125,1276.300048828125,1299.5,1271.300048828125,1288.0,7868891
2026-03-12,1238.9891357421875,1265.800048828125,1278.5999755859375,1258.0,1272.5,7599940
2026-03-13,1221.8597412109375,1248.300048828125,1269.5999755859375,1242.5999755859375,1251.0,7366098
2026-03-16,1223.3280029296875,1249.800048828125,1254.300048828125,1224.199951171875,1240.199951171875,12314450
2026-03-17,1206.785888671875,1232.9000244140625,1245.0,1215.0999755859375,1245.0,11223276
2026-03-18,1240.261474609375,1267.0999755859375,1290.800048828125,1234.9000244140625,1238.0,12365381
2026-03-19,1194.9422607421875,1220.800048828125,1255.0,1215.0999755859375,1244.199951171875,9156461
2026-03-20,1229.2987060546875,1255.9000244140625,1264.800048828125,1229.199951171875,1242.0,27299975
2026-03-23,1230.1796875,1256.800048828125,1261.0999755859375,1227.4000244140625,1238.199951171875,12420293
2026-03-24,1251.224365234375,1278.300048828125,1297.0,1251.0,1269.0,13613495
2026-03-25,1252.00732421875,1279.0999755859375,1290.5999755859375,1257.0999755859375,1270.0,10824030
2026-03-27,1242.806396484375,1269.699951171875,1294.800048828125,1263.199951171875,1285.199951171875,13092541
2026-03-30,1224.1109619140625,1250.5999755859375,1265.5,1243.0,1250.0,14108486
2026-04-01,1248.6793212890625,1275.699951171875,1303.0,1269.5,1290.0,8137156
2026-04-02,1273.247802734375,1300.800048828125,1305.4000244140625,1259.800048828125,1260.0,12873492
2026-04-06,1278.5333251953125,1306.199951171875,1320.0,1299.0,1301.4000244140625,10208682
2026-04-07,1311.0301513671875,1339.4000244140625,1345.0999755859375,1293.5,1302.0,15355792
2026-04-08,1317.68603515625,1346.199951171875,1376.9000244140625,1331.0,1349.0,16030133
2026-04-09,1303.395263671875,1331.5999755859375,1337.5,1314.0,1329.9000244140625,14894607
2026-04-10,1265.12353515625,1292.5,1318.9000244140625,1283.300048828125,1318.0,19233369
2026-04-13,1249.756103515625,1276.800048828125,1289.0,1265.699951171875,1272.0,10366082
2026-04-15,1277.6524658203125,1305.300048828125,1322.5,1300.5,1306.300048828125,12098912
2026-04-16,1291.2579345703125,1319.199951171875,1331.0,1309.0,1322.0999755859375,18527029
2026-04-17,1290.7685546875,1318.699951171875,1328.300048828125,1306.0999755859375,1313.0,12064048
2026-04-20,1284.7977294921875,1312.5999755859375,1324.9000244140625,1308.0999755859375,1320.0,7172300
2026-04-21,1285.385009765625,1313.199951171875,1325.0,1299.300048828125,1310.0,10057440
2026-04-22,1241.729736328125,1268.5999755859375,1297.699951171875,1255.9000244140625,1295.0,20088378
2026-04-23,1214.32275390625,1240.5999755859375,1265.699951171875,1226.0,1254.0,14792854
2026-04-24,1130.144287109375,1154.5999755859375,1223.9000244140625,1152.199951171875,1200.0,42078914
2026-04-27,1145.5118408203125,1170.300048828125,1179.9000244140625,1154.5,1154.5999755859375,19579883
2026-04-28,1127.697265625,1152.0999755859375,1169.4000244140625,1149.800048828125,1162.699951171875,12720276
2026-04-29,1142.7711181640625,1167.5,1178.199951171875,1156.800048828125,1158.5,8303109
2026-04-30,1156.768310546875,1181.800048828125,1189.800048828125,1159.5999755859375,1167.5,12205669
2026-05-01,1156.768310546875,1181.800048828125,1181.800048828125,1181.800048828125,1181.800048828125,0
2026-05-04,1143.652099609375,1168.4000244140625,1195.0,1165.199951171875,1195.0,7735811
2026-05-05,1153.1466064453125,1178.0999755859375,1185.199951171875,1160.0999755859375,1169.5,8164108
2026-05-06,1142.4774169921875,1167.199951171875,1191.5,1164.0999755859375,1187.0,9856963
2026-05-07,1138.07275390625,1162.699951171875,1175.4000244140625,1159.199951171875,1173.0,12013987
2026-05-08,1154.2232666015625,1179.199951171875,1183.5,1158.800048828125,1161.0,7582770
2026-05-11,1152.0699462890625,1177.0,1187.0,1172.0999755859375,1176.0,7336288
2026-05-12,1116.1473388671875,1140.300048828125,1162.0,1123.0,1162.0,16891948
2026-05-13,1099.3115234375,1123.0999755859375,1142.5999755859375,1121.0,1136.5999755859375,6664111
2026-05-14,1071.8067626953125,1095.0,1121.9000244140625,1089.0,1119.800048828125,16914842
2026-05-15,1095.2984619140625,1119.0,1133.199951171875,1101.5999755859375,1102.0,17482450
2026-05-18,1118.3006591796875,1142.5,1146.0999755859375,1118.0,1119.0,12096377
2026-05-19,1171.5484619140625,1196.9000244140625,1198.4000244140625,1162.0,1162.0,32175705
2026-05-20,1168.4161376953125,1193.699951171875,1206.9000244140625,1184.9000244140625,1187.0,15121010
2026-05-21,1156.180908203125,1181.199951171875,1201.800048828125,1177.0,1196.0999755859375,10021033
2026-05-22,1149.622802734375,1174.5,1191.800048828125,1172.5,1182.5,8803066
2026-05-25,1143.75,1168.5,1185.0,1166.0999755859375,1183.0,5856136
2026-05-26,1142.966796875,1167.699951171875,1180.699951171875,1162.9000244140625,1166.300048828125,8005767
2026-05-27,1135.3321533203125,1159.9000244140625,1167.300048828125,1155.0,1161.0,6371871
2026-05-28,1135.3321533203125,1159.9000244140625,1159.9000244140625,1159.9000244140625,1159.9000244140625,0
2026-05-29,1136.3109130859375,1160.9000244140625,1210.0,1153.5999755859375,1182.0,69085430
2026-06-01,1177.02978515625,1202.5,1217.0,1173.699951171875,1175.0,19439331
2026-06-02,1243.8831787109375,1270.800048828125,1278.9000244140625,1232.5,1232.5,36032600
2026-06-03,1196.7039794921875,1222.5999755859375,1249.9000244140625,1216.0,1242.0999755859375,18534303
2026-06-04,1175.855224609375,1201.300048828125,1215.199951171875,1196.199951171875,1208.0,12755957
2026-06-05,1172.1357421875,1197.5,1223.800048828125,1194.300048828125,1220.0,8692290
2026-06-08,1162.4453125,1187.5999755859375,1200.699951171875,1176.5,1177.5,8631711
2026-06-09,1155.300048828125,1180.300048828125,1193.5999755859375,1167.300048828125,1193.5999755859375,10984054
2026-06-10,1145.300048828125,1145.300048828125,1171.4000244140625,1143.300048828125,1160.0999755859375,8887626
2026-06-11,1114.5999755859375,1114.5999755859375,1133.699951171875,1109.0,1129.699951171875,9372176
2026-06-12,1116.4000244140625,1116.4000244140625,1123.300048828125,1111.5,1120.0,8075333
2026-06-15,1134.9000244140625,1134.9000244140625,1151.0,1123.0,1130.0,7856192
2026-06-16,1143.5999755859375,1143.5999755859375,1153.800048828125,1123.199951171875,1136.9000244140625,10456090
2026-06-17,1157.699951171875,1157.699951171875,1162.5,1148.0,1149.0,5995119
2026-06-18,1127.5,1127.5,1142.9000244140625,1125.300048828125,1142.9000244140625,16781447
2026-06-19,1051.4000244140625,1051.4000244140625,1066.0,1030.0,1062.300048828125,45665442
2026-06-22,1065.4000244140625,1065.4000244140625,1080.300048828125,1055.0,1055.0,10178505
2026-06-23,1029.300048828125,1029.300048828125,1055.300048828125,1026.0,1053.800048828125,19323064
2026-06-24,1056.5999755859375,1056.5999755859375,1065.5,1037.699951171875,1040.9000244140625,12346266
2026-06-25,1041.199951171875,1041.199951171875,1068.0,1039.0999755859375,1065.0,15866779
2026-06-26,1041.199951171875,1041.199951171875,1041.199951171875,1041.199951171875,1041.199951171875,0
2026-06-29,1036.699951171875,1036.699951171875,1046.5999755859375,1029.0999755859375,1037.0999755859375,15080892
2026-06-30,1000.4000244140624,1000.4000244140624,1030.4000244140625,996.0,1030.0,24128263
2026-07-01,985.2999877929688,985.2999877929688,1014.0,982.4000244140624,1006.0,13037982
2026-07-02,1040.9000244140625,1040.9000244140625,1045.0,1006.0,1006.4000244140624,18741111
2026-07-03,1047.199951171875,1047.199951171875,1068.699951171875,1042.0,1063.0,11653534
2026-07-06,1042.199951171875,1042.199951171875,1053.0,1033.0,1050.0999755859375,5559747
2026-07-07,1071.800048828125,1071.800048828125,1087.5,1040.5999755859375,1040.5999755859375,18866296
2026-07-08,1069.300048828125,1069.300048828125,1079.699951171875,1064.4000244140625,1071.9000244140625,13022221
2026-07-09,1050.800048828125,1050.800048828125,1062.699951171875,1040.4000244140625,1062.699951171875,9003333
2026-07-10,1068.0,1068.0,1091.300048828125,1064.699951171875,1075.0,9747266
2026-07-13,1102.5999755859375,1102.5999755859375,1114.9000244140625,1057.0999755859375,1057.0999755859375,20994760
2026-07-14,1092.9000244140625,1092.9000244140625,1113.5,1090.0,1107.800048828125,14819413
2026-07-15,1076.300048828125,1076.300048828125,1088.0999755859375,1073.0,1079.0,8501933
2026-07-16,1082.4000244140625,1082.4000244140625,1097.300048828125,1077.9000244140625,1082.5,8592146
2026-07-17,1096.5,1096.5,1116.800048828125,1092.0,1105.0,12547728
2026-07-20,1087.0999755859375,1087.0999755859375,1103.800048828125,1083.199951171875,1102.0,6372645
2026-07-21,1073.5,1073.5,1094.5,1067.199951171875,1080.0,9485229
2026-07-22,1052.0999755859375,1052.0999755859375,1069.300048828125,1046.199951171875,1064.0,7517203
2026-07-23,1047.4000244140625,1047.4000244140625,1058.5,1032.0,1046.9000244140625,13794578
2026-07-24,1040.9000244140625,1040.9000244140625,1043.4000244140625,1013.9000244140624,1028.0,29036900
2026-07-27,1079.199951171875,1079.199951171875,1082.0,1057.4000244140625,1065.0,15956349
2026-07-28,1105.699951171875,1105.699951171875,1118.5,1097.0,1097.0,28100895
2026-07-29,1155.5999755859375,1155.5999755859375,1164.5,1128.4000244140625,1147.0,34400369
2026-07-30,1155.0999755859375,1155.0999755859375,1187.699951171875,1151.300048828125,1168.0,22630218
2026-07-31,1130.0999755859375,1130.0999755859375,1139.300048828125,1107.199951171875,1118.9000244140625,14367075
2026-08-03,1180.0,1180.0,1180.0,1138.0999755859375,1145.0999755859375,8582270
2026-08-04,1167.5,1167.5,1175.699951171875,1153.300048828125,1168.0,9243589
2026-08-05,1174.0,1174.0,1177.5,1162.300048828125,1174.699951171875,9964155
2026-08-06,1165.0,1165.0,1185.800048828125,1163.0,1174.0999755859375,8521064
2026-08-07,1175.0999755859375,1175.0999755859375,1183.0,1155.5999755859375,1160.0,7581410
2026-08-10,1183.0,1183.0,1195.0,1175.199951171875,1178.0999755859375,9377001
2026-08-11,1189.4000244140625,1189.4000244140625,1193.5,1182.0,1188.0,6229686
2026-08-12,,1176.0999755859375,1190.4000244140625,1163.300048828125,1185.5999755859375,7529777
2026-08-13,,1175.0,1175.0,1157.0,1170.0,6234215
2026-08-14,,1169.199951171875,1174.0999755859375,1158.9000244140625,1170.4000244140625,5844763
