Date,Adj Close,Close,High,Low,Open,Volume
2021-08-11,275.385009765625,286.95001220703125,288.6600036621094,285.8599853515625,287.2099914550781,13955900
2021-08-12,278.12969970703125,289.80999755859375,289.9700012207031,286.3399963378906,286.6300048828125,14561300
2021-08-13,281.0471496582031,292.8500061035156,292.8999938964844,289.29998779296875,289.4800109863281,18249000
2021-08-16,282.72662353515625,294.6000061035156,294.82000732421875,290.0199890136719,293.19000244140625,22507600
2021-08-17,281.2679138183594,293.0799865722656,293.42999267578125,291.0799865722656,292.3900146484375,20075300
2021-08-18,279.5467529296875,290.7300109863281,294.82000732421875,290.2699890136719,292.0400085449219,21813000
2021-08-19,285.3544616699219,296.7699890136719,297.4700012207031,288.6400146484375,288.69000244140625,29850500
2021-08-20,292.6524963378906,304.3599853515625,305.8399963378906,298.05999755859375,299.7200012207031,40817600
2021-08-23,292.93133544921875,304.6499938964844,305.3999938964844,301.8500061035156,303.25,22830200
2021-08-24,290.9794006347656,302.6199951171875,305.6499938964844,302.0,305.0199890136719,18175800
2021-08-25,290.3929138183594,302.010009765625,304.5899963378906,300.4200134277344,304.29998779296875,20006100
2021-08-26,287.585205078125,299.0899963378906,302.42999267578125,298.95001220703125,300.989990234375,17666100
2021-08-27,288.1910095214844,299.7200012207031,300.8699951171875,296.8299865722656,298.989990234375,22605700
2021-08-30,291.9120788574219,303.5899963378906,304.2200012207031,301.05999755859375,301.1199951171875,16348100
2021-08-31,290.2678527832031,301.8800048828125,304.5,301.5,304.4200134277344,26285300
2021-09-01,290.2197265625,301.8299865722656,305.19000244140625,301.489990234375,302.8699951171875,18983800
2021-09-02,289.5658874511719,301.1499938964844,303.3599853515625,300.17999267578125,302.20001220703125,16285600
2021-09-03,289.5563659667969,301.1400146484375,302.6000061035156,300.260009765625,300.989990234375,14747900
2021-09-07,288.63330078125,300.17999267578125,301.0899963378906,298.20001220703125,301.010009765625,17180400
2021-09-08,288.6620788574219,300.2099914550781,300.6099853515625,297.4700012207031,299.7799987792969,15046800
2021-09-09,285.81597900390625,297.25,302.1400146484375,297.0,300.82000732421875,19927000
2021-09-10,284.335205078125,295.7099914550781,299.9200134277344,295.3800048828125,298.4200134277344,19633400
2021-09-13,285.56591796875,296.989990234375,298.5400085449219,294.0799865722656,297.54998779296875,23652900
2021-09-14,288.25830078125,299.7900085449219,301.3900146484375,298.1000061035156,299.55999755859375,21853400
2021-09-15,293.09478759765625,304.82000732421875,305.32000732421875,301.82000732421875,303.260009765625,28356300
2021-09-16,293.4793395996094,305.2200012207031,305.30999755859375,300.760009765625,303.760009765625,19550800
2021-09-17,288.335205078125,299.8699951171875,304.5,299.5299987792969,304.1700134277344,41372500
2021-09-20,282.97943115234375,294.29998779296875,298.7200012207031,289.5199890136719,296.3299865722656,38278700
2021-09-21,283.460205078125,294.79998779296875,297.5400085449219,294.07000732421875,295.69000244140625,22364100
2021-09-22,287.0947570800781,298.5799865722656,300.2200012207031,294.510009765625,296.7300109863281,26626300
2021-09-23,288.037109375,299.55999755859375,300.8999938964844,297.5299987792969,298.8500061035156,18604600
2021-09-24,287.8351745605469,299.3500061035156,299.79998779296875,296.92999267578125,298.2300109863281,14999000
2021-09-27,282.8544616699219,294.1700134277344,296.4700012207031,292.94000244140625,296.1400146484375,23571700
2021-09-28,272.61407470703125,283.5199890136719,290.7799987792969,282.75,289.79998779296875,43186200
2021-09-29,273.07568359375,284.0,286.7699890136719,283.010009765625,285.1000061035156,26353700
2021-09-30,271.0756530761719,281.9200134277344,287.8299865722656,281.6199951171875,285.7099914550781,32343600
2021-10-01,277.9794921875,289.1000061035156,289.9800109863281,281.2900085449219,282.1199951171875,30086300
2021-10-04,272.2198791503906,283.1099853515625,287.75,280.25,287.3999938964844,31350700
2021-10-05,277.65252685546875,288.760009765625,290.3999938964844,284.04998779296875,284.04998779296875,24993000
2021-10-06,281.8351745605469,293.1099853515625,293.6300048828125,285.510009765625,285.7799987792969,28002600
2021-10-07,283.50830078125,294.8500061035156,296.6400146484375,293.9200134277344,295.17999267578125,20430500
2021-10-08,283.50830078125,294.8500061035156,296.6400146484375,293.760009765625,296.2200012207031,17685700
2021-10-11,282.9122009277344,294.2300109863281,297.9700012207031,292.75,292.9200134277344,19298600
2021-10-12,281.61407470703125,292.8800048828125,295.44000244140625,292.3500061035156,295.3399963378906,17974100
2021-10-13,284.9121398925781,296.30999755859375,297.2799987792969,293.489990234375,294.9100036621094,23416300
2021-10-14,291.10443115234375,302.75,303.2699890136719,297.8299865722656,299.2099914550781,27262900
2021-10-15,292.5082702636719,304.2099914550781,304.45001220703125,300.5199890136719,302.3399963378906,25384800
2021-10-18,295.46978759765625,307.2900085449219,308.2099914550781,302.69000244140625,303.57000732421875,22729300
2021-10-19,296.3736572265625,308.2300109863281,309.29998779296875,307.2200012207031,308.3500061035156,17682100
2021-10-20,295.5852355957031,307.4100036621094,309.70001220703125,306.1099853515625,309.2099914550781,16537100
2021-10-21,298.8063049316406,310.760009765625,311.0199890136719,306.3599853515625,307.1700134277344,16918100
2021-10-22,297.26788330078125,309.1600036621094,311.0899963378906,307.79998779296875,310.3999938964844,17449300
2021-10-25,296.2774353027344,308.1300048828125,309.3999938964844,306.4599914550781,309.3599853515625,17554500
2021-10-26,298.1811828613281,310.1099853515625,312.3999938964844,308.6000061035156,311.0,28107300
2021-10-27,310.739013671875,323.1700134277344,326.1000061035156,316.0,316.0,52588700
2021-10-28,311.87353515625,324.3500061035156,324.8699951171875,321.3599853515625,324.3299865722656,26297900
2021-10-29,318.8638916015625,331.6199951171875,332.0,323.8999938964844,324.1300048828125,34766000
2021-11-01,316.70050048828125,329.3699951171875,331.489990234375,326.3699951171875,331.3599853515625,27073200
2021-11-02,320.3157958984375,333.1300048828125,333.45001220703125,330.0,330.30999755859375,26487100
2021-11-03,321.15234375,334.0,334.8999938964844,330.6499938964844,333.8999938964844,21500100
2021-11-04,323.49853515625,336.44000244140625,336.5400085449219,329.510009765625,332.8900146484375,23992200
2021-11-05,323.1331481933594,336.05999755859375,338.7900085449219,334.4200134277344,338.510009765625,22570100
2021-11-08,324.02734375,336.989990234375,337.6499938964844,334.44000244140625,337.29998779296875,20897000
2021-11-09,323.02740478515625,335.95001220703125,338.7200012207031,334.5299987792969,337.1099853515625,21307400
2021-11-10,318.0754699707031,330.79998779296875,334.6300048828125,329.9200134277344,334.57000732421875,25500900
2021-11-11,319.6427917480469,332.42999267578125,333.7699890136719,330.510009765625,331.25,16849800
2021-11-12,323.7677001953125,336.7200012207031,337.2300109863281,333.7900085449219,333.9200134277344,23831000
2021-11-15,323.1427307128906,336.07000732421875,337.8800048828125,334.0299987792969,337.5400085449219,16723000
2021-11-16,326.4504089355469,339.510009765625,340.6700134277344,335.510009765625,335.67999267578125,20886800
2021-11-17,326.67193603515625,339.1199951171875,342.19000244140625,338.0,338.94000244140625,19053400
2021-11-18,328.7429504394531,341.2699890136719,342.45001220703125,337.1199951171875,338.17999267578125,22463500
2021-11-19,330.5155029296875,343.1099853515625,345.1000061035156,342.20001220703125,342.6400146484375,21963400
2021-11-22,327.35589599609375,339.8299865722656,349.6700134277344,339.54998779296875,344.6199951171875,31031100
2021-11-23,325.2847900390625,337.67999267578125,339.45001220703125,333.55999755859375,337.04998779296875,30427600
2021-11-24,325.5063781738281,337.9100036621094,338.1600036621094,333.9100036621094,336.2799987792969,21661300
2021-11-26,317.5784606933594,329.67999267578125,337.92999267578125,328.1199951171875,334.3500061035156,24217200
2021-11-29,324.2733459472656,336.6300048828125,339.0299987792969,334.739990234375,334.94000244140625,28563500
2021-11-30,318.4550476074219,330.5899963378906,337.7799987792969,328.989990234375,335.32000732421875,42885600
2021-12-01,317.9637756347656,330.0799865722656,339.2799987792969,329.3900146484375,335.1300048828125,33337600
2021-12-02,317.3954772949219,329.489990234375,333.489990234375,327.79998779296875,330.29998779296875,30766000
2021-12-03,311.1532897949219,323.010009765625,332.70001220703125,318.0299987792969,331.989990234375,41779300
2021-12-06,314.21661376953125,326.19000244140625,327.45001220703125,319.2300109863281,323.95001220703125,30032600
2021-12-07,322.6261291503906,334.9200134277344,335.79998779296875,330.1000061035156,331.6400146484375,31021900
2021-12-08,322.6742858886719,334.9700012207031,335.5,330.79998779296875,335.30999755859375,24761000
2021-12-09,320.87298583984375,333.1000061035156,336.489990234375,332.1199951171875,334.4100036621094,22214200
2021-12-10,329.9664306640625,342.5400085449219,343.0,334.7900085449219,334.9800109863281,38095700
2021-12-13,326.94171142578125,339.3999938964844,343.7900085449219,339.0799865722656,340.67999267578125,28899400
2021-12-14,316.2876281738281,328.3399963378906,334.6400146484375,324.1099853515625,333.2200012207031,44438700
2021-12-15,322.3660888671875,334.6499938964844,335.19000244140625,324.5,328.6099853515625,35381100
2021-12-16,312.97393798828125,324.8999938964844,336.760009765625,323.0199890136719,335.7099914550781,35034800
2021-12-17,311.91424560546875,323.79998779296875,324.9200134277344,317.25,320.8800048828125,47750300
2021-12-20,308.16705322265625,319.9100036621094,322.79998779296875,317.57000732421875,320.04998779296875,28326500
2021-12-21,315.2762451171875,327.2900085449219,327.7300109863281,319.79998779296875,323.2900085449219,24740600
2021-12-22,320.9692687988281,333.20001220703125,333.6099853515625,325.75,328.29998779296875,24831500
2021-12-23,322.404541015625,334.69000244140625,336.3900146484375,332.7300109863281,332.75,19617800
2021-12-27,329.8796691894531,342.45001220703125,342.4800109863281,335.42999267578125,335.4599914550781,19947000
2021-12-28,328.7237243652344,341.25,343.80999755859375,340.32000732421875,343.1499938964844,15661500
2021-12-29,329.3980407714844,341.95001220703125,344.29998779296875,339.67999267578125,341.29998779296875,15042000
2021-12-30,326.8646240234375,339.32000732421875,343.1300048828125,338.82000732421875,341.9100036621094,15994500
2021-12-31,323.9747009277344,336.32000732421875,339.3599853515625,335.8500061035156,338.510009765625,18000800
2022-01-03,322.4624328613281,334.75,338.0,329.7799987792969,335.3500061035156,28865100
2022-01-04,316.9330749511719,329.010009765625,335.20001220703125,326.1199951171875,334.8299865722656,32674300
2022-01-05,304.7666015625,316.3800048828125,326.07000732421875,315.9800109863281,325.8599853515625,40054300
2022-01-06,302.3584289550781,313.8800048828125,318.70001220703125,311.489990234375,313.1499938964844,39646100
2022-01-07,302.5125732421875,314.0400085449219,316.5,310.0899963378906,314.1499938964844,32720000
2022-01-10,302.734130859375,314.2699890136719,314.7200012207031,304.69000244140625,309.489990234375,44289500
2022-01-11,303.4180603027344,314.9800109863281,316.6099853515625,309.8900146484375,313.3800048828125,29386800
2022-01-12,306.5873107910156,318.2699890136719,323.4100036621094,317.0799865722656,319.6700134277344,34372200
2022-01-13,293.6116943359375,304.79998779296875,320.8800048828125,304.0,320.4700012207031,45366000
2022-01-14,298.8135681152344,310.20001220703125,310.82000732421875,303.75,304.25,39846400
2022-01-18,291.5406494140625,302.6499938964844,309.79998779296875,301.739990234375,304.07000732421875,42333200
2022-01-19,292.1956481933594,303.3299865722656,313.9100036621094,302.70001220703125,306.2900085449219,45933900
2022-01-20,290.5291748046875,301.6000061035156,311.6499938964844,301.1400146484375,309.07000732421875,35380700
2022-01-21,285.1636657714844,296.0299987792969,304.1099853515625,295.6099853515625,302.69000244140625,57984400
2022-01-24,285.4910888671875,296.3699951171875,297.1099853515625,276.04998779296875,292.20001220703125,85731500
2022-01-25,277.9004211425781,288.489990234375,294.989990234375,285.1700134277344,291.5199890136719,72848600
2022-01-26,285.81866455078125,296.7099914550781,308.5,293.0299987792969,307.989990234375,90428900
2022-01-27,288.83380126953125,299.8399963378906,307.29998779296875,297.92999267578125,302.6600036621094,53481300
2022-01-28,296.9447937011719,308.260009765625,308.4800109863281,294.45001220703125,300.2300109863281,49743700
2022-01-31,299.5649108886719,310.9800109863281,312.3800048828125,306.3699951171875,308.95001220703125,46444500
2022-02-01,297.4264221191406,308.760009765625,310.6300048828125,305.1300048828125,310.4100036621094,40950400
2022-02-02,301.9538269042969,313.4599914550781,315.1199951171875,308.8800048828125,309.6300048828125,36636000
2022-02-03,290.1920471191406,301.25,311.2300109863281,299.9599914550781,309.489990234375,43730000
2022-02-04,294.70989990234375,305.94000244140625,308.79998779296875,299.9700012207031,300.2099914550781,35096500
2022-02-07,289.9030456542969,300.95001220703125,307.8399963378906,299.8999938964844,306.1700134277344,28533300
2022-02-08,293.38055419921875,304.55999755859375,305.55999755859375,299.95001220703125,301.25,32421200
2022-02-09,299.78643798828125,311.2099914550781,311.92999267578125,307.3900146484375,309.8699951171875,31284700
2022-02-10,291.2805480957031,302.3800048828125,309.1199951171875,300.70001220703125,304.0400085449219,45386200
2022-02-11,284.21002197265625,295.0400085449219,304.2900085449219,294.2200012207031,303.19000244140625,39175600
2022-02-14,284.1714782714844,295.0,296.760009765625,291.3500061035156,293.7699890136719,36359500
2022-02-15,289.440673828125,300.4700012207031,300.79998779296875,297.0199890136719,300.010009765625,27058300
2022-02-16,289.10284423828125,299.5,300.8699951171875,293.67999267578125,298.3699951171875,29982100
2022-02-17,280.63726806640625,290.7300109863281,296.79998779296875,290.0,296.3599853515625,32461600
2022-02-18,277.93450927734375,287.92999267578125,293.8599853515625,286.30999755859375,293.04998779296875,34264000
2022-02-22,277.7317810058594,287.7200012207031,291.5400085449219,284.5,285.0,41736100
2022-02-23,270.5404052734375,280.2699890136719,291.70001220703125,280.1000061035156,290.17999267578125,37811200
2022-02-24,284.3632507324219,294.5899963378906,295.1600036621094,271.5199890136719,272.510009765625,56989700
2022-02-25,286.9888916015625,297.30999755859375,297.6300048828125,291.6499938964844,295.1400146484375,32546700
2022-02-28,288.4175109863281,298.7900085449219,299.1400146484375,293.0,294.30999755859375,34627500
2022-03-01,284.71075439453125,294.95001220703125,299.9700012207031,292.1499938964844,296.3999938964844,31217800
2022-03-02,289.7688293457031,300.19000244140625,301.4700012207031,293.70001220703125,295.3599853515625,31873000
2022-03-03,285.64715576171875,295.9200134277344,303.1300048828125,294.04998779296875,302.8900146484375,27314500
2022-03-04,279.7974548339844,289.8599853515625,295.6600036621094,287.1700134277344,294.2900085449219,32356500
2022-03-07,269.2276916503906,278.9100036621094,289.69000244140625,278.5299987792969,288.5299987792969,43157200
2022-03-08,266.27386474609375,275.8500061035156,283.9599914550781,270.0,277.79998779296875,48159500
2022-03-09,278.4847106933594,288.5,289.6000061035156,280.7799987792969,283.44000244140625,35204500
2022-03-10,275.67572021484375,285.5899963378906,286.6000061035156,280.5799865722656,283.0199890136719,30628000
2022-03-11,270.3473205566406,280.07000732421875,289.510009765625,279.42999267578125,287.9599914550781,27209300
2022-03-14,266.8434143066406,276.44000244140625,285.3999938964844,275.82000732421875,280.3399963378906,30660700
2022-03-15,277.18157958984375,287.1499938964844,287.82000732421875,278.7300109863281,280.3500061035156,34245100
2022-03-16,284.17022705078125,294.3900146484375,294.57000732421875,283.20001220703125,289.1099853515625,37826300
2022-03-17,284.9714050292969,295.2200012207031,295.6099853515625,289.3699951171875,293.2900085449219,30816600
2022-03-18,290.0005187988281,300.42999267578125,301.0,292.7300109863281,295.3699951171875,43390600
2022-03-21,288.77471923828125,299.1600036621094,300.1400146484375,294.8999938964844,298.8900146484375,28351200
2022-03-22,293.50457763671875,304.05999755859375,305.0,298.7699890136719,299.79998779296875,27599700
2022-03-23,289.0931396484375,299.489990234375,303.2300109863281,297.7200012207031,300.510009765625,25715400
2022-03-24,293.54315185546875,304.1000061035156,304.20001220703125,298.32000732421875,299.1400146484375,24484500
2022-03-25,293.1377258300781,303.67999267578125,305.5,299.2900085449219,305.2300109863281,22566500
2022-03-28,299.9140625,310.70001220703125,310.79998779296875,304.3299865722656,304.3299865722656,29578200
2022-03-29,304.4605712890625,315.4100036621094,315.82000732421875,309.04998779296875,313.9100036621094,30393400
2022-03-30,302.96435546875,313.8599853515625,315.95001220703125,311.5799865722656,313.760009765625,28163600
2022-03-31,297.6070251464844,308.30999755859375,315.1400146484375,307.8900146484375,313.8999938964844,33422100
2022-04-01,298.67840576171875,309.4200134277344,310.1300048828125,305.5400085449219,309.3699951171875,27110500
2022-04-04,304.0357666015625,314.9700012207031,315.1099853515625,309.7099914550781,310.0899963378906,24289600
2022-04-05,300.0877685546875,310.8800048828125,314.8699951171875,309.8699951171875,313.2699890136719,23156700
2022-04-06,289.10284423828125,299.5,307.0,296.7099914550781,305.19000244140625,40110400
2022-04-07,290.9079284667969,301.3699951171875,303.6499938964844,296.3500061035156,296.6600036621094,31411200
2022-04-08,286.66064453125,296.9700012207031,301.1199951171875,296.2799987792969,300.44000244140625,24361900
2022-04-11,275.357177734375,285.260009765625,292.6099853515625,285.0,291.7900085449219,34569300
2022-04-12,272.268310546875,282.05999755859375,290.739990234375,280.489990234375,289.239990234375,30966700
2022-04-13,277.6352233886719,287.6199951171875,288.5799865722656,281.29998779296875,282.7300109863281,21907200
2022-04-14,270.1156921386719,279.8299865722656,288.30999755859375,279.32000732421875,288.0899963378906,28221600
2022-04-18,270.7816467285156,280.5199890136719,282.4599914550781,278.3399963378906,278.9100036621094,20778000
2022-04-19,275.3957824707031,285.29998779296875,286.1700134277344,278.4100036621094,279.3800048828125,22297700
2022-04-20,276.4189758300781,286.3599853515625,289.70001220703125,285.3699951171875,289.3999938964844,22906700
2022-04-21,271.0616149902344,280.80999755859375,293.29998779296875,280.05999755859375,288.5799865722656,29454600
2022-04-22,264.5169982910156,274.0299987792969,283.20001220703125,273.3800048828125,281.67999267578125,29405800
2022-04-25,270.97479248046875,280.7200012207031,281.1099853515625,270.7699890136719,273.2900085449219,35678900
2022-04-26,260.83935546875,270.2200012207031,278.3599853515625,270.0,277.5,46518400
2022-04-27,273.38800048828125,283.2200012207031,290.9700012207031,279.1600036621094,282.1000061035156,63477700
2022-04-28,279.57550048828125,289.6300048828125,290.9800109863281,281.4599914550781,285.19000244140625,33646600
2022-04-29,267.8858642578125,277.5199890136719,289.8800048828125,276.5,288.6099853515625,37073900
2022-05-02,274.5946044921875,284.4700012207031,284.94000244140625,276.2200012207031,277.7099914550781,35151100
2022-05-03,271.998046875,281.7799987792969,284.1300048828125,280.1499938964844,283.9599914550781,25978600
2022-05-04,279.91326904296875,289.9800109863281,290.8800048828125,276.7300109863281,282.5899963378906,33599300
2022-05-05,267.7218017578125,277.3500061035156,286.3500061035156,274.3399963378906,285.5400085449219,43260400
2022-05-06,265.1927795410156,274.7300109863281,279.25,271.2699890136719,274.80999755859375,37780300
2022-05-09,255.39508056640625,264.5799865722656,272.3599853515625,263.32000732421875,270.05999755859375,47726000
2022-05-10,260.1442565917969,269.5,273.75,265.07000732421875,271.69000244140625,39336400
2022-05-11,251.5050048828125,260.54998779296875,271.3599853515625,259.29998779296875,265.67999267578125,48975900
2022-05-12,246.48548889160156,255.35000610351562,259.8800048828125,250.02000427246094,257.69000244140625,51033800
2022-05-13,252.05517578125,261.1199951171875,263.0400085449219,255.35000610351562,257.3500061035156,34925100
2022-05-16,252.4219970703125,261.5,265.82000732421875,255.77999877929688,259.9599914550781,32550900
2022-05-17,257.55731201171875,266.82000732421875,268.3299865722656,262.4599914550781,266.1099853515625,28828800
2022-05-18,245.83084106445312,254.0800018310547,263.6000061035156,252.77000427246094,263.0,31356000
2022-05-19,244.92135620117188,253.13999938964844,257.6700134277344,251.8800048828125,253.89999389648438,32692300
2022-05-20,244.36013793945312,252.55999755859375,258.5400085449219,246.44000244140625,257.239990234375,39199300
2022-05-23,252.18753051757812,260.6499938964844,261.5,253.42999267578125,255.49000549316406,33175400
2022-05-24,251.1909637451172,259.6199951171875,261.3299865722656,253.5,257.8900146484375,29043900
2022-05-25,253.99681091308594,262.5199890136719,264.5799865722656,257.1300048828125,258.1400146484375,28547900
2022-05-26,257.2670593261719,265.8999938964844,267.1099853515625,261.42999267578125,262.2699890136719,25002100
2022-05-27,264.3687744140625,273.239990234375,273.3399963378906,267.55999755859375,268.4800109863281,26910800
2022-05-31,263.04327392578125,271.8699951171875,274.7699890136719,268.92999267578125,272.5299987792969,37827700
2022-06-01,263.57537841796875,272.4200134277344,277.69000244140625,270.0400085449219,275.20001220703125,25292200
2022-06-02,265.665283203125,274.5799865722656,274.6499938964844,261.6000061035156,264.45001220703125,44008200
2022-06-03,261.2533264160156,270.0199890136719,273.45001220703125,268.4100036621094,270.30999755859375,28059000
2022-06-06,260.0245361328125,268.75,274.17999267578125,267.2200012207031,272.05999755859375,22400300
2022-06-07,263.65283203125,272.5,273.1300048828125,265.94000244140625,266.6400146484375,22860700
2022-06-08,261.6306457519531,270.4100036621094,273.0,269.6099853515625,271.7099914550781,17372300
2022-06-09,256.1930847167969,264.7900085449219,272.7099914550781,264.6300048828125,267.7799987792969,26439700
2022-06-10,244.77621459960938,252.99000549316406,260.5799865722656,252.52999877929688,260.5799865722656,31422800
2022-06-13,234.3946075439453,242.25999450683594,249.02000427246094,241.52999877929688,245.11000061035156,46135800
2022-06-14,236.55218505859375,244.49000549316406,245.74000549316406,241.50999450683594,243.86000061035156,28651500
2022-06-15,243.58616638183594,251.75999450683594,255.3000030517578,246.4199981689453,248.30999755859375,33111700
2022-06-16,237.01658630371094,244.97000122070312,247.4199981689453,243.02000427246094,245.97999572753906,33169200
2022-06-17,239.60960388183594,247.64999389648438,250.5,244.02999877929688,244.6999969482422,43084800
2022-06-21,245.50184631347656,253.74000549316406,254.75,249.50999450683594,250.25999450683594,29928300
2022-06-22,244.91165161132812,253.1300048828125,257.1700134277344,250.3699951171875,251.88999938964844,25939900
2022-06-23,250.4556427001953,258.8599853515625,259.3699951171875,253.6300048828125,255.57000732421875,25861400
2022-06-24,259.0085754394531,267.70001220703125,267.9800109863281,261.7200012207031,261.80999755859375,33923200
2022-06-27,256.2899169921875,264.8900146484375,268.29998779296875,263.2799987792969,268.2099914550781,24615100
2022-06-28,248.15289306640625,256.4800109863281,266.9100036621094,256.32000732421875,263.9800109863281,27295500
2022-06-29,251.81015014648438,260.260009765625,261.9700012207031,255.75999450683594,257.5899963378906,20069800
2022-06-30,248.4915313720703,256.8299865722656,259.5299987792969,252.89999389648438,257.04998779296875,31730900
2022-07-01,251.15225219726562,259.5799865722656,259.7699890136719,254.61000061035156,256.3900146484375,22837700
2022-07-05,254.3160858154297,262.8500061035156,262.9800109863281,254.74000549316406,256.1600036621094,22941000
2022-07-06,257.5669860839844,266.2099914550781,267.989990234375,262.3999938964844,263.75,23824400
2022-07-07,259.68585205078125,268.3999938964844,269.05999755859375,265.0199890136719,265.1199951171875,20859900
2022-07-08,258.969970703125,267.6600036621094,268.1000061035156,263.2900085449219,264.7900085449219,19658800
2022-07-11,255.92218017578125,264.510009765625,266.5299987792969,262.17999267578125,265.6499938964844,19455200
2022-07-12,245.43414306640625,253.6699981689453,265.94000244140625,252.0399932861328,265.8800048828125,35868500
2022-07-13,244.5149688720703,252.72000122070312,253.5500030517578,248.11000061035156,250.19000244140625,29497400
2022-07-14,245.83084106445312,254.0800018310547,255.13999938964844,245.94000244140625,250.57000732421875,25102800
2022-07-15,248.38511657714844,256.7200012207031,260.3699951171875,254.77000427246094,255.72000122070312,29774100
2022-07-18,245.99534606933594,254.25,260.8399963378906,253.3000030517578,259.75,20975000
2022-07-19,251.10389709472656,259.5299987792969,259.7200012207031,253.67999267578125,257.5799865722656,25012600
2022-07-20,253.75491333007812,262.2699890136719,264.8699951171875,258.9100036621094,259.8999938964844,22788300
2022-07-21,256.241455078125,264.8399963378906,264.8900146484375,257.0299987792969,259.7900085449219,22404700
2022-07-22,251.9069366455078,260.3599853515625,265.3299865722656,259.07000732421875,265.239990234375,21881300
2022-07-25,250.4266357421875,258.8299865722656,261.5,256.80999755859375,261.0,21056000
2022-07-26,243.7215576171875,251.89999389648438,259.8800048828125,249.57000732421875,259.8599853515625,39348000
2022-07-27,260.0148010253906,268.739990234375,270.04998779296875,258.8500061035156,261.1600036621094,45994000
2022-07-28,267.4358215332031,276.4100036621094,277.8399963378906,267.8699951171875,269.75,33459300
2022-07-29,271.6252136230469,280.739990234375,282.0,276.6300048828125,277.70001220703125,32152800
2022-08-01,268.98382568359375,278.010009765625,281.2799987792969,275.8399963378906,277.82000732421875,21539600
2022-08-02,265.89752197265625,274.82000732421875,277.8900146484375,272.3800048828125,276.0,22754200
2022-08-03,273.2990417480469,282.4700012207031,283.5,276.6099853515625,276.760009765625,23518900
2022-08-04,274.44085693359375,283.6499938964844,283.79998779296875,280.1700134277344,281.79998779296875,18098700
2022-08-05,273.72479248046875,282.9100036621094,283.6499938964844,278.67999267578125,279.1499938964844,16774600
2022-08-08,271.2188720703125,280.32000732421875,285.9200134277344,279.32000732421875,284.04998779296875,18739200
2022-08-09,273.13458251953125,282.29998779296875,283.0799865722656,277.6099853515625,279.6400146484375,23405200
2022-08-10,279.7718505859375,289.1600036621094,289.80999755859375,286.94000244140625,288.1700134277344,24687800
2022-08-11,277.7014465332031,287.0199890136719,291.2099914550781,286.510009765625,290.8500061035156,20065900
2022-08-12,282.4326171875,291.9100036621094,291.9100036621094,286.94000244140625,288.4800109863281,22619700
2022-08-15,283.94195556640625,293.4700012207031,294.17999267578125,290.1099853515625,291.0,18085700
2022-08-16,283.2066345214844,292.7099914550781,294.0400085449219,290.4200134277344,291.989990234375,18102900
2022-08-17,282.4600830078125,291.32000732421875,293.3500061035156,289.4700012207031,289.739990234375,18253400
2022-08-18,281.3450622558594,290.1700134277344,291.9100036621094,289.0799865722656,290.19000244140625,17186200
2022-08-19,277.4472351074219,286.1499938964844,289.25,285.55999755859375,288.8999938964844,20570000
2022-08-22,269.3027648925781,277.75,282.4599914550781,277.2200012207031,282.0799865722656,25061100
2022-08-23,268.03265380859375,276.44000244140625,278.8599853515625,275.3999938964844,276.44000244140625,17527400
2022-08-24,267.4023742675781,275.7900085449219,277.2300109863281,275.1099853515625,275.4100036621094,18137000
2022-08-25,270.3692626953125,278.8500061035156,279.0199890136719,274.5199890136719,277.3299865722656,16583400
2022-08-26,259.9365234375,268.0899963378906,280.3399963378906,267.9800109863281,279.0799865722656,27549300
2022-08-29,257.16351318359375,265.2300109863281,267.3999938964844,263.8500061035156,265.8500061035156,20338500
2022-08-30,254.97222900390625,262.9700012207031,267.04998779296875,260.6600036621094,266.6700134277344,22767100
2022-08-31,253.51785278320312,261.4700012207031,267.1099853515625,261.3299865722656,265.3900146484375,24791800
2022-09-01,252.48043823242188,260.3999938964844,260.8900146484375,255.41000366210938,258.8699951171875,23263400
2022-09-02,248.27239990234375,256.05999755859375,264.739990234375,254.47000122070312,261.70001220703125,22855400
2022-09-06,245.5478515625,253.25,257.8299865722656,251.94000244140625,256.20001220703125,21328200
2022-09-07,250.2406463623047,258.0899963378906,258.8299865722656,253.22000122070312,254.6999969482422,24126700
2022-09-08,250.65757751464844,258.5199890136719,260.42999267578125,254.7899932861328,257.510009765625,20319900
2022-09-09,256.4168701171875,264.4599914550781,265.2300109863281,260.2900085449219,260.5,22084700
2022-09-12,258.54034423828125,266.6499938964844,267.45001220703125,265.1600036621094,265.7799987792969,18747700
2022-09-13,244.32618713378906,251.99000549316406,260.3999938964844,251.58999633789062,258.8399963378906,33353300
2022-09-14,244.54917907714844,252.22000122070312,254.22999572753906,249.86000061035156,253.52999877929688,23913000
2022-09-15,237.91722106933594,245.3800048828125,251.39999389648438,244.02000427246094,249.77000427246094,31530900
2022-09-16,237.29672241210938,244.74000549316406,245.3000030517578,242.05999755859375,244.25999450683594,39791800
2022-09-19,237.08338928222656,244.52000427246094,245.13999938964844,240.85000610351562,242.47000122070312,26826900
2022-09-20,235.0762939453125,242.4499969482422,243.50999450683594,239.63999938964844,242.07000732421875,26660300
2022-09-21,231.68280029296875,238.9499969482422,247.66000366210938,238.89999389648438,244.27000427246094,28625600
2022-09-22,233.65101623535156,240.97999572753906,243.86000061035156,237.57000732421875,237.8699951171875,31061200
2022-09-23,230.68409729003906,237.9199981689453,241.1300048828125,235.1999969482422,239.5399932861328,34176000
2022-09-26,230.22840881347656,237.4499969482422,241.4499969482422,236.89999389648438,237.0500030517578,27694200
2022-09-27,229.22003173828125,236.41000366210938,241.8000030517578,234.5,239.97999572753906,27018700
2022-09-28,233.73831176757812,241.07000732421875,242.3300018310547,234.72999572753906,236.80999755859375,29029700
2022-09-29,230.2769012451172,237.5,239.9499969482422,234.41000366210938,238.88999938964844,27484200
2022-09-30,225.8167724609375,232.89999389648438,240.5399932861328,232.72999572753906,238.2899932861328,35694800
2022-10-03,233.41831970214844,240.74000549316406,241.61000061035156,234.66000366210938,235.41000366210938,28880400
2022-10-04,241.31076049804688,248.8800048828125,250.36000061035156,244.97999572753906,245.08999633789062,34888400
2022-10-05,241.6210479736328,249.1999969482422,250.5800018310547,244.10000610351562,245.99000549316406,20347100
2022-10-06,239.28433227539062,246.7899932861328,250.33999633789062,246.0800018310547,247.92999267578125,20239900
2022-10-07,227.1160430908203,234.24000549316406,241.32000732421875,233.1699981689453,240.89999389648438,37769600
2022-10-10,222.27780151367188,229.25,234.55999755859375,226.72999572753906,233.0500030517578,29743600
2022-10-11,218.55459594726562,225.41000366210938,229.05999755859375,224.11000061035156,227.6199951171875,30474000
2022-10-12,218.88421630859375,225.75,227.86000061035156,223.9600067138672,225.39999389648438,21903900
2022-10-13,227.1160430908203,234.24000549316406,236.10000610351562,219.1300048828125,219.85000610351562,42551800
2022-10-14,221.60877990722656,228.55999755859375,237.24000549316406,228.33999633789062,235.5399932861328,30198600
2022-10-17,230.3059844970703,237.52999877929688,238.9600067138672,235.13999938964844,235.82000732421875,28142300
2022-10-18,231.24649047851562,238.5,243.92999267578125,235.3699951171875,243.24000549316406,26329600
2022-10-19,229.2879180908203,236.47999572753906,239.61000061035156,234.2899932861328,237.0399932861328,19985700
2022-10-20,228.96792602539062,236.14999389648438,241.30999755859375,234.8699951171875,235.77000427246094,21811000
2022-10-21,234.75640869140625,242.1199951171875,243.0,234.5,234.74000549316406,26299700
2022-10-24,239.7303466796875,247.25,247.83999633789062,241.3000030517578,243.75999450683594,24911200
2022-10-25,243.03663635253906,250.66000366210938,251.0399932861328,245.8300018310547,247.25999450683594,34775500
2022-10-26,224.2848663330078,231.32000732421875,238.3000030517578,230.05999755859375,231.1699981689453,82543200
2022-10-27,219.85382080078125,226.75,233.69000244140625,225.77999877929688,231.0399932861328,40424600
2022-10-28,228.69644165039062,235.8699951171875,236.60000610351562,226.0500030517578,226.24000549316406,40647700
2022-10-31,225.07020568847656,232.1300048828125,234.9199981689453,231.14999389648438,233.75999450683594,28357300
2022-11-01,221.23062133789062,228.1699981689453,235.74000549316406,227.3300018310547,234.60000610351562,30592300
2022-11-02,213.40609741210938,220.10000610351562,231.3000030517578,220.0399932861328,229.4600067138672,38407000
2022-11-03,207.7339630126953,214.25,220.41000366210938,213.97999572753906,220.08999633789062,36633900
2022-11-04,214.65682983398438,221.38999938964844,221.58999633789062,213.42999267578125,217.5500030517578,36789100
2022-11-07,220.9397430419922,227.8699951171875,228.41000366210938,221.27999877929688,221.99000549316406,33498000
2022-11-08,221.9093475341797,228.8699951171875,231.64999389648438,225.83999633789062,228.6999969482422,28192500
2022-11-09,217.6819305419922,224.50999450683594,228.6300048828125,224.3300018310547,227.3699951171875,27852900
2022-11-10,235.59022521972656,242.97999572753906,243.3300018310547,235.0,235.42999267578125,46268000
2022-11-11,239.59458923339844,247.11000061035156,247.99000549316406,241.92999267578125,242.99000549316406,34620200
2022-11-14,234.20372009277344,241.5500030517578,243.91000366210938,239.2100067138672,241.99000549316406,31123300
2022-11-15,234.6109619140625,241.97000122070312,247.0,240.02999877929688,245.66000366210938,31390100
2022-11-16,235.03872680664062,241.72999572753906,243.8000030517578,240.4199981689453,242.7899932861328,24093300
2022-11-17,234.9901123046875,241.67999267578125,243.25,237.6300048828125,237.77999877929688,23123500
2022-11-18,234.54287719726562,241.22000122070312,243.74000549316406,239.02999877929688,243.50999450683594,27613500
2022-11-21,235.34988403320312,242.0500030517578,244.6699981689453,241.19000244140625,241.42999267578125,26394700
2022-11-22,238.2473907470703,245.02999877929688,245.30999755859375,240.7100067138672,243.58999633789062,19665700
2022-11-23,240.72682189941406,247.5800018310547,248.27999877929688,244.27000427246094,245.11000061035156,19508500
2022-11-25,240.6393280029297,247.49000549316406,248.6999969482422,246.72999572753906,247.30999755859375,9200800
2022-11-28,235.0679168701172,241.75999450683594,246.64999389648438,240.8000030517578,246.0800018310547,24778200
2022-11-29,233.677490234375,240.3300018310547,242.7899932861328,238.2100067138672,241.39999389648438,17956300
2022-11-30,248.0775604248047,255.13999938964844,255.3300018310547,239.86000061035156,240.57000732421875,47594200
2022-12-01,247.63999938964844,254.69000244140625,256.1199951171875,250.9199981689453,253.8699951171875,26041500
2022-12-02,247.96087646484375,255.02000427246094,256.05999755859375,249.69000244140625,249.82000732421875,21528500
2022-12-05,243.2742919921875,250.1999969482422,253.82000732421875,248.05999755859375,252.00999450683594,23435300
2022-12-06,238.3349151611328,245.1199951171875,251.86000061035156,243.77999877929688,250.82000732421875,22463700
2022-12-07,237.6056671142578,244.3699951171875,246.16000366210938,242.2100067138672,244.8300018310547,20481500
2022-12-08,240.55178833007812,247.39999389648438,248.74000549316406,243.05999755859375,244.83999633789062,22611800
2022-12-09,238.62661743164062,245.4199981689453,248.30999755859375,244.16000366210938,244.6999969482422,20609700
2022-12-12,245.52032470703125,252.50999450683594,252.5399932861328,247.1699981689453,247.4499969482422,30665100
2022-12-13,249.80828857421875,256.9200134277344,263.9200134277344,253.07000732421875,261.69000244140625,42196900
2022-12-14,250.0999755859375,257.2200012207031,262.5899963378906,254.30999755859375,257.1300048828125,35410900
2022-12-15,242.11720275878906,249.00999450683594,254.1999969482422,247.33999633789062,253.72000122070312,35560400
2022-12-16,237.9167938232422,244.69000244140625,249.83999633789062,243.50999450683594,248.5500030517578,86102000
2022-12-19,233.79415893554688,240.4499969482422,245.2100067138672,238.7100067138672,244.86000061035156,29696400
2022-12-20,235.10679626464844,241.8000030517578,242.91000366210938,238.4199981689453,239.39999389648438,25150800
2022-12-21,237.66400146484375,244.42999267578125,245.6199951171875,240.11000061035156,241.69000244140625,23690600
2022-12-22,231.5967559814453,238.19000244140625,241.99000549316406,233.8699951171875,241.25999450683594,28651700
2022-12-23,232.1217803955078,238.72999572753906,238.8699951171875,233.94000244140625,236.11000061035156,21207000
2022-12-27,230.40078735351562,236.9600067138672,238.92999267578125,235.8300018310547,238.6999969482422,16688600
2022-12-28,228.03802490234375,234.52999877929688,239.72000122070312,234.1699981689453,236.88999938964844,17457100
2022-12-29,234.3386688232422,241.00999450683594,241.9199981689453,235.64999389648438,235.64999389648438,19770700
2022-12-30,233.18162536621094,239.82000732421875,239.9600067138672,236.66000366210938,238.2100067138672,21938500
2023-01-03,232.94827270507812,239.5800018310547,245.75,237.39999389648438,243.0800018310547,25740000
2023-01-04,222.7583465576172,229.10000610351562,232.8699951171875,225.9600067138672,232.27999877929688,50623400
2023-01-05,216.15634155273438,222.30999755859375,227.5500030517578,221.75999450683594,227.1999969482422,39585600
2023-01-06,218.7037811279297,224.92999267578125,225.75999450683594,219.35000610351562,223.0,43613600
2023-01-09,220.83314514160156,227.1199951171875,231.24000549316406,226.41000366210938,226.4499969482422,27369800
2023-01-10,222.5152587890625,228.85000610351562,231.30999755859375,227.3300018310547,227.75999450683594,27033900
2023-01-11,229.24371337890625,235.77000427246094,235.9499969482422,231.11000061035156,231.2899932861328,28669300
2023-01-12,231.90786743164062,238.50999450683594,239.89999389648438,233.55999755859375,235.25999450683594,27269500
2023-01-13,232.60794067382812,239.22999572753906,239.3699951171875,234.9199981689453,237.0,21333300
2023-01-17,233.69696044921875,240.35000610351562,240.91000366210938,237.08999633789062,237.97000122070312,29831300
2023-01-18,229.28262329101562,235.80999755859375,242.3800048828125,235.52000427246094,241.57000732421875,30028700
2023-01-19,225.51002502441406,231.92999267578125,235.52000427246094,230.67999267578125,233.77999877929688,28623000
2023-01-20,233.57054138183594,240.22000122070312,240.74000549316406,234.50999450683594,234.86000061035156,35389800
2023-01-23,235.865234375,242.5800018310547,245.1699981689453,239.64999389648438,241.10000610351562,31934000
2023-01-24,235.3401336669922,242.0399932861328,243.9499969482422,240.44000244140625,242.5,40234400
2023-01-25,233.9497528076172,240.61000061035156,243.3000030517578,230.89999389648438,234.47999572753906,66526600
2023-01-26,241.1351776123047,248.0,248.30999755859375,242.0,243.64999389648438,33454500
2023-01-27,241.29075622558594,248.16000366210938,249.8300018310547,246.8300018310547,248.99000549316406,26498900
2023-01-30,235.9916229248047,242.7100067138672,245.60000610351562,242.1999969482422,244.50999450683594,25867400
2023-01-31,240.95045471191406,247.80999755859375,247.9499969482422,242.9499969482422,243.4499969482422,26541100
2023-02-01,245.75369262695312,252.75,255.17999267578125,245.47000122070312,248.0,31259900
2023-02-02,257.2756652832031,264.6000061035156,264.69000244140625,257.25,258.82000732421875,39940400
2023-02-03,251.1986846923828,258.3500061035156,264.20001220703125,257.1000061035156,259.5400085449219,29077300
2023-02-06,249.6623992919922,256.7699890136719,258.29998779296875,254.77999877929688,257.44000244140625,22518000
2023-02-07,260.1537780761719,267.55999755859375,268.7699890136719,260.0799865722656,260.5299987792969,50841400
2023-02-08,259.34674072265625,266.7300109863281,276.760009765625,266.2099914550781,273.20001220703125,54686000
2023-02-09,256.3228454589844,263.6199951171875,273.9800109863281,262.79998779296875,273.79998779296875,42375100
2023-02-10,255.81723022460938,263.1000061035156,264.0899963378906,260.6600036621094,261.5299987792969,25818500
2023-02-13,263.8096923828125,271.32000732421875,274.6000061035156,267.1499938964844,267.6400146484375,44630900
2023-02-14,264.6361083984375,272.1700134277344,274.9700012207031,269.2799987792969,272.6700134277344,37047900
2023-02-15,262.52093505859375,269.32000732421875,270.7300109863281,266.17999267578125,268.32000732421875,28922400
2023-02-16,255.53195190429688,262.1499938964844,266.739990234375,261.8999938964844,264.0199890136719,29603600
2023-02-17,251.5452423095703,258.05999755859375,260.0899963378906,256.0,259.3900146484375,30000100
2023-02-21,246.291259765625,252.6699981689453,255.49000549316406,251.58999633789062,254.47999572753906,28397400
2023-02-22,245.16055297851562,251.50999450683594,254.33999633789062,250.33999633789062,254.08999633789062,22491100
2023-02-23,248.33824157714844,254.77000427246094,256.8399963378906,250.47999572753906,255.55999755859375,29219100
2023-02-24,242.92837524414062,249.22000122070312,251.0,248.10000610351562,249.9600067138672,24990900
2023-02-27,243.84461975097656,250.16000366210938,252.82000732421875,249.38999938964844,252.4600067138672,21190000
2023-02-28,243.12330627441406,249.4199981689453,251.49000549316406,248.72999572753906,249.07000732421875,22491000
2023-03-01,240.05282592773438,246.27000427246094,250.92999267578125,245.7899932861328,250.75999450683594,27565300
2023-03-02,244.77064514160156,251.11000061035156,251.39999389648438,245.61000061035156,246.5500030517578,24808200
2023-03-03,248.8451385498047,255.2899932861328,255.6199951171875,251.38999938964844,252.19000244140625,30760100
2023-03-06,250.38523864746094,256.8699951171875,260.1199951171875,255.97999572753906,256.42999267578125,24109800
2023-03-07,247.73390197753906,254.14999389648438,257.69000244140625,253.38999938964844,256.29998779296875,21473200
2023-03-08,247.29527282714844,253.6999969482422,254.5399932861328,250.80999755859375,254.0399932861328,17340200
2023-03-09,245.95008850097656,252.32000732421875,259.55999755859375,251.5800018310547,255.82000732421875,26653400
2023-03-10,242.3142547607422,248.58999633789062,252.7899932861328,247.60000610351562,251.0800018310547,28333900
2023-03-13,247.50975036621094,253.9199981689453,257.9100036621094,245.72999572753906,247.39999389648438,33339700
2023-03-14,254.20631408691406,260.7900085449219,261.07000732421875,255.86000061035156,256.75,33620300
2023-03-15,258.7388610839844,265.44000244140625,266.4800109863281,259.2099914550781,259.9800109863281,46028000
2023-03-16,269.22723388671875,276.20001220703125,276.55999755859375,263.2799987792969,265.2099914550781,54768800
2023-03-17,272.3756408691406,279.42999267578125,283.3299865722656,276.32000732421875,278.260009765625,69527400
2023-03-20,265.35748291015625,272.2300109863281,277.4800109863281,269.8500061035156,276.9800109863281,43466600
2023-03-21,266.8683166503906,273.7799987792969,275.0,269.5199890136719,274.8800048828125,34558700
2023-03-22,265.416015625,272.2900085449219,281.0400085449219,272.17999267578125,273.3999938964844,34873300
2023-03-23,270.650390625,277.6600036621094,281.05999755859375,275.20001220703125,277.94000244140625,36610900
2023-03-24,273.4869079589844,280.57000732421875,280.6300048828125,275.2799987792969,277.239990234375,28172000
2023-03-27,269.4027099609375,276.3800048828125,281.4599914550781,275.5199890136719,280.5,26840200
2023-03-28,268.28173828125,275.2300109863281,276.1400146484375,272.04998779296875,275.7900085449219,21878600
2023-03-29,273.428466796875,280.510009765625,281.1400146484375,278.4100036621094,278.9599914550781,25087000
2023-03-30,276.8790283203125,284.04998779296875,284.4599914550781,281.4800109863281,284.2300109863281,25053400
2023-03-31,281.02178955078125,288.29998779296875,289.2699890136719,283.0,283.7300109863281,32766000
2023-04-03,279.9787902832031,287.2300109863281,288.2699890136719,283.95001220703125,286.5199890136719,24883300
2023-04-04,279.92999267578125,287.17999267578125,290.45001220703125,285.6700134277344,287.2300109863281,25824300
2023-04-05,277.1617431640625,284.3399963378906,287.1499938964844,282.9200134277344,285.8500061035156,22064800
2023-04-06,284.2384948730469,291.6000061035156,292.0799865722656,282.0299987792969,283.2099914550781,29770300
2023-04-10,282.0843505859375,289.3900146484375,289.6000061035156,284.7099914550781,289.2099914550781,23103000
2023-04-11,275.6898498535156,282.8299865722656,285.9800109863281,281.6400146484375,285.75,27276600
2023-04-12,276.3332214355469,283.489990234375,287.010009765625,281.9599914550781,284.7900085449219,27403400
2023-04-13,282.52294921875,289.8399963378906,289.8999938964844,283.1700134277344,283.5899963378906,24222700
2023-04-14,278.91632080078125,286.1400146484375,288.4800109863281,283.69000244140625,287.0,20987900
2023-04-17,281.5091552734375,288.79998779296875,291.6000061035156,286.1600036621094,289.92999267578125,23836200
2023-04-18,281.0899963378906,288.3699951171875,291.760009765625,287.010009765625,291.57000732421875,20161800
2023-04-19,281.16796875,288.45001220703125,289.04998779296875,284.5400085449219,285.989990234375,17150300
2023-04-20,278.8870849609375,286.1099853515625,289.0299987792969,285.0799865722656,285.25,23244400
2023-04-21,278.5458984375,285.760009765625,286.2699890136719,283.05999755859375,285.010009765625,21676400
2023-04-24,274.6565856933594,281.7699890136719,284.95001220703125,278.7200012207031,282.0899963378906,26611000
2023-04-25,268.4669494628906,275.4200134277344,281.6000061035156,275.3699951171875,279.510009765625,45772200
2023-04-26,287.91326904296875,295.3699951171875,299.57000732421875,292.7300109863281,296.70001220703125,64599200
2023-04-27,297.1344909667969,304.8299865722656,305.20001220703125,295.25,295.9700012207031,46462600
2023-04-28,299.5031433105469,307.260009765625,308.92999267578125,303.30999755859375,304.010009765625,36469600
2023-05-01,297.8460998535156,305.55999755859375,308.6000061035156,305.1499938964844,306.9700012207031,21294100
2023-05-02,297.6998596191406,305.4100036621094,309.17999267578125,303.9100036621094,307.760009765625,26404400
2023-05-03,296.71527099609375,304.3999938964844,308.6099853515625,304.0899963378906,306.6199951171875,22360800
2023-05-04,297.6998596191406,305.4100036621094,307.760009765625,303.3999938964844,306.239990234375,22519900
2023-05-05,302.8075256347656,310.6499938964844,311.9700012207031,304.2699890136719,305.7200012207031,28197100
2023-05-08,300.8580322265625,308.6499938964844,310.20001220703125,306.0899963378906,310.1300048828125,21318600
2023-05-09,299.249755859375,307.0,310.0400085449219,306.30999755859375,308.0,21340800
2023-05-10,304.4256591796875,312.30999755859375,313.0,307.6700134277344,308.6199951171875,30078000
2023-05-11,302.28118896484375,310.1099853515625,311.1199951171875,306.260009765625,310.1000061035156,31680200
2023-05-12,301.1698913574219,308.9700012207031,310.6499938964844,306.6000061035156,310.54998779296875,19774700
2023-05-15,301.6476135253906,309.4599914550781,309.8999938964844,307.5899963378906,309.1000061035156,16336500
2023-05-16,303.8699645996094,311.739990234375,313.7099914550781,309.8299865722656,309.8299865722656,26730300
2023-05-17,306.74200439453125,314.0,314.42999267578125,310.739990234375,312.2900085449219,24315000
2023-05-18,311.1576232910156,318.5199890136719,319.0400085449219,313.7200012207031,314.5299987792969,27276000
2023-05-19,310.9817199707031,318.3399963378906,318.75,316.3699951171875,316.739990234375,27546700
2023-05-22,313.75616455078125,321.17999267578125,322.5899963378906,318.010009765625,318.6000061035156,24115700
2023-05-23,307.972900390625,315.260009765625,322.7200012207031,315.25,320.0299987792969,30797200
2023-05-24,306.59552001953125,313.8500061035156,316.5,312.6099853515625,314.7300109863281,23384900
2023-05-25,318.3865966796875,325.9200134277344,326.8999938964844,320.0,323.239990234375,43301700
2023-05-26,325.19549560546875,332.8900146484375,333.3999938964844,323.8800048828125,324.0199890136719,36630600
2023-05-30,323.5542297363281,331.2099914550781,335.739990234375,330.5199890136719,335.2300109863281,29503100
2023-05-31,320.7994689941406,328.3900146484375,335.94000244140625,327.3299865722656,332.2900085449219,45950600
2023-06-01,324.892578125,332.5799865722656,333.5299987792969,324.7200012207031,325.92999267578125,26773900
2023-06-02,327.6474304199219,335.3999938964844,337.5,332.54998779296875,334.25,25873800
2023-06-05,328.1748962402344,335.94000244140625,338.55999755859375,334.6600036621094,335.2200012207031,21307100
2023-06-06,325.9671936035156,333.67999267578125,335.3699951171875,332.1700134277344,335.3299865722656,20396200
2023-06-07,315.9052734375,323.3800048828125,334.489990234375,322.5,331.6499938964844,40717100
2023-06-08,317.7417907714844,325.260009765625,326.6400146484375,323.3500061035156,323.94000244140625,23277700
2023-06-09,319.2364196777344,326.7900085449219,329.989990234375,324.4100036621094,324.989990234375,22529000
2023-06-12,324.1795349121094,331.8500061035156,332.1000061035156,325.1600036621094,328.5799865722656,24260300
2023-06-13,326.56304931640625,334.2900085449219,336.9800109863281,330.3900146484375,334.4700012207031,22951300
2023-06-14,329.5426025390625,337.3399963378906,339.0400085449219,332.80999755859375,334.3399963378906,26003800
2023-06-15,340.0538330078125,348.1000061035156,349.8399963378906,337.20001220703125,337.4800109863281,38899100
2023-06-16,334.4172058105469,342.3299865722656,351.4700012207031,341.95001220703125,351.32000732421875,46552000
2023-06-20,330.23614501953125,338.04998779296875,342.0799865722656,335.8599853515625,339.30999755859375,26375400
2023-06-21,325.8499755859375,333.55999755859375,337.7300109863281,332.07000732421875,336.3699951171875,25117800
2023-06-22,331.8578186035156,339.7099914550781,340.1199951171875,333.3399963378906,334.1199951171875,23556800
2023-06-23,327.2762145996094,335.0199890136719,337.9599914550781,333.45001220703125,334.3599853515625,23146900
2023-06-26,321.0046081542969,328.6000061035156,336.1099853515625,328.489990234375,333.7200012207031,21520600
2023-06-27,326.8366394042969,334.57000732421875,336.1499938964844,329.29998779296875,331.8599853515625,24354100
2023-06-28,328.0870361328125,335.8500061035156,337.9800109863281,333.80999755859375,334.6600036621094,20259500
2023-06-29,327.3055114746094,335.04998779296875,336.1099853515625,332.6199951171875,334.7099914550781,16997000
2023-06-30,332.6686706542969,340.5400085449219,342.7300109863281,337.20001220703125,337.75,26832800
2023-07-03,330.1775817871094,337.989990234375,340.8999938964844,336.57000732421875,339.19000244140625,12508700
2023-07-05,330.3338317871094,338.1499938964844,341.6499938964844,334.7300109863281,335.0899963378906,18172400
2023-07-06,333.3817443847656,341.2699890136719,342.989990234375,335.5,337.29998779296875,28161200
2023-07-07,329.4253845214844,337.2200012207031,341.7900085449219,337.0,339.32000732421875,21214800
2023-07-10,324.1599426269531,331.8299865722656,335.2300109863281,327.5899963378906,334.6000061035156,32791400
2023-07-11,324.7851257324219,332.4700012207031,332.8599853515625,327.0,331.05999755859375,26698200
2023-07-12,329.40582275390625,337.20001220703125,341.6499938964844,335.6700134277344,336.6000061035156,29995300
2023-07-13,334.73956298828125,342.6600036621094,343.739990234375,339.0199890136719,339.55999755859375,20567200
2023-07-14,337.2599792480469,345.239990234375,351.42999267578125,344.30999755859375,347.5899963378906,28352700
2023-07-17,337.7386779785156,345.7300109863281,346.989990234375,342.20001220703125,345.67999267578125,20363900
2023-07-18,351.1806335449219,359.489990234375,366.7799987792969,342.1700134277344,345.8299865722656,64738600
2023-07-19,346.87249755859375,355.0799865722656,362.4599914550781,352.44000244140625,361.75,39732900
2023-07-20,338.8523254394531,346.8699951171875,357.9700012207031,345.3699951171875,353.57000732421875,33778400
2023-07-21,335.82391357421875,343.7699890136719,350.29998779296875,339.8299865722656,349.1499938964844,69405400
2023-07-24,337.1329345703125,345.1099853515625,346.9200134277344,342.30999755859375,345.8500061035156,26678100
2023-07-25,342.8673095703125,350.9800109863281,351.8900146484375,345.07000732421875,347.1099853515625,41637700
2023-07-26,329.962646484375,337.7699890136719,344.6700134277344,333.1099853515625,341.44000244140625,58383700
2023-07-27,323.07562255859375,330.7200012207031,341.3299865722656,329.04998779296875,340.4800109863281,39635300
2023-07-28,330.54876708984375,338.3699951171875,340.010009765625,333.1700134277344,333.6700134277344,28484900
2023-07-31,328.15545654296875,335.9200134277344,337.70001220703125,333.3599853515625,336.9200134277344,25446000
2023-08-01,328.5656433105469,336.3399963378906,338.5400085449219,333.70001220703125,335.19000244140625,18311900
2023-08-02,319.9300231933594,327.5,333.6300048828125,326.3599853515625,333.6300048828125,27761300
2023-08-03,319.10943603515625,326.6600036621094,329.8800048828125,325.95001220703125,326.0,18253700
2023-08-04,320.2035217285156,327.7799987792969,335.1400146484375,327.239990234375,331.8800048828125,23741500
2023-08-07,322.47967529296875,330.1099853515625,331.1099853515625,327.5199890136719,328.3699951171875,17741500
2023-08-08,318.5135192871094,326.04998779296875,328.75,323.0,326.9599914550781,22327600
2023-08-09,314.7818298339844,322.2300109863281,327.1099853515625,321.04998779296875,326.4700012207031,22373300
2023-08-10,315.46563720703125,322.92999267578125,328.260009765625,321.17999267578125,326.0199890136719,20113700
2023-08-11,313.590087890625,321.010009765625,322.4100036621094,319.2099914550781,320.260009765625,24355500
2023-08-14,316.5500183105469,324.0400085449219,324.05999755859375,320.0799865722656,321.3900146484375,18836100
2023-08-15,314.4203796386719,321.8599853515625,325.0899963378906,320.8999938964844,323.0,16966300
2023-08-16,313.65679931640625,320.3999938964844,324.4200134277344,319.79998779296875,320.79998779296875,20698900
2023-08-17,310.2109069824219,316.8800048828125,321.8699951171875,316.2099914550781,320.5400085449219,21257200
2023-08-18,309.81927490234375,316.4800109863281,318.3800048828125,311.54998779296875,314.489990234375,24755000
2023-08-21,315.10565185546875,321.8800048828125,322.7699890136719,317.0400085449219,317.92999267578125,24040000
2023-08-22,315.6734313964844,322.4599914550781,326.0799865722656,321.4599914550781,325.5,16084600
2023-08-23,320.1178894042969,327.0,329.20001220703125,323.4599914550781,323.82000732421875,21166400
2023-08-24,313.2358703613281,319.9700012207031,332.9800109863281,319.9599914550781,332.8500061035156,23281400
2023-08-25,316.1824951171875,322.9800109863281,325.3599853515625,318.79998779296875,321.4700012207031,21684100
2023-08-28,316.8874206542969,323.70001220703125,326.1499938964844,321.7200012207031,325.6600036621094,14808500
2023-08-29,321.49822998046875,328.4100036621094,328.9800109863281,321.8800048828125,321.8800048828125,19284600
2023-08-30,321.8702392578125,328.7900085449219,329.80999755859375,326.45001220703125,328.6700134277344,15222100
2023-08-31,320.8619384765625,327.760009765625,330.9100036621094,326.7799987792969,329.20001220703125,26411000
2023-09-01,321.7430114746094,328.6600036621094,331.989990234375,326.7799987792969,331.30999755859375,14942000
2023-09-05,326.5300598144531,333.54998779296875,334.8500061035156,328.6600036621094,329.0,18553900
2023-09-06,325.8741455078125,332.8800048828125,334.4599914550781,330.17999267578125,333.3800048828125,17535800
2023-09-07,322.96661376953125,329.9100036621094,333.0799865722656,329.0299987792969,331.2900085449219,18381000
2023-09-08,327.23492431640625,334.2699890136719,336.1600036621094,329.4599914550781,330.0899963378906,19530100
2023-09-11,330.8276672363281,337.94000244140625,338.4200134277344,335.42999267578125,337.239990234375,16583300
2023-09-12,324.7875061035156,331.7699890136719,336.7900085449219,331.4800109863281,335.82000732421875,17565500
2023-09-13,328.9872131347656,336.05999755859375,336.8500061035156,331.1700134277344,331.30999755859375,16544400
2023-09-14,331.5716857910156,338.70001220703125,340.8599853515625,336.57000732421875,339.1499938964844,20267000
2023-09-15,323.2701416015625,330.2200012207031,337.3999938964844,329.6499938964844,336.9200134277344,37679800
2023-09-18,322.1346130371094,329.05999755859375,330.3999938964844,326.3599853515625,327.79998779296875,16834200
2023-09-19,321.73321533203125,328.6499938964844,329.3900146484375,324.510009765625,326.1700134277344,16505900
2023-09-20,314.01898193359375,320.7699890136719,329.5899963378906,320.510009765625,329.510009765625,21436500
2023-09-21,312.80511474609375,319.5299987792969,325.3500061035156,315.0,319.260009765625,35560400
2023-09-22,310.338134765625,317.010009765625,321.45001220703125,316.1499938964844,321.32000732421875,21447900
2023-09-25,310.85699462890625,317.5400085449219,317.6700134277344,315.0,316.5899963378906,17836000
2023-09-26,305.5706787109375,312.1400146484375,315.8800048828125,310.0199890136719,315.1300048828125,26297600
2023-09-27,306.2070007324219,312.7900085449219,314.29998779296875,309.69000244140625,312.29998779296875,19410100
2023-09-28,307.0391540527344,313.6400146484375,315.4800109863281,309.45001220703125,310.989990234375,19683600
2023-09-29,309.10467529296875,315.75,319.4700012207031,314.9800109863281,317.75,24147300
2023-10-02,315.02734375,321.79998779296875,321.8900146484375,315.17999267578125,316.2799987792969,20570000
2023-10-03,306.7943420410156,313.3900146484375,321.3900146484375,311.2099914550781,320.8299865722656,21033500
2023-10-04,312.2471008300781,318.9599914550781,320.0400085449219,314.0,314.0299987792969,20720100
2023-10-05,312.6386413574219,319.3599853515625,319.9800109863281,314.8999938964844,319.0899963378906,16965600
2023-10-06,320.3724365234375,327.260009765625,329.19000244140625,316.29998779296875,316.54998779296875,25673600
2023-10-09,322.87860107421875,329.82000732421875,330.29998779296875,323.17999267578125,324.75,19891200
2023-10-10,321.4786682128906,328.3900146484375,331.1000061035156,327.6700134277344,330.9599914550781,20557100
2023-10-11,325.4238586425781,332.4200134277344,332.82000732421875,329.1400146484375,331.2099914550781,20063200
2023-10-12,324.19036865234375,331.1600036621094,333.6300048828125,328.7200012207031,330.57000732421875,19313100
2023-10-13,320.8325500488281,327.7300109863281,333.8299865722656,326.3599853515625,332.3800048828125,21072400
2023-10-16,325.63922119140625,332.6400146484375,336.1400146484375,330.6000061035156,331.04998779296875,22158000
2023-10-17,325.0713806152344,332.05999755859375,333.4599914550781,327.4100036621094,329.5899963378906,18338500
2023-10-18,323.16241455078125,330.1099853515625,335.5899963378906,328.29998779296875,332.489990234375,23153600
2023-10-19,324.34698486328125,331.32000732421875,336.8800048828125,330.9100036621094,332.1499938964844,25052100
2023-10-20,319.7948303222656,326.6700134277344,331.9200134277344,325.45001220703125,331.7200012207031,25027700
2023-10-23,322.3891296386719,329.32000732421875,332.7300109863281,324.3900146484375,325.4700012207031,24374700
2023-10-24,323.57366943359375,330.5299987792969,331.8399963378906,327.6000061035156,331.29998779296875,31153600
2023-10-25,333.500244140625,340.6700134277344,346.20001220703125,337.6199951171875,345.0199890136719,55053800
2023-10-26,320.98919677734375,327.8900146484375,341.6300048828125,326.94000244140625,340.5400085449219,37828500
2023-10-27,322.8687438964844,329.80999755859375,336.7200012207031,328.3999938964844,330.42999267578125,29856500
2023-10-30,330.2108459472656,337.30999755859375,339.45001220703125,331.8299865722656,333.4100036621094,22828100
2023-10-31,330.9940185546875,338.1099853515625,339.0,334.69000244140625,338.8500061035156,20265300
2023-11-01,338.78656005859375,346.07000732421875,347.4200134277344,339.6499938964844,339.7900085449219,28158800
2023-11-02,340.9892272949219,348.32000732421875,348.8299865722656,344.7699890136719,347.239990234375,24348100
2023-11-03,345.3748779296875,352.79998779296875,354.3900146484375,347.3299865722656,349.6300048828125,23637700
2023-11-06,349.02642822265625,356.5299987792969,357.5400085449219,353.3500061035156,353.45001220703125,23828300
2023-11-07,352.9422912597656,360.5299987792969,362.4599914550781,357.6300048828125,359.3999938964844,25833900
2023-11-08,355.5560302734375,363.20001220703125,363.8699951171875,360.54998779296875,361.67999267578125,26767800
2023-11-09,353.09881591796875,360.69000244140625,364.7900085449219,360.3599853515625,362.29998779296875,24847300
2023-11-10,361.889892578125,369.6700134277344,370.1000061035156,361.07000732421875,361.489990234375,28042100
2023-11-13,358.9627990722656,366.67999267578125,368.4700012207031,365.8999938964844,368.2200012207031,19986500
2023-11-14,362.4771423339844,370.2699890136719,371.95001220703125,367.3500061035156,371.010009765625,27683900
2023-11-15,362.6243896484375,369.6700134277344,373.1300048828125,367.1099853515625,371.2799987792969,26860100
2023-11-16,369.0004577636719,376.1700134277344,376.3500061035156,370.17999267578125,370.9599914550781,27182300
2023-11-17,362.8009948730469,369.8500061035156,374.3699951171875,367.0,373.6099853515625,40157000
2023-11-20,370.2462463378906,377.44000244140625,378.8699951171875,371.0,371.2200012207031,52465100
2023-11-21,365.9596252441406,373.07000732421875,376.2200012207031,371.1199951171875,375.6700134277344,28423100
2023-11-22,370.6484680175781,377.8500061035156,379.7900085449219,374.9700012207031,378.0,23345300
2023-11-24,370.2364807128906,377.42999267578125,377.9700012207031,375.1400146484375,377.3299865722656,10176600
2023-11-27,371.39398193359375,378.6099853515625,380.6400146484375,376.20001220703125,376.7799987792969,22179200
2023-11-28,375.40606689453125,382.70001220703125,383.0,378.1600036621094,378.3500061035156,20453100
2023-11-29,371.62939453125,378.8500061035156,384.29998779296875,377.44000244140625,383.760009765625,28963400
2023-11-30,371.6882629394531,378.9100036621094,380.0899963378906,375.4700012207031,378.489990234375,30554400
2023-12-01,367.3721618652344,374.510009765625,378.1600036621094,371.30999755859375,376.760009765625,33040500
2023-12-04,362.1044921875,369.1400146484375,369.5199890136719,362.8999938964844,369.1000061035156,32063300
2023-12-05,365.4200134277344,372.5199890136719,373.0799865722656,365.6199951171875,366.45001220703125,23065000
2023-12-06,361.77093505859375,368.79998779296875,374.17999267578125,368.0299987792969,373.5400085449219,21182100
2023-12-07,363.8799743652344,370.95001220703125,371.45001220703125,366.32000732421875,368.2300109863281,23118900
2023-12-08,367.0975341796875,374.2300109863281,374.4599914550781,368.2300109863281,369.20001220703125,20154400
2023-12-11,364.2232971191406,371.29998779296875,371.6000061035156,366.1000061035156,368.4800109863281,27708800
2023-12-12,367.24462890625,374.3800048828125,374.4200134277344,370.4599914550781,370.8500061035156,24838300
2023-12-13,367.23480224609375,374.3699951171875,377.6400146484375,370.7699890136719,376.0199890136719,30955500
2023-12-14,358.9556579589844,365.92999267578125,373.760009765625,364.1300048828125,373.30999755859375,43277500
2023-12-15,363.6642150878906,370.7300109863281,372.3999938964844,366.2799987792969,366.8500061035156,78502300
2023-12-18,365.547607421875,372.6499938964844,373.0,368.67999267578125,369.45001220703125,21802900
2023-12-19,366.14593505859375,373.260009765625,373.260009765625,369.8399963378906,371.489990234375,20603700
2023-12-20,363.5562744140625,370.6199951171875,376.0299987792969,370.5299987792969,375.0,26316700
2023-12-21,366.420654296875,373.5400085449219,374.4100036621094,370.0400085449219,372.55999755859375,17708000
2023-12-22,367.4408264160156,374.5799865722656,375.17999267578125,372.7099914550781,373.67999267578125,17107500
2023-12-26,367.519287109375,374.6600036621094,376.94000244140625,373.5,375.0,12673100
2023-12-27,366.94049072265625,374.07000732421875,375.05999755859375,372.80999755859375,373.69000244140625,14905400
2023-12-28,368.12744140625,375.2799987792969,376.4599914550781,374.1600036621094,375.3699951171875,14327000
2023-12-29,368.87298583984375,376.0400085449219,377.1600036621094,373.4800109863281,376.0,18730800
2024-01-02,363.8015441894531,370.8699951171875,375.8999938964844,366.7699890136719,373.8599853515625,25258600
2024-01-03,363.5367126464844,370.6000061035156,373.260009765625,368.510009765625,369.010009765625,23083500
2024-01-04,360.9273986816406,367.94000244140625,373.1000061035156,367.1700134277344,370.6700134277344,20901500
2024-01-05,360.740966796875,367.75,372.05999755859375,366.5,368.9700012207031,21004600
2024-01-08,367.5487060546875,374.69000244140625,375.20001220703125,369.010009765625,369.29998779296875,23134000
2024-01-09,368.6277160644531,375.7900085449219,375.989990234375,371.19000244140625,372.010009765625,20830000
2024-01-10,375.4747314453125,382.7699890136719,384.1700134277344,376.32000732421875,376.3699951171875,25514200
2024-01-11,377.2992858886719,384.6300048828125,390.67999267578125,380.3800048828125,386.0,27850800
2024-01-12,381.0660400390625,388.4700012207031,388.67999267578125,384.6499938964844,385.489990234375,21661200
2024-01-16,382.8317565917969,390.2699890136719,394.0299987792969,387.6199951171875,393.6600036621094,27202300
2024-01-17,382.0469970703125,389.4700012207031,390.1099853515625,384.80999755859375,387.9800109863281,22234100
2024-01-18,386.3631286621094,393.8699951171875,393.989990234375,390.1199951171875,391.7200012207031,23392100
2024-01-19,391.0716552734375,398.6700134277344,398.6700134277344,393.5,395.760009765625,29331100
2024-01-22,388.9528503417969,396.510009765625,400.6199951171875,393.5899963378906,400.0199890136719,27016900
2024-01-23,391.29736328125,398.8999938964844,399.3800048828125,393.92999267578125,395.75,20525900
2024-01-24,394.88751220703125,402.55999755859375,405.6300048828125,400.45001220703125,401.5400085449219,24867000
2024-01-25,397.15350341796875,404.8699951171875,407.010009765625,402.5299987792969,404.32000732421875,21021200
2024-01-26,396.2314147949219,403.92999267578125,406.1700134277344,402.42999267578125,404.3699951171875,17803300
2024-01-29,401.9110412597656,409.7200012207031,409.9800109863281,404.3299865722656,406.05999755859375,24510200
2024-01-30,400.8025817871094,408.5899963378906,413.04998779296875,406.45001220703125,412.260009765625,33477600
2024-01-31,390.0024108886719,397.5799865722656,415.32000732421875,397.2099914550781,406.9599914550781,47871100
2024-02-01,396.08428955078125,403.7799987792969,408.0,401.79998779296875,401.8299865722656,30657700
2024-02-02,403.3824462890625,411.2200012207031,412.6499938964844,403.55999755859375,403.80999755859375,28256700
2024-02-05,397.91864013671875,405.6499938964844,411.1600036621094,403.989990234375,409.8999938964844,25352300
2024-02-06,397.7616882324219,405.489990234375,407.9700012207031,402.9100036621094,405.8800048828125,18382600
2024-02-07,406.1585388183594,414.04998779296875,414.29998779296875,407.3999938964844,407.44000244140625,22340500
2024-02-08,406.2173767089844,414.1099853515625,415.55999755859375,412.5299987792969,414.04998779296875,21225300
2024-02-09,412.5345764160156,420.54998779296875,420.82000732421875,415.0899963378906,415.25,22032800
2024-02-12,407.345458984375,415.260009765625,420.739990234375,414.75,420.55999755859375,21202900
2024-02-13,398.5758056640625,406.32000732421875,410.07000732421875,403.3900146484375,404.94000244140625,27824900
2024-02-14,402.4283142089844,409.489990234375,409.8399963378906,404.57000732421875,408.07000732421875,20401200
2024-02-15,399.5487365722656,406.55999755859375,409.1300048828125,404.2900085449219,408.1400146484375,21825500
2024-02-16,397.0918884277344,404.05999755859375,408.2900085449219,403.44000244140625,407.9599914550781,22296500
2024-02-20,395.84381103515625,402.7900085449219,404.489990234375,398.010009765625,403.239990234375,24307900
2024-02-21,395.2442932128906,402.17999267578125,402.2900085449219,397.2200012207031,400.1700134277344,18518900
2024-02-22,404.5509948730469,411.6499938964844,412.8299865722656,408.57000732421875,410.19000244140625,27009900
2024-02-23,403.2635803222656,410.3399963378906,415.8599853515625,408.9700012207031,415.6700134277344,16295900
2024-02-26,400.5118713378906,407.5400085449219,412.1600036621094,407.3599853515625,411.4599914550781,16193500
2024-02-27,400.45294189453125,407.4800109863281,408.32000732421875,403.8500061035156,407.989990234375,14835800
2024-02-28,400.6888122558594,407.7200012207031,409.29998779296875,405.32000732421875,408.17999267578125,13183100
2024-02-29,406.5067443847656,413.6400146484375,414.20001220703125,405.9200134277344,408.6400146484375,31947300
2024-03-01,408.3345947265625,415.5,415.8699951171875,410.8800048828125,411.2699890136719,17823400
2024-03-04,407.76458740234375,414.9200134277344,417.3500061035156,412.32000732421875,413.44000244140625,17596000
2024-03-05,395.7061767578125,402.6499938964844,414.25,400.6400146484375,413.9599914550781,26919200
2024-03-06,395.1558532714844,402.0899963378906,405.1600036621094,398.3900146484375,402.9700012207031,22344100
2024-03-07,402.08428955078125,409.1400146484375,409.7799987792969,402.239990234375,406.1199951171875,18718500
2024-03-08,399.2146301269531,406.2200012207031,410.4200134277344,404.3299865722656,407.9599914550781,18002200
2024-03-11,397.5439147949219,404.5199890136719,405.67999267578125,401.260009765625,403.760009765625,16120800
2024-03-12,408.1184387207031,415.2799987792969,415.57000732421875,406.7900085449219,407.6199951171875,22457000
2024-03-13,407.9415283203125,415.1000061035156,418.17999267578125,411.45001220703125,418.1000061035156,17115900
2024-03-14,417.88702392578125,425.2200012207031,427.82000732421875,417.989990234375,420.239990234375,34157300
2024-03-15,409.2387390136719,416.4200134277344,422.6000061035156,412.7900085449219,419.2900085449219,45079900
2024-03-18,410.12322998046875,417.32000732421875,420.7300109863281,413.7799987792969,414.25,20106000
2024-03-19,414.14263916015625,421.4100036621094,421.6700134277344,415.54998779296875,417.8299865722656,19837900
2024-03-20,417.89678955078125,425.2300109863281,425.9599914550781,420.6600036621094,422.0,17860100
2024-03-21,421.9654235839844,429.3699951171875,430.82000732421875,427.1600036621094,429.8299865722656,21296200
2024-03-22,421.3462829589844,428.739990234375,429.8599853515625,426.07000732421875,429.70001220703125,17648500
2024-03-25,415.5676574707031,422.8599853515625,427.4100036621094,421.6099853515625,425.239990234375,18060500
2024-03-26,414.3785400390625,421.6499938964844,425.989990234375,421.3500061035156,425.6099853515625,16725600
2024-03-27,414.1623229980469,421.42999267578125,424.45001220703125,419.010009765625,424.44000244140625,16705000
2024-03-28,413.464599609375,420.7200012207031,421.8699951171875,419.1199951171875,420.9599914550781,21871200
2024-04-01,417.24822998046875,424.57000732421875,427.8900146484375,422.2200012207031,423.95001220703125,16316000
2024-04-02,414.17218017578125,421.44000244140625,422.3800048828125,417.8399963378906,420.1099853515625,17912000
2024-04-03,413.1992492675781,420.45001220703125,423.260009765625,419.0899963378906,419.7300109863281,16502300
2024-04-04,410.6735534667969,417.8800048828125,428.6700134277344,417.57000732421875,424.989990234375,19370900
2024-04-05,418.1817932128906,425.5199890136719,426.510009765625,418.32000732421875,420.010009765625,16554800
2024-04-08,417.2678527832031,424.5899963378906,427.2799987792969,423.29998779296875,425.1700134277344,14272400
2024-04-09,418.9287109375,426.2799987792969,427.739990234375,421.6199951171875,426.44000244140625,12496900
2024-04-10,415.9608459472656,423.260009765625,424.0299987792969,419.70001220703125,422.19000244140625,16216600
2024-04-11,420.55029296875,427.92999267578125,429.3699951171875,422.3599853515625,425.82000732421875,17966400
2024-04-12,414.6242370605469,421.8999938964844,425.17999267578125,419.7699890136719,424.04998779296875,19253800
2024-04-15,406.5067443847656,413.6400146484375,426.82000732421875,413.42999267578125,426.6000061035156,20273500
2024-04-16,407.4305114746094,414.5799865722656,418.3999938964844,413.7300109863281,414.57000732421875,16765600
2024-04-17,404.7377014160156,411.8399963378906,418.8800048828125,410.3299865722656,417.25,15855500
2024-04-18,397.29827880859375,404.2699890136719,411.8900146484375,403.95001220703125,410.6300048828125,21029900
2024-04-19,392.2370910644531,399.1199951171875,405.4800109863281,397.7699890136719,404.0299987792969,30565800
2024-04-22,394.0453796386719,400.9599914550781,402.8500061035156,395.75,400.0799865722656,20286900
2024-04-23,400.5413818359375,407.57000732421875,408.20001220703125,403.05999755859375,404.239990234375,15734500
2024-04-24,402.00567626953125,409.05999755859375,412.4700012207031,406.7799987792969,409.55999755859375,15065300
2024-04-25,392.1584777832031,399.0400085449219,399.8900146484375,388.0299987792969,394.0299987792969,40586500
2024-04-26,399.31292724609375,406.32000732421875,413.0,405.760009765625,412.1700134277344,29694700
2024-04-29,395.3131103515625,402.25,406.32000732421875,399.19000244140625,405.25,19582100
2024-04-30,382.61590576171875,389.3299865722656,402.1600036621094,389.1700134277344,401.489990234375,28781400
2024-05-01,388.129150390625,394.94000244140625,401.7200012207031,390.30999755859375,392.6099853515625,23562500
2024-05-02,390.9791564941406,397.8399963378906,399.92999267578125,394.6499938964844,397.6600036621094,17709400
2024-05-03,399.6470642089844,406.6600036621094,407.1499938964844,401.8599853515625,402.2799987792969,17446700
2024-05-06,406.40838623046875,413.5400085449219,413.92999267578125,406.3699951171875,408.760009765625,16996600
2024-05-07,402.2808532714844,409.3399963378906,414.6700134277344,409.0899963378906,414.6600036621094,20018200
2024-05-08,403.4601745605469,410.5400085449219,412.2300109863281,406.7099914550781,408.1700134277344,11792300
2024-05-09,405.2094421386719,412.32000732421875,412.7200012207031,409.1000061035156,410.57000732421875,14689700
2024-05-10,407.58770751953125,414.739990234375,415.3800048828125,411.79998779296875,412.94000244140625,13402300
2024-05-13,406.5853271484375,413.7200012207031,418.3500061035156,410.82000732421875,418.010009765625,15440200
2024-05-14,409.3763427734375,416.55999755859375,417.489990234375,411.54998779296875,412.0199890136719,15109300
2024-05-15,416.5338134765625,423.0799865722656,423.80999755859375,417.2699890136719,417.8999938964844,22239500
2024-05-16,414.4761657714844,420.989990234375,425.4200134277344,420.3500061035156,421.79998779296875,17530100
2024-05-17,413.708251953125,420.2099914550781,422.9200134277344,418.0299987792969,422.5400085449219,15352200
2024-05-20,418.7588806152344,425.3399963378906,426.7699890136719,419.989990234375,420.2099914550781,16272100
2024-05-21,422.4016418457031,429.0400085449219,432.9700012207031,424.8500061035156,426.8299865722656,21453300
2024-05-22,423.85870361328125,430.5199890136719,432.4100036621094,427.1300048828125,430.0899963378906,18073700
2024-05-23,420.3931884765625,427.0,433.6000061035156,425.4200134277344,432.9700012207031,17211700
2024-05-24,423.50433349609375,430.1600036621094,431.05999755859375,424.4100036621094,427.19000244140625,11855300
2024-05-28,423.661865234375,430.32000732421875,430.82000732421875,426.6000061035156,429.6300048828125,15718000
2024-05-29,422.5296325683594,429.1700134277344,430.94000244140625,425.69000244140625,425.69000244140625,15517100
2024-05-30,408.2539978027344,414.6700134277344,424.29998779296875,414.239990234375,424.29998779296875,28394500
2024-05-31,408.7068786621094,415.1300048828125,416.75,404.510009765625,416.75,47995300
2024-06-03,407.12176513671875,413.5199890136719,416.42999267578125,408.9200134277344,415.5299987792969,17484700
2024-06-04,409.63232421875,416.07000732421875,416.44000244140625,409.67999267578125,412.42999267578125,14348900
2024-06-05,417.449462890625,424.010009765625,424.0799865722656,416.29998779296875,417.80999755859375,16988000
2024-06-06,417.9515380859375,424.5199890136719,425.30999755859375,420.5799865722656,424.010009765625,14861300
2024-06-07,417.29193115234375,423.8500061035156,426.2799987792969,423.0,426.20001220703125,13621700
2024-06-10,421.2497253417969,427.8699951171875,428.0799865722656,423.8900146484375,424.70001220703125,13982900
2024-06-11,425.9853210449219,432.67999267578125,432.82000732421875,425.25,425.4800109863281,14551100
2024-06-12,434.2356262207031,441.05999755859375,443.3999938964844,433.25,435.32000732421875,22366200
2024-06-13,434.74761962890625,441.5799865722656,443.3900146484375,439.3699951171875,440.8500061035156,15960600
2024-06-14,435.7222900390625,442.57000732421875,443.1400146484375,436.7200012207031,438.2799987792969,13582000
2024-06-17,441.43255615234375,448.3699951171875,450.94000244140625,440.7200012207031,442.5899963378906,20790000
2024-06-18,439.4339599609375,446.3399963378906,450.1400146484375,444.8900146484375,449.7099914550781,17112500
2024-06-20,438.8038635253906,445.70001220703125,446.5299987792969,441.2699890136719,446.29998779296875,19877400
2024-06-21,442.82073974609375,449.7799987792969,450.5799865722656,446.510009765625,447.3800048828125,34187100
2024-06-24,440.7434387207031,447.6700134277344,452.75,446.4100036621094,449.79998779296875,15913700
2024-06-25,443.9726257324219,450.95001220703125,451.4200134277344,446.75,448.25,16413400
2024-06-26,445.1639404296875,452.1600036621094,453.6000061035156,448.19000244140625,449.0,16507000
2024-06-27,445.8432312011719,452.8500061035156,456.1700134277344,451.7699890136719,452.17999267578125,14806300
2024-06-28,440.0345153808594,446.95001220703125,455.3800048828125,446.4100036621094,453.07000732421875,28362300
2024-07-01,449.6631774902344,456.7300109863281,457.3699951171875,445.6600036621094,448.6600036621094,17662800
2024-07-02,452.1737365722656,459.2799987792969,459.5899963378906,453.1099853515625,453.20001220703125,13979800
2024-07-03,453.64068603515625,460.7699890136719,461.0199890136719,457.8800048828125,458.19000244140625,9932800
2024-07-05,460.3255920410156,467.55999755859375,468.3500061035156,458.9700012207031,459.6099853515625,16000300
2024-07-08,459.02606201171875,466.239990234375,467.70001220703125,464.4599914550781,466.54998779296875,12962300
2024-07-09,452.4297180175781,459.5400085449219,467.3299865722656,458.0,467.0,17207200
2024-07-10,459.035888671875,466.25,466.4599914550781,458.8599853515625,461.2200012207031,18196100
2024-07-11,447.6646423339844,454.70001220703125,464.7799987792969,451.54998779296875,462.9800109863281,23111200
2024-07-12,446.5323791503906,453.54998779296875,456.3599853515625,450.6499938964844,454.3299865722656,16324300
2024-07-15,446.9360656738281,453.9599914550781,457.260009765625,451.42999267578125,453.29998779296875,14429400
2024-07-16,442.56475830078125,449.5199890136719,454.29998779296875,446.6600036621094,454.2200012207031,17175700
2024-07-17,436.6575927734375,443.5199890136719,444.8500061035156,439.17999267578125,442.5899963378906,21778000
2024-07-18,433.55633544921875,440.3699951171875,444.6499938964844,434.3999938964844,444.3399963378906,20794800
2024-07-19,430.3467712402344,437.1099853515625,441.1400146484375,432.0,433.1000061035156,20940400
2024-07-22,436.0865478515625,442.94000244140625,444.6000061035156,438.9100036621094,441.7900085449219,15808800
2024-07-23,437.967041015625,444.8500061035156,448.3900146484375,443.1000061035156,443.8999938964844,13107100
2024-07-24,422.2637939453125,428.8999938964844,441.4800109863281,427.5899963378906,440.45001220703125,26805800
2024-07-25,411.9262390136719,418.3999938964844,429.79998779296875,417.510009765625,428.79998779296875,29943800
2024-07-26,418.68994140625,425.2699890136719,428.9200134277344,417.2699890136719,418.20001220703125,23583800
2024-07-29,420.1274108886719,426.7300109863281,432.1499938964844,424.70001220703125,431.5799865722656,15125800
2024-07-30,416.3763732910156,422.9200134277344,429.04998779296875,417.3599853515625,427.7200012207031,32687600
2024-07-31,411.87701416015625,418.3500061035156,421.7799987792969,412.2099914550781,420.5,42891400
2024-08-01,410.65618896484375,417.1099853515625,427.4599914550781,413.0899963378906,420.7900085449219,30296400
2024-08-02,402.1695251464844,408.489990234375,415.0,404.3399963378906,412.489990234375,29437900
2024-08-05,389.03594970703125,395.1499938964844,401.0400085449219,385.5799865722656,389.1700134277344,40709200
2024-08-06,393.4269714355469,399.6099853515625,405.6700134277344,398.5,400.0,24946500
2024-08-07,392.2652282714844,398.42999267578125,410.0799865722656,397.4700012207031,408.6400146484375,20650900
2024-08-08,396.4593200683594,402.69000244140625,405.8599853515625,399.94000244140625,402.44000244140625,20203000
2024-08-09,399.7377624511719,406.0199890136719,408.04998779296875,402.260009765625,404.0299987792969,19276700
2024-08-12,400.51556396484375,406.80999755859375,408.760009765625,404.239990234375,407.05999755859375,16762900
2024-08-13,407.6042175292969,414.010009765625,414.95001220703125,409.57000732421875,409.5899963378906,19414300
2024-08-14,410.4101257324219,416.8599853515625,417.7200012207031,412.45001220703125,414.79998779296875,18267000
2024-08-15,415.2626953125,421.0299987792969,421.1099853515625,417.6600036621094,419.79998779296875,20752100
2024-08-16,412.7377624511719,418.4700012207031,421.3399963378906,417.29998779296875,420.6000061035156,22775600
2024-08-19,415.755859375,421.5299987792969,421.75,416.4599914550781,418.9599914550781,15234000
2024-08-20,418.98101806640625,424.79998779296875,425.8599853515625,421.6400146484375,421.70001220703125,16387600
2024-08-21,418.3301086425781,424.1400146484375,426.3999938964844,421.7200012207031,424.0799865722656,16067300
2024-08-22,409.85772705078125,415.54998779296875,426.7900085449219,414.6099853515625,424.3599853515625,19361900
2024-08-23,411.080810546875,416.7900085449219,419.260009765625,412.0899963378906,416.9800109863281,18493800
2024-08-26,407.82598876953125,413.489990234375,417.2799987792969,411.3399963378906,416.3699951171875,13152800
2024-08-27,408.17120361328125,413.8399963378906,414.3599853515625,410.25,412.8599853515625,13492900
2024-08-28,404.9755554199219,410.6000061035156,415.0,407.30999755859375,414.8800048828125,14882700
2024-08-29,407.4610595703125,413.1199951171875,422.04998779296875,410.6000061035156,414.94000244140625,17045200
2024-08-30,411.4259948730469,417.1400146484375,417.489990234375,412.1300048828125,415.6000061035156,24308300
2024-09-03,403.8314514160156,409.44000244140625,419.8800048828125,407.0299987792969,417.9100036621094,20313600
2024-09-04,403.298828125,408.8999938964844,411.239990234375,404.3699951171875,405.9100036621094,15135800
2024-09-05,402.7958068847656,408.3900146484375,413.1000061035156,406.1300048828125,407.6199951171875,14195500
2024-09-06,396.1974792480469,401.70001220703125,410.6499938964844,400.79998779296875,409.05999755859375,19609500
2024-09-09,400.1623840332031,405.7200012207031,408.6499938964844,402.1499938964844,407.239990234375,15295100
2024-09-10,408.5262756347656,414.20001220703125,416.3299865722656,407.70001220703125,408.20001220703125,19594300
2024-09-11,417.24517822265625,423.0400085449219,423.989990234375,409.5799865722656,415.5,19266900
2024-09-12,421.15093994140625,427.0,427.3699951171875,419.75,423.30999755859375,17395700
2024-09-13,424.6917419433594,430.5899963378906,431.8299865722656,425.4599914550781,425.8299865722656,15874600
2024-09-16,425.43145751953125,431.3399963378906,433.5299987792969,428.2200012207031,430.6000061035156,13834700
2024-09-17,429.1892395019531,435.1499938964844,441.8500061035156,432.2699890136719,440.2300109863281,18874200
2024-09-18,424.90875244140625,430.80999755859375,436.0299987792969,430.4100036621094,435.0,18898000
2024-09-19,432.6808166503906,438.69000244140625,441.5,436.8999938964844,441.2300109863281,21706600
2024-09-20,429.3076171875,435.2699890136719,439.239990234375,434.2200012207031,437.2200012207031,55167100
2024-09-23,427.57177734375,433.510009765625,436.4599914550781,430.3900146484375,434.2799987792969,15128900
2024-09-24,423.29119873046875,429.1700134277344,433.3500061035156,426.1000061035156,433.0,17015800
2024-09-25,426.19091796875,432.1099853515625,433.1199951171875,428.57000732421875,429.8299865722656,13396400
2024-09-26,425.40185546875,431.30999755859375,435.29998779296875,429.1300048828125,435.0899963378906,14492000
2024-09-27,422.15692138671875,428.0199890136719,431.8500061035156,427.4700012207031,431.5199890136719,14896100
2024-09-30,424.4057312011719,430.29998779296875,430.4200134277344,425.3699951171875,428.2099914550781,16807300
2024-10-01,414.9273376464844,420.69000244140625,428.4800109863281,418.80999755859375,428.45001220703125,19092900
2024-10-02,411.4161682128906,417.1300048828125,422.82000732421875,416.7099914550781,422.5799865722656,16582300
2024-10-03,410.834228515625,416.5400085449219,419.54998779296875,414.2900085449219,417.6300048828125,13686400
2024-10-04,410.36077880859375,416.05999755859375,419.75,414.9700012207031,418.239990234375,19169700
2024-10-07,403.93011474609375,409.5400085449219,417.1099853515625,409.0,416.0,20919800
2024-10-08,409.029296875,414.7099914550781,415.6600036621094,408.1700134277344,410.8999938964844,19229300
2024-10-09,411.7415771484375,417.4599914550781,420.3800048828125,414.29998779296875,415.8599853515625,14974300
2024-10-10,410.1437683105469,415.8399963378906,417.3500061035156,413.1499938964844,415.2300109863281,13848400
2024-10-11,410.6172180175781,416.32000732421875,417.1300048828125,413.25,416.1400146484375,14144900
2024-10-14,413.3985900878906,419.1400146484375,424.0400085449219,417.5199890136719,417.7699890136719,16653100
2024-10-15,413.0040588378906,418.739990234375,422.4800109863281,415.260009765625,422.17999267578125,18900200
2024-10-16,410.419921875,416.1199951171875,416.3599853515625,410.4800109863281,415.1700134277344,15508900
2024-10-17,411.0117492675781,416.7200012207031,422.5,415.5899963378906,422.3599853515625,14820000
2024-10-18,412.4320373535156,418.1600036621094,419.6499938964844,416.260009765625,417.1400146484375,17145300
2024-10-21,413.0435485839844,418.7799987792969,418.9599914550781,413.75,416.1199951171875,14206100
2024-10-22,421.6539306640625,427.510009765625,430.5799865722656,418.0400085449219,418.489990234375,25482200
2024-10-23,418.7838134765625,424.6000061035156,431.0799865722656,422.5299987792969,430.8599853515625,19654400
2024-10-24,418.9120178222656,424.7300109863281,425.9800109863281,422.3999938964844,425.3299865722656,13581600
2024-10-25,422.2851257324219,428.1499938964844,432.5199890136719,426.57000732421875,426.760009765625,16899100
2024-10-28,420.7465515136719,426.5899963378906,431.94000244140625,426.29998779296875,431.6600036621094,14882400
2024-10-29,426.03314208984375,431.95001220703125,433.1700134277344,425.79998779296875,428.0,17644100
2024-10-30,426.60516357421875,432.5299987792969,438.5,432.1000061035156,437.44000244140625,29749100
2024-10-31,400.7838439941406,406.3500061035156,416.1600036621094,406.29998779296875,415.3599853515625,53971000
2024-11-01,404.74871826171875,410.3699951171875,415.5,407.5,409.010009765625,24230400
2024-11-04,402.8648986816406,408.4599914550781,410.4200134277344,405.57000732421875,409.79998779296875,19672300
2024-11-05,405.8237609863281,411.4599914550781,414.8999938964844,408.0799865722656,408.3699951171875,17626000
2024-11-06,414.42437744140625,420.17999267578125,420.45001220703125,410.5199890136719,412.4200134277344,26681800
2024-11-07,419.6024169921875,425.42999267578125,426.8500061035156,419.8800048828125,421.2799987792969,19901800
2024-11-08,416.7520446777344,422.5400085449219,426.5,421.7799987792969,425.32000732421875,16891400
2024-11-11,412.2840576171875,418.010009765625,424.80999755859375,416.0,422.5199890136719,24503300
2024-11-12,417.23529052734375,423.0299987792969,424.44000244140625,417.20001220703125,418.25,19401200
2024-11-13,419.3755798339844,425.20001220703125,429.3299865722656,418.2099914550781,421.6400146484375,21502200
2024-11-14,421.04248046875,426.8900146484375,428.1700134277344,420.0,425.0,30246900
2024-11-15,409.3152770996094,415.0,422.79998779296875,413.6400146484375,419.82000732421875,28247600
2024-11-18,410.06488037109375,415.760009765625,418.3999938964844,412.1000061035156,414.8699951171875,24727000
2024-11-19,412.0671081542969,417.7900085449219,417.94000244140625,411.54998779296875,413.1099853515625,18133500
2024-11-20,409.7986145019531,415.489990234375,417.2900085449219,410.5799865722656,416.8699951171875,19191700
2024-11-21,408.0295715332031,412.8699951171875,419.7799987792969,410.2900085449219,419.5,20780200
2024-11-22,412.1111755371094,417.0,417.3999938964844,411.05999755859375,411.3699951171875,24814600
2024-11-25,413.88018798828125,418.7900085449219,421.0799865722656,414.8500061035156,418.3800048828125,27691100
2024-11-26,422.9722900390625,427.989990234375,429.0400085449219,418.8500061035156,419.5899963378906,23458900
2024-11-27,418.03094482421875,422.989990234375,427.2300109863281,422.0199890136719,425.1099853515625,18332400
2024-11-29,418.49542236328125,423.4599914550781,424.8800048828125,417.79998779296875,420.0899963378906,16271900
2024-12-02,425.9272766113281,430.9800109863281,433.0,421.30999755859375,421.57000732421875,20207200
2024-12-03,426.1446838378906,431.20001220703125,432.4700012207031,427.739990234375,429.8399963378906,18302000
2024-12-04,432.2917785644531,437.4200134277344,439.6700134277344,432.6300048828125,433.0299987792969,26009400
2024-12-05,437.4307556152344,442.6199951171875,444.6600036621094,436.1700134277344,437.9200134277344,21697800
2024-12-06,438.36968994140625,443.57000732421875,446.1000061035156,441.7699890136719,442.29998779296875,18821000
2024-12-09,440.79095458984375,446.0199890136719,448.3299865722656,440.5,442.6000061035156,19144400
2024-12-10,438.1324462890625,443.3299865722656,449.6199951171875,441.6000061035156,444.3900146484375,18469500
2024-12-11,443.72607421875,448.989990234375,450.3500061035156,444.04998779296875,444.04998779296875,19200200
2024-12-12,444.2894592285156,449.55999755859375,456.1600036621094,449.1099853515625,449.1099853515625,20834800
2024-12-13,442.0262756347656,447.2699890136719,451.42999267578125,445.5799865722656,448.44000244140625,20177800
2024-12-16,446.29559326171875,451.5899963378906,452.17999267578125,445.2799987792969,447.2699890136719,23598800
2024-12-17,449.1319885253906,454.4599914550781,455.2900085449219,449.57000732421875,451.010009765625,22733500
2024-12-18,432.26214599609375,437.3900146484375,452.6499938964844,437.0199890136719,451.32000732421875,24444500
2024-12-19,431.9062805175781,437.0299987792969,443.17999267578125,436.32000732421875,441.6199951171875,22963700
2024-12-20,431.4813537597656,436.6000061035156,443.739990234375,428.6300048828125,433.1099853515625,64263700
2024-12-23,430.147216796875,435.25,437.6499938964844,432.8299865722656,436.739990234375,19152500
2024-12-24,434.1793212890625,439.3299865722656,439.6000061035156,434.19000244140625,434.6499938964844,7164500
2024-12-26,432.9736633300781,438.1099853515625,440.94000244140625,436.6300048828125,439.0799865722656,8194200
2024-12-27,425.4825744628906,430.5299987792969,435.2200012207031,426.3500061035156,434.6000061035156,18117700
2024-12-30,419.8493347167969,424.8299865722656,427.54998779296875,421.8999938964844,426.05999755859375,13158700
2024-12-31,416.55841064453125,421.5,426.7300109863281,420.6600036621094,426.1000061035156,13246500
2025-01-02,413.6726379394531,418.5799865722656,426.07000732421875,414.8500061035156,425.5299987792969,16896500
2025-01-03,418.38671875,423.3500061035156,424.0299987792969,419.5400085449219,421.0799865722656,16662900
2025-01-06,422.8339538574219,427.8500061035156,434.32000732421875,425.4800109863281,428.0,20573600
2025-01-07,417.418212890625,422.3699951171875,430.6499938964844,420.79998779296875,429.0,18139100
2025-01-08,419.5825500488281,424.55999755859375,426.9700012207031,421.5400085449219,423.4599914550781,15054600
2025-01-10,414.0382995605469,418.95001220703125,424.7099914550781,415.0199890136719,424.6300048828125,20201100
2025-01-13,412.2989196777344,417.19000244140625,418.5,412.2900085449219,415.239990234375,17604800
2025-01-14,410.7967529296875,415.6700134277344,419.739990234375,410.7200012207031,417.80999755859375,16935900
2025-01-15,421.3119812011719,426.30999755859375,428.1499938964844,418.2699890136719,419.1300048828125,19637800
2025-01-16,419.60223388671875,424.5799865722656,429.489990234375,424.3900146484375,428.70001220703125,15300000
2025-01-17,424.0001220703125,429.0299987792969,434.4800109863281,428.1700134277344,434.0899963378906,26197500
2025-01-21,423.476318359375,428.5,430.8999938964844,425.6000061035156,430.20001220703125,26085700
2025-01-22,440.96881103515625,446.20001220703125,447.2699890136719,436.0,437.55999755859375,27803800
2025-01-23,441.47283935546875,446.7099914550781,446.75,441.5,442.0,18389300
2025-01-24,438.8538818359375,444.05999755859375,446.6499938964844,441.3999938964844,445.1600036621094,15549500
2025-01-27,429.46527099609375,434.55999755859375,435.20001220703125,423.5,424.010009765625,35647800
2025-01-28,441.95709228515625,447.20001220703125,448.3800048828125,431.3800048828125,434.6000061035156,23491700
2025-01-29,437.1441650390625,442.3299865722656,446.8800048828125,440.3999938964844,446.69000244140625,23581400
2025-01-30,410.1247253417969,414.989990234375,422.8599853515625,413.1600036621094,418.7699890136719,54586300
2025-01-31,410.19390869140625,415.05999755859375,420.69000244140625,414.9100036621094,418.9800109863281,34161900
2025-02-03,406.1024475097656,410.9200134277344,415.4100036621094,408.6600036621094,411.6000061035156,25679100
2025-02-04,407.53546142578125,412.3699951171875,413.9200134277344,409.739990234375,412.69000244140625,20532100
2025-02-05,408.4446716308594,413.2900085449219,413.8299865722656,410.3999938964844,412.3500061035156,16316700
2025-02-06,410.9449768066406,415.82000732421875,418.20001220703125,414.0,414.0,16309800
2025-02-07,404.9461669921875,409.75,418.6499938964844,408.1000061035156,416.4800109863281,22886800
2025-02-10,407.38720703125,412.2200012207031,415.4599914550781,410.9200134277344,413.7099914550781,20817900
2025-02-11,406.6163635253906,411.44000244140625,412.489990234375,409.29998779296875,409.6400146484375,18140600
2025-02-12,404.2444763183594,409.0400085449219,410.75,404.3699951171875,407.2099914550781,19121700
2025-02-13,405.7268981933594,410.5400085449219,411.0,406.3599853515625,407.0,23891700
2025-02-14,403.6416015625,408.42999267578125,408.9100036621094,405.8800048828125,407.7900085449219,22758500
2025-02-18,404.8374938964844,409.6400146484375,410.6000061035156,406.5,408.0,21423100
2025-02-19,409.9072570800781,414.7699890136719,415.489990234375,407.6499938964844,407.8800048828125,24114200
2025-02-20,412.0759582519531,416.1300048828125,419.30999755859375,412.5400085449219,415.2900085449219,23508700
2025-02-21,404.23309326171875,408.2099914550781,418.04998779296875,407.8900146484375,417.3399963378906,27524800
2025-02-24,400.0641174316406,404.0,409.3699951171875,399.32000732421875,408.510009765625,26443700
2025-02-25,394.0235595703125,397.8999938964844,401.9200134277344,396.70001220703125,401.1000061035156,29387400
2025-02-26,395.83575439453125,399.7300109863281,403.6000061035156,394.25,398.010009765625,19619000
2025-02-27,388.70587158203125,392.5299987792969,405.739990234375,392.1700134277344,401.2699890136719,21127400
2025-02-28,393.1224365234375,396.989990234375,397.6300048828125,386.57000732421875,392.6600036621094,32845700
2025-03-03,384.7052307128906,388.489990234375,398.82000732421875,386.1600036621094,398.82000732421875,23007700
2025-03-04,384.82403564453125,388.6099853515625,392.5799865722656,381.0,383.3999938964844,29342900
2025-03-05,397.1131286621094,401.0199890136719,401.6700134277344,388.80999755859375,389.3399963378906,23433100
2025-03-06,393.0234375,396.8900146484375,402.1499938964844,392.67999267578125,394.2799987792969,23304600
2025-03-07,389.4782409667969,393.30999755859375,394.79998779296875,385.5400085449219,392.32000732421875,22034100
2025-03-10,376.4563903808594,380.1600036621094,386.3999938964844,377.2200012207031,385.8399963378906,32840100
2025-03-11,376.74359130859375,380.45001220703125,386.0,376.9100036621094,379.0,30380200
2025-03-12,379.53607177734375,383.2699890136719,385.2200012207031,378.95001220703125,382.95001220703125,24253600
2025-03-13,375.07989501953125,378.7699890136719,385.32000732421875,377.45001220703125,383.1600036621094,20473000
2025-03-14,384.7745666503906,388.55999755859375,390.2300109863281,379.510009765625,379.7799987792969,19952800
2025-03-17,384.9132080078125,388.70001220703125,392.7099914550781,385.57000732421875,386.70001220703125,22474300
2025-03-18,379.7836608886719,383.5199890136719,387.3699951171875,381.1000061035156,387.07000732421875,19486900
2025-03-19,384.0417785644531,387.82000732421875,389.67999267578125,384.0,385.5299987792969,19185500
2025-03-20,383.07135009765625,386.8399963378906,391.7900085449219,383.2799987792969,385.739990234375,18470500
2025-03-21,387.4482727050781,391.260009765625,391.739990234375,382.79998779296875,383.2200012207031,39675900
2025-03-24,389.2505187988281,393.0799865722656,395.3999938964844,389.80999755859375,395.3999938964844,21004500
2025-03-25,391.3102111816406,395.1600036621094,396.3599853515625,392.6400146484375,393.9200134277344,15775000
2025-03-26,386.1708068847656,389.9700012207031,395.30999755859375,388.57000732421875,395.0,16108400
2025-03-27,386.77490234375,390.5799865722656,392.239990234375,387.3999938964844,390.1300048828125,13766800
2025-03-28,375.109619140625,378.79998779296875,389.1300048828125,376.92999267578125,388.0799865722656,21632000
2025-03-31,371.7328796386719,375.3900146484375,377.07000732421875,367.239990234375,372.5400085449219,35184700
2025-04-01,378.46661376953125,382.19000244140625,382.8500061035156,373.2300109863281,374.6499938964844,19689500
2025-04-02,378.4171142578125,382.1400146484375,385.0799865722656,376.6199951171875,377.9700012207031,16092600
2025-04-03,369.47503662109375,373.1099853515625,377.4800109863281,369.3500061035156,374.7900085449219,30198000
2025-04-04,356.3343200683594,359.8399963378906,374.5899963378906,359.4800109863281,364.1300048828125,49209900
2025-04-07,354.3736267089844,357.8599853515625,371.0,344.7900085449219,350.8800048828125,50425000
2025-04-08,351.1058044433594,354.55999755859375,373.6499938964844,350.25,368.260009765625,35868900
2025-04-09,386.6857604980469,390.489990234375,393.2300109863281,353.1000061035156,353.5400085449219,50199700
2025-04-10,377.6347961425781,381.3500061035156,383.8999938964844,367.79998779296875,382.05999755859375,38024400
2025-04-11,384.6656494140625,388.45001220703125,390.04998779296875,378.8900146484375,380.6400146484375,23839200
2025-04-14,384.0318908691406,387.80999755859375,394.6499938964844,384.2099914550781,393.2200012207031,19251200
2025-04-15,381.97210693359375,385.7300109863281,391.8900146484375,384.1600036621094,388.510009765625,17199900
2025-04-16,367.98968505859375,371.6099853515625,381.6099853515625,368.0,380.6700134277344,21967800
2025-04-17,364.1969909667969,367.7799987792969,374.32000732421875,366.8900146484375,373.75,21120200
2025-04-21,355.62139892578125,359.1199951171875,364.4800109863281,355.6700134277344,362.82000732421875,20807300
2025-04-22,363.2463073730469,366.82000732421875,367.7699890136719,359.8599853515625,363.3800048828125,19485000
2025-04-23,370.7426452636719,374.3900146484375,380.3900146484375,373.0199890136719,376.05999755859375,20545500
2025-04-24,383.52679443359375,387.29998779296875,388.45001220703125,375.19000244140625,375.70001220703125,22232300
2025-04-25,388.0325012207031,391.8500061035156,392.1600036621094,384.6000061035156,387.0,18973200
2025-04-28,387.3492736816406,391.1600036621094,392.739990234375,386.6400146484375,391.9599914550781,16579400
2025-04-29,390.201171875,394.0400085449219,395.1000061035156,390.3800048828125,391.29998779296875,14974000
2025-04-30,391.4092712402344,395.260009765625,396.6600036621094,384.44000244140625,390.29998779296875,36461100
2025-05-01,421.25567626953125,425.3999938964844,436.989990234375,424.8999938964844,431.1099853515625,58938100
2025-05-02,431.03936767578125,435.2799987792969,439.44000244140625,429.989990234375,431.739990234375,30757400
2025-05-05,431.9207458496094,436.1700134277344,439.5,432.1099853515625,432.8699951171875,20136100
2025-05-06,429.0885925292969,433.30999755859375,437.7300109863281,431.1700134277344,432.20001220703125,15104200
2025-05-07,429.12823486328125,433.3500061035156,438.1199951171875,431.1099853515625,433.8399963378906,23295300
2025-05-08,433.9012756347656,438.1700134277344,443.6700134277344,435.6600036621094,437.92999267578125,23491300
2025-05-09,434.455810546875,438.7300109863281,440.739990234375,435.8800048828125,440.0,15324200
2025-05-12,444.88323974609375,449.260009765625,449.3699951171875,439.7799987792969,445.94000244140625,22821900
2025-05-13,444.764404296875,449.1400146484375,450.6700134277344,445.3599853515625,447.7799987792969,23618800
2025-05-14,448.52734375,452.94000244140625,453.8999938964844,448.1400146484375,448.1400146484375,19902800
2025-05-15,449.5392761230469,453.1300048828125,456.19000244140625,450.42999267578125,450.7699890136719,21992300
2025-05-16,450.67022705078125,454.2699890136719,454.3599853515625,448.7300109863281,452.04998779296875,23849800
2025-05-19,455.2337951660156,458.8699951171875,459.5899963378906,450.79998779296875,450.8800048828125,21336500
2025-05-20,454.5393371582031,458.1700134277344,458.3399963378906,454.32000732421875,455.5899963378906,15441800
2025-05-21,448.9837341308594,452.57000732421875,457.7799987792969,451.80999755859375,454.57000732421875,19216900
2025-05-22,451.2555847167969,454.8599853515625,460.25,453.8999938964844,454.95001220703125,18025600
2025-05-23,446.6126403808594,450.17999267578125,453.69000244140625,448.9100036621094,449.9800109863281,16883500
2025-05-27,457.03936767578125,460.69000244140625,460.95001220703125,456.1199951171875,456.4800109863281,20974300
2025-05-28,453.7357482910156,457.3599853515625,462.5199890136719,456.92999267578125,461.2200012207031,17086300
2025-05-29,455.0453186035156,458.67999267578125,461.7200012207031,455.30999755859375,461.54998779296875,13974800
2025-05-30,456.71197509765625,460.3599853515625,461.67999267578125,455.5400085449219,459.7200012207031,34770500
2025-06-02,458.3092041015625,461.9700012207031,462.1099853515625,456.8900146484375,457.1400146484375,16626500
2025-06-03,459.3013000488281,462.9700012207031,464.1400146484375,460.8599853515625,461.4700012207031,15743800
2025-06-04,460.1941223144531,463.8699951171875,465.69000244140625,463.0199890136719,464.0,14162700
2025-06-05,463.9739990234375,467.67999267578125,469.6499938964844,464.0299987792969,464.9599914550781,20131700
2025-06-06,466.6525573730469,470.3800048828125,473.3399963378906,468.7799987792969,470.0899963378906,15285600
2025-06-09,469.00384521484375,472.75,473.42999267578125,468.6199951171875,469.70001220703125,16469900
2025-06-10,467.18829345703125,470.9200134277344,472.79998779296875,466.9599914550781,471.19000244140625,15375900
2025-06-11,468.8748474121094,472.6199951171875,475.4700012207031,469.6600036621094,470.0199890136719,16399200
2025-06-12,475.07525634765625,478.8699951171875,480.4200134277344,473.5199890136719,475.0199890136719,18950600
2025-06-13,471.1962890625,474.9599914550781,479.17999267578125,472.760009765625,476.4100036621094,16814500
2025-06-16,475.3431701660156,479.1400146484375,480.69000244140625,475.0,475.2099914550781,15626100
2025-06-17,474.25189208984375,478.0400085449219,478.739990234375,474.0799865722656,475.3999938964844,15414100
2025-06-18,476.4344482421875,480.239990234375,481.0,474.4599914550781,478.0,17526500
2025-06-20,473.616943359375,477.3999938964844,483.4599914550781,476.8699951171875,482.2300109863281,37576200
2025-06-23,482.1488037109375,486.0,487.75,472.510009765625,478.2099914550781,24864000
2025-06-24,486.2261962890625,490.1099853515625,491.8500061035156,486.79998779296875,488.95001220703125,22305600
2025-06-25,488.36907958984375,492.2699890136719,494.55999755859375,489.3900146484375,492.0400085449219,17495100
2025-06-26,493.508056640625,497.45001220703125,498.0400085449219,492.80999755859375,492.9800109863281,21578900
2025-06-27,492.010009765625,495.94000244140625,499.29998779296875,493.0299987792969,497.54998779296875,34539200
2025-06-30,493.4683837890625,497.4100036621094,500.760009765625,495.3299865722656,497.0400085449219,28369000
2025-07-01,488.15087890625,492.04998779296875,498.04998779296875,490.9800109863281,496.4700012207031,19945400
2025-07-02,487.198486328125,491.0899963378906,493.5,488.70001220703125,489.989990234375,16319600
2025-07-03,494.8870849609375,498.8399963378906,500.1300048828125,493.44000244140625,493.80999755859375,13984800
2025-07-07,493.77593994140625,497.7200012207031,498.75,495.2300109863281,497.3800048828125,13981600
2025-07-08,492.68463134765625,496.6199951171875,498.20001220703125,494.1099853515625,497.239990234375,11846600
2025-07-09,499.5200500488281,503.510009765625,506.7799987792969,499.739990234375,500.29998779296875,18659500
2025-07-10,497.50616455078125,501.4800109863281,504.44000244140625,497.75,503.04998779296875,16492100
2025-07-11,499.33154296875,503.32000732421875,505.0299987792969,497.79998779296875,498.4700012207031,16459500
2025-07-14,499.033935546875,503.0199890136719,503.9700012207031,501.0299987792969,501.5199890136719,12058800
2025-07-15,501.811767578125,505.82000732421875,508.29998779296875,502.7900085449219,503.0199890136719,14927200
2025-07-16,501.61334228515625,505.6199951171875,506.7200012207031,501.8900146484375,505.17999267578125,15154400
2025-07-17,507.6451721191406,511.70001220703125,513.3699951171875,505.6199951171875,505.67999267578125,17503100
2025-07-18,506.0082092285156,510.04998779296875,514.6400146484375,507.42999267578125,514.47998046875,21209700
2025-07-21,506.01812744140625,510.05999755859375,512.0900268554688,505.54998779296875,506.7099914550781,14066800
2025-07-22,501.26611328125,505.2699890136719,511.20001220703125,505.2699890136719,510.9700012207031,13868600
2025-07-23,501.861328125,505.8699951171875,506.7900085449219,500.70001220703125,506.75,16396600
2025-07-24,506.8316345214844,510.8800048828125,513.6699829101562,507.29998779296875,508.7699890136719,16107000
2025-07-25,509.6392517089844,513.7100219726562,518.2899780273438,510.3599853515625,512.469970703125,19125700
2025-07-28,508.4388427734375,512.5,515.0,510.1199951171875,514.0800170898438,14308000
2025-07-29,508.5082702636719,512.5700073242188,517.6199951171875,511.55999755859375,515.530029296875,16469200
2025-07-30,509.1729431152344,513.239990234375,515.9500122070312,509.44000244140625,515.1699829101562,26380400
2025-07-31,529.2723388671875,533.5,555.4500122070312,531.9000244140625,555.22998046875,51617300
2025-08-01,519.956787109375,524.1099853515625,535.7999877929688,520.8599853515625,535.0,28977600
2025-08-04,531.3954467773438,535.6400146484375,538.25,528.1300048828125,528.27001953125,25349000
2025-08-05,523.5679931640625,527.75,537.2999877929688,527.239990234375,537.1799926757812,19171600
2025-08-06,520.7802124023438,524.9400024414062,531.7000122070312,524.030029296875,530.9000244140625,21355700
2025-08-07,516.7127075195312,520.8400268554688,528.0900268554688,517.5499877929688,526.7999877929688,16079100
2025-08-08,517.9031982421875,522.0399780273438,524.6599731445312,519.4099731445312,522.5999755859375,15531000
2025-08-11,517.6354370117188,521.77001953125,527.5900268554688,519.719970703125,522.2999877929688,20194400
2025-08-12,525.0462036132812,529.239990234375,530.97998046875,522.7000122070312,523.75,18667000
2025-08-13,516.454833984375,520.5800170898438,532.7000122070312,519.3699951171875,532.1099853515625,19619200
2025-08-14,518.3396606445312,522.47998046875,525.9500122070312,520.1400146484375,522.5599975585938,20269100
2025-08-15,516.0479736328125,520.1699829101562,526.0999755859375,519.0800170898438,522.77001953125,25213300
2025-08-18,513.0023193359375,517.0999755859375,522.8200073242188,514.02001953125,521.5900268554688,23760600
2025-08-19,505.7304382324219,509.7699890136719,515.1599731445312,508.54998779296875,515.0,21481000
2025-08-20,501.7125549316406,505.7200012207031,511.0,504.44000244140625,509.8699951171875,27723000
2025-08-21,501.066650390625,504.239990234375,507.6300048828125,502.7200012207031,503.69000244140625,18443300
2025-08-22,504.0378112792969,507.2300109863281,510.7300109863281,502.4100036621094,504.25,24324200
2025-08-25,501.0865173339844,504.260009765625,508.19000244140625,504.1199951171875,506.6300048828125,21638600
2025-08-26,498.8804626464844,502.0400085449219,504.9800109863281,498.510009765625,504.3599853515625,30835700
2025-08-27,503.5509033203125,506.739990234375,507.2900085449219,499.8999938964844,502.0,17277900
2025-08-28,506.4326477050781,509.6400146484375,511.0899963378906,505.5,507.0899963378906,18015600
2025-08-29,503.5011901855469,506.69000244140625,509.6000061035156,504.489990234375,508.6600036621094,20961600
2025-09-02,501.9410705566406,505.1199951171875,506.0,496.80999755859375,500.4700012207031,18128000
2025-09-03,502.1696472167969,505.3500061035156,507.7900085449219,502.32000732421875,503.7900085449219,16345100
2025-09-04,504.77313232421875,507.9700012207031,508.1499938964844,503.1499938964844,504.29998779296875,15509500
2025-09-05,491.884765625,495.0,511.9700012207031,492.3699951171875,509.07000732421875,31994800
2025-09-08,495.06463623046875,498.20001220703125,501.20001220703125,495.0299987792969,498.1099853515625,16771000
2025-09-09,495.2733154296875,498.4100036621094,502.25,497.70001220703125,501.42999267578125,14410500
2025-09-10,497.2209777832031,500.3699951171875,503.2300109863281,496.7200012207031,502.9800109863281,21611800
2025-09-11,497.8569641113281,501.010009765625,503.1700134277344,497.8800048828125,502.25,18881600
2025-09-12,506.6910095214844,509.8999938964844,512.5499877929688,503.8500061035156,506.6499938964844,23624900
2025-09-15,512.1166381835938,515.3599853515625,515.469970703125,507.0,508.7900085449219,17143800
2025-09-16,505.8364562988281,509.0400085449219,517.22998046875,508.6000061035156,516.8800048828125,19711900
2025-09-17,506.81024169921875,510.0199890136719,511.2900085449219,505.92999267578125,510.6199951171875,15816600
2025-09-18,505.2501525878906,508.45001220703125,513.0700073242188,507.6600036621094,511.489990234375,18913700
2025-09-19,514.6705322265625,517.9299926757812,519.2999877929688,510.30999755859375,510.55999755859375,52474100
2025-09-22,511.21240234375,514.4500122070312,517.739990234375,512.5399780273438,515.5900268554688,20009300
2025-09-23,506.0252380371094,509.2300109863281,514.5900268554688,507.30999755859375,513.7999877929688,19799600
2025-09-24,506.9394226074219,510.1499938964844,512.47998046875,506.9200134277344,510.3800048828125,13533700
2025-09-25,503.83905029296875,507.0299987792969,510.010009765625,505.0400085449219,508.29998779296875,15786500
2025-09-26,508.2411804199219,511.4599914550781,513.9400024414062,506.6199951171875,510.05999755859375,16213100
2025-09-29,511.3613586425781,514.5999755859375,516.8499755859375,508.8800048828125,511.5,17617800
2025-09-30,514.6903686523438,517.9500122070312,518.1599731445312,509.6600036621094,513.239990234375,19728200
2025-10-01,516.439208984375,519.7100219726562,520.510009765625,511.69000244140625,514.7999877929688,22632300
2025-10-02,512.4942626953125,515.739990234375,521.5999755859375,510.67999267578125,517.6400146484375,21222900
2025-10-03,514.0940551757812,517.3499755859375,520.489990234375,515.0,517.0999755859375,15112300
2025-10-06,525.2435302734375,528.5700073242188,531.030029296875,518.2000122070312,518.6099853515625,21388600
2025-10-07,520.682373046875,523.97998046875,529.7999877929688,521.4400024414062,528.2899780273438,14615200
2025-10-08,521.5468139648438,524.8499755859375,526.9500122070312,523.0900268554688,523.280029296875,13363400
2025-10-09,519.1123046875,522.4000244140625,524.3300170898438,517.4000244140625,522.3400268554688,18343600
2025-10-10,507.74432373046875,510.9599914550781,523.5800170898438,509.6300048828125,519.6400146484375,24133800
2025-10-13,510.81488037109375,514.0499877929688,516.4099731445312,511.67999267578125,516.4099731445312,14284200
2025-10-14,510.3379211425781,513.5700073242188,515.280029296875,506.0,510.2300109863281,14684300
2025-10-15,510.19879150390625,513.4299926757812,517.1900024414062,510.0,514.9600219726562,14694700
2025-10-16,508.3902587890625,511.6099853515625,516.8499755859375,508.1300048828125,512.5800170898438,15559600
2025-10-17,510.3478698730469,513.5800170898438,515.47998046875,507.30999755859375,509.0400085449219,19867800
2025-10-20,513.5376586914062,516.7899780273438,518.7000122070312,513.4299926757812,514.6099853515625,14665600
2025-10-21,514.4021606445312,517.6599731445312,518.6900024414062,513.0399780273438,517.5,15586200
2025-10-22,517.2640380859375,520.5399780273438,525.22998046875,517.7100219726562,521.1500244140625,18962700
2025-10-23,517.2838745117188,520.5599975585938,523.9500122070312,518.6099853515625,522.4600219726562,14023500
2025-10-24,520.3146362304688,523.6099853515625,525.3499755859375,520.7100219726562,522.7899780273438,15532400
2025-10-27,528.1749877929688,531.52001953125,534.5800170898438,529.010009765625,531.780029296875,18734700
2025-10-28,538.6585083007812,542.0700073242188,553.719970703125,540.77001953125,550.0,29986700
2025-10-29,538.1417846679688,541.5499877929688,546.27001953125,536.72998046875,544.9400024414062,36023000
2025-10-30,522.4512329101562,525.760009765625,534.969970703125,522.1199951171875,530.47998046875,41023100
2025-10-31,514.5512084960938,517.8099975585938,529.3200073242188,515.0999755859375,528.8800048828125,34006400
2025-11-03,513.776123046875,517.030029296875,524.9600219726562,514.5900268554688,519.8099975585938,22374700
2025-11-04,511.0931701660156,514.3300170898438,515.5499877929688,507.8399963378906,511.760009765625,20958700
2025-11-05,503.96826171875,507.1600036621094,514.8300170898438,506.5799865722656,513.2999877929688,23024300
2025-11-06,493.9715576171875,497.1000061035156,505.70001220703125,495.80999755859375,505.6600036621094,27406500
2025-11-07,493.6933288574219,496.82000732421875,499.3800048828125,493.25,496.95001220703125,24019800
2025-11-10,502.8155517578125,506.0,506.8500061035156,498.79998779296875,500.0400085449219,26101500
2025-11-11,505.47869873046875,508.67999267578125,509.6000061035156,502.3500061035156,504.79998779296875,17980000
2025-11-12,507.9232177734375,511.1400146484375,511.6700134277344,499.1199951171875,509.3599853515625,26574900
2025-11-13,500.12261962890625,503.2900085449219,513.5,501.2900085449219,510.30999755859375,25273100
2025-11-14,506.96923828125,510.17999267578125,511.6000061035156,497.44000244140625,498.2300109863281,28505700
2025-11-17,504.296142578125,507.489990234375,512.1199951171875,504.9100036621094,508.45001220703125,19092800
2025-11-18,490.6824035644531,493.7900085449219,502.9800109863281,486.7799987792969,495.3699951171875,33815100
2025-11-19,484.0543518066406,487.1199951171875,495.19000244140625,482.8299865722656,490.1000061035156,23245300
2025-11-20,476.308837890625,478.42999267578125,493.57000732421875,475.5,492.7099914550781,26802500
2025-11-21,470.0268249511719,472.1199951171875,478.9200134277344,468.2699890136719,478.5,31769200
2025-11-24,471.89849853515625,474.0,476.8999938964844,468.0199890136719,475.0,34421000
2025-11-25,474.8752136230469,476.989990234375,479.1499938964844,464.8900146484375,474.07000732421875,28019800
2025-11-26,483.3475341796875,485.5,488.30999755859375,481.20001220703125,486.30999755859375,25709100
2025-11-28,489.82867431640625,492.010009765625,492.6300048828125,486.6499938964844,487.6000061035156,14386700
2025-12-01,484.5820007324219,486.739990234375,489.8599853515625,484.6499938964844,488.44000244140625,23964000
2025-12-02,487.82757568359375,490.0,493.5,486.32000732421875,486.7200012207031,19562700
2025-12-03,475.6119689941406,477.7300109863281,484.239990234375,475.20001220703125,476.32000732421875,34615100
2025-12-04,478.70819091796875,480.8399963378906,481.32000732421875,476.489990234375,479.760009765625,22318200
2025-12-05,481.01788330078125,483.1600036621094,483.3999938964844,478.8800048828125,482.5199890136719,22608700
2025-12-08,488.8430480957031,491.0199890136719,492.29998779296875,484.3800048828125,484.8900146484375,21965900
2025-12-09,489.8385925292969,492.0199890136719,492.1199951171875,488.5,489.1000061035156,14696100
2025-12-10,476.43829345703125,478.55999755859375,484.25,475.0799865722656,484.0299987792969,35756200
2025-12-11,481.3265075683594,483.4700012207031,486.0299987792969,475.8599853515625,476.6300048828125,24669200
2025-12-12,476.4084167480469,478.5299987792969,482.45001220703125,476.3399963378906,479.82000732421875,21248100
2025-12-15,472.7148742675781,474.82000732421875,480.7200012207031,472.5199890136719,480.1000061035156,23727700
2025-12-16,474.2779235839844,476.3900146484375,477.8900146484375,470.8800048828125,471.9100036621094,20705600
2025-12-17,474.00909423828125,476.1199951171875,480.0,475.0,476.9100036621094,24527200
2025-12-18,481.8342590332031,483.9800109863281,489.6000061035156,477.8900146484375,478.19000244140625,28573500
2025-12-19,483.7656555175781,485.9200134277344,487.8500061035156,482.489990234375,487.3599853515625,70836100
2025-12-22,482.7701110839844,484.9200134277344,488.7300109863281,482.69000244140625,486.1199951171875,16963000
2025-12-23,484.6915283203125,486.8500061035156,487.8299865722656,484.739990234375,484.9800109863281,14683600
2025-12-24,485.8563232421875,488.0199890136719,489.1600036621094,484.8299865722656,485.67999267578125,5855900
2025-12-26,485.5476989746094,487.7099914550781,488.1199951171875,485.9599914550781,486.7099914550781,8842200
2025-12-29,484.9404296875,487.1000061035156,488.3500061035156,484.17999267578125,484.8599853515625,10893400
2025-12-30,485.3187255859375,487.4800109863281,489.67999267578125,485.5,485.92999267578125,13944500
2025-12-31,481.4758605957031,483.6199951171875,488.1400146484375,483.29998779296875,487.8399963378906,15601600
2026-01-02,470.84320068359375,472.94000244140625,484.6600036621094,470.1600036621094,484.3900146484375,25571600
2026-01-05,470.7536315917969,472.8500061035156,476.07000732421875,469.5,474.05999755859375,25250300
2026-01-06,476.3885192871094,478.510009765625,478.739990234375,469.75,473.79998779296875,23037700
2026-01-07,481.3265075683594,483.4700012207031,489.70001220703125,477.95001220703125,479.760009765625,25564200
2026-01-08,475.9902648925781,478.1099853515625,482.6600036621094,475.8599853515625,481.239990234375,18162600
2026-01-09,477.15509033203125,479.2799987792969,479.82000732421875,472.20001220703125,474.05999755859375,18491000
2026-01-12,475.06439208984375,477.17999267578125,480.989990234375,475.67999267578125,476.6700134277344,23519900
2026-01-13,468.5832824707031,470.6700134277344,475.7799987792969,465.95001220703125,474.67999267578125,28545800
2026-01-14,457.34332275390625,459.3800048828125,468.20001220703125,457.1700134277344,466.4599914550781,28184300
2026-01-15,454.6353759765625,456.6600036621094,464.25,455.8999938964844,464.1199951171875,23225800
2026-01-16,457.8211669921875,459.8599853515625,463.19000244140625,456.4800109863281,457.8299865722656,34246700
2026-01-20,452.5048828125,454.5199890136719,456.79998779296875,449.2799987792969,451.2200012207031,26130000
2026-01-21,442.1410217285156,444.1099853515625,452.69000244140625,438.67999267578125,452.6000061035156,37980500
2026-01-22,449.1398620605469,451.1400146484375,452.8399963378906,444.70001220703125,447.6199951171875,25349400
2026-01-23,463.8841857910156,465.95001220703125,471.1000061035156,450.5299987792969,451.8699951171875,38000200
2026-01-26,468.19500732421875,470.2799987792969,474.25,462.0,465.30999755859375,29291200
2026-01-27,478.4493103027344,480.5799865722656,482.8699951171875,473.1600036621094,473.70001220703125,29213900
2026-01-28,479.49468994140625,481.6300048828125,483.739990234375,478.0,483.2099914550781,36875400
2026-01-29,431.57806396484375,433.5,442.5,421.0199890136719,439.989990234375,128855300
2026-01-30,428.38232421875,430.2900085449219,439.6000061035156,426.45001220703125,439.1700134277344,58566800
2026-02-02,421.49298095703125,423.3699951171875,430.739990234375,422.25,430.239990234375,42219900
2026-02-03,409.3868713378906,411.2099914550781,422.04998779296875,408.55999755859375,422.010009765625,61424100
2026-02-04,412.3536682128906,414.19000244140625,419.79998779296875,409.239990234375,411.0,45012400
2026-02-05,391.9246520996094,393.6700134277344,408.29998779296875,392.32000732421875,407.44000244140625,66289200
2026-02-06,399.3615417480469,401.1400146484375,401.7900085449219,392.9200134277344,399.1700134277344,53515300
2026-02-09,411.76629638671875,413.6000061035156,414.8900146484375,400.8699951171875,404.8500061035156,45480500
2026-02-10,411.437744140625,413.2699890136719,423.67999267578125,412.70001220703125,419.6199951171875,44857900
2026-02-11,402.57720947265625,404.3699951171875,416.4599914550781,401.010009765625,416.17999267578125,42491000
2026-02-12,400.05841064453125,401.8399963378906,406.20001220703125,398.010009765625,405.0,40802400
2026-02-13,399.5407409667969,401.32000732421875,405.5400085449219,398.04998779296875,404.45001220703125,34091600
2026-02-17,395.1004943847656,396.8599853515625,400.5199890136719,394.5299987792969,399.2200012207031,32078800
2026-02-18,397.828369140625,399.6000061035156,402.55999755859375,396.32000732421875,398.1300048828125,23223400
2026-02-19,397.5988464355469,398.4599914550781,404.42999267578125,396.6700134277344,400.69000244140625,28234000
2026-02-20,396.37152099609375,397.2300109863281,400.1199951171875,395.1600036621094,396.1099853515625,34015200
2026-02-23,383.6390686035156,384.4700012207031,395.3599853515625,383.1000061035156,395.0,43238300
2026-02-24,388.1593017578125,389.0,389.3599853515625,381.7099914550781,384.1400146484375,33884700
2026-02-25,399.7342224121094,400.6000061035156,401.4700012207031,390.1600036621094,390.5299987792969,43625500
2026-02-26,400.851806640625,401.7200012207031,407.489990234375,398.739990234375,404.7099914550781,34405900
2026-02-27,391.8912048339844,392.739990234375,396.82000732421875,389.8800048828125,390.8800048828125,51367200
2026-03-02,397.6886291503906,398.54998779296875,401.19000244140625,390.6300048828125,392.8599853515625,35474900
2026-03-03,403.0570068359375,403.92999267578125,406.70001220703125,392.6700134277344,393.1400146484375,38199200
2026-03-04,404.32427978515625,405.20001220703125,411.0299987792969,400.30999755859375,401.2699890136719,35808000
2026-03-05,409.79241943359375,410.67999267578125,411.6099853515625,404.3999938964844,404.4200134277344,39001300
2026-03-06,408.0761413574219,408.9599914550781,413.04998779296875,408.510009765625,409.20001220703125,31123900
2026-03-09,408.5251770019531,409.4100036621094,410.2099914550781,403.5,404.9200134277344,30131900
2026-03-10,404.8830871582031,405.760009765625,410.20001220703125,402.92999267578125,410.0299987792969,31706400
2026-03-11,404.0049743652344,404.8800048828125,409.010009765625,401.5899963378906,405.57000732421875,25512100
2026-03-12,400.9914855957031,401.8599853515625,406.1199951171875,401.7099914550781,404.6300048828125,27263900
2026-03-13,394.69512939453125,395.54998779296875,404.79998779296875,394.25,401.0,26848000
2026-03-16,399.08563232421875,399.95001220703125,400.6300048828125,394.7900085449219,398.07000732421875,27733700
2026-03-17,398.5467834472656,399.4100036621094,404.3999938964844,397.75,400.2699890136719,26228300
2026-03-18,390.9432678222656,391.7900085449219,398.0,391.0,397.1300048828125,25908500
2026-03-19,388.1792297363281,389.0199890136719,392.489990234375,387.05999755859375,390.1000061035156,25138800
2026-03-20,381.0447082519531,381.8699951171875,387.0,380.1199951171875,386.7900085449219,50853200
2026-03-23,382.1722717285156,383.0,387.2099914550781,381.67999267578125,383.8999938964844,29680100
2026-03-24,371.9344177246094,372.739990234375,382.4700012207031,371.8500061035156,382.3599853515625,42733600
2026-03-25,370.2381286621094,371.0400085449219,377.05999755859375,369.6300048828125,376.9200134277344,31181200
2026-03-26,365.1790771484375,365.9700012207031,374.7200012207031,365.19000244140625,370.82000732421875,36836600
2026-03-27,355.9989318847656,356.7699890136719,362.45001220703125,356.510009765625,361.8999938964844,37883400
2026-03-30,358.1842041015625,358.9599914550781,365.3599853515625,356.2799987792969,361.8999938964844,44797000
2026-03-31,369.3699951171875,370.1700134277344,372.8999938964844,363.07000732421875,364.54998779296875,45244400
2026-04-01,368.57171630859375,369.3699951171875,373.989990234375,368.20001220703125,373.489990234375,29417200
2026-04-02,372.6528625488281,373.4599914550781,373.6400146484375,364.1499938964844,367.2099914550781,24099100
2026-04-06,372.0741271972656,372.8800048828125,373.7300109863281,369.5,373.489990234375,16146600
2026-04-07,371.48541259765625,372.2900085449219,372.45001220703125,366.55999755859375,370.3399963378906,21443300
2026-04-08,373.52099609375,374.3299865722656,385.0,371.4100036621094,384.9800109863281,33064800
2026-04-09,372.26373291015625,373.07000732421875,373.5,367.04998779296875,372.5,30435300
2026-04-10,370.0684814453125,370.8699951171875,375.6400146484375,370.0299987792969,372.9800109863281,28111100
2026-04-13,383.539306640625,384.3699951171875,384.5400085449219,371.0199890136719,373.6099853515625,35745800
2026-04-14,392.2604064941406,393.1099853515625,394.69000244140625,386.5199890136719,387.9200134277344,37504500
2026-04-15,410.3312683105469,411.2200012207031,414.3699951171875,396.7300109863281,398.0,45063400
2026-04-16,419.35174560546875,420.260009765625,420.82000732421875,412.1400146484375,419.8599853515625,41642400
2026-04-17,421.87628173828125,422.7900085449219,431.5799865722656,420.69000244140625,424.82000732421875,48568200
2026-04-20,417.1664733886719,418.07000732421875,423.3299865722656,416.29998779296875,421.1499938964844,27582200
2026-04-21,423.2433166503906,424.1600036621094,427.17999267578125,417.20001220703125,420.239990234375,32048500
2026-04-22,431.984375,432.9200134277344,433.70001220703125,423.6700134277344,426.19000244140625,29378200
2026-04-23,414.8514709472656,415.75,423.6600036621094,411.4100036621094,419.8900146484375,38308000
2026-04-24,423.7023010253906,424.6199951171875,424.95001220703125,415.79998779296875,416.9700012207031,27457400
2026-04-27,423.9018859863281,424.82000732421875,427.1099853515625,417.07000732421875,422.3800048828125,30867300
2026-04-28,428.3222961425781,429.25,429.9200134277344,421.8999938964844,424.57000732421875,30438100
2026-04-29,423.5426330566406,424.4599914550781,426.82000732421875,420.2900085449219,424.5799865722656,38288300
2026-04-30,406.8987121582031,407.7799987792969,414.4200134277344,398.010009765625,410.80999755859375,70909400
2026-05-01,413.5443115234375,414.44000244140625,417.1099853515625,410.44000244140625,412.79998779296875,31372400
2026-05-04,412.72607421875,413.6199951171875,420.7799987792969,410.79998779296875,411.5400085449219,28066500
2026-05-05,410.4909362792969,411.3800048828125,416.7799987792969,408.79998779296875,415.32000732421875,25700900
2026-05-06,413.0653381347656,413.9599914550781,418.4200134277344,405.1099853515625,408.0,30285900
2026-05-07,419.8606262207031,420.7699890136719,427.9800109863281,418.760009765625,420.1099853515625,34942400
2026-05-08,414.22283935546875,415.1199951171875,418.6300048828125,414.0,417.3900146484375,33383800
2026-05-11,411.7681579589844,412.6600036621094,412.69000244140625,405.5,407.8699951171875,35657900
2026-05-12,406.8887023925781,407.7699890136719,415.5,406.6400146484375,414.4800109863281,38594200
2026-05-13,404.3342590332031,405.2099914550781,406.30999755859375,401.0299987792969,403.20001220703125,29667100
2026-05-14,408.5451354980469,409.42999267578125,411.8399963378906,400.8800048828125,404.4800109863281,27077500
2026-05-15,421.0081481933594,421.9200134277344,428.1700134277344,412.9100036621094,414.2699890136719,50771200
2026-05-18,422.6246643066406,423.5400085449219,425.1199951171875,415.6099853515625,416.6199951171875,32564100
2026-05-19,416.51788330078125,417.4200134277344,432.70001220703125,416.489990234375,429.8999938964844,33018700
2026-05-20,420.1499938964844,421.05999755859375,422.1000061035156,411.29998779296875,414.1700134277344,27864000
2026-05-21,419.0899963378906,419.0899963378906,426.3399963378906,415.7099914550781,424.75,31393500
2026-05-22,418.57000732421875,418.57000732421875,424.3999938964844,416.3299865722656,419.5400085449219,22390300
2026-05-26,416.0299987792969,416.0299987792969,419.7699890136719,413.0199890136719,416.42999267578125,30398000
2026-05-27,412.6700134277344,412.6700134277344,415.94000244140625,409.5799865722656,411.010009765625,28901500
2026-05-28,426.989990234375,426.989990234375,429.489990234375,412.6700134277344,412.9800109863281,47250500
2026-05-29,450.239990234375,450.239990234375,450.3299865722656,432.3599853515625,432.54998779296875,79654400
2026-06-01,460.5199890136719,460.5199890136719,466.32000732421875,458.2699890136719,464.8399963378906,53628900
2026-06-02,441.30999755859375,441.30999755859375,453.5,440.42999267578125,446.8800048828125,37036800
2026-06-03,427.3399963378906,427.3399963378906,440.3900146484375,424.25,438.45001220703125,39037000
2026-06-04,428.04998779296875,428.04998779296875,436.1499938964844,426.4100036621094,435.80999755859375,26899500
2026-06-05,416.6700134277344,416.6700134277344,429.4700012207031,414.3999938964844,428.3399963378906,34782200
2026-06-08,411.739990234375,411.739990234375,417.1600036621094,408.55999755859375,414.1400146484375,32086700
2026-06-09,403.4100036621094,403.4100036621094,411.9800109863281,398.4800109863281,409.0299987792969,35317300
2026-06-10,397.3599853515625,397.3599853515625,405.0400085449219,397.1600036621094,398.54998779296875,32576000
2026-06-11,390.3399963378906,390.3399963378906,396.8500061035156,384.0,395.2099914550781,47224100
2026-06-12,390.739990234375,390.739990234375,391.739990234375,382.2699890136719,391.42999267578125,34865800
2026-06-15,399.760009765625,399.760009765625,401.75,392.8500061035156,396.79998779296875,32266400
2026-06-16,393.8299865722656,393.8299865722656,396.8399963378906,390.69000244140625,395.7900085449219,31506800
2026-06-17,378.9100036621094,378.9100036621094,390.3699951171875,377.32000732421875,390.25,41987800
2026-06-18,379.3999938964844,379.3999938964844,381.3699951171875,373.2799987792969,377.82000732421875,59714200
2026-06-22,367.3399963378906,367.3399963378906,381.6300048828125,367.07000732421875,375.739990234375,45171100
2026-06-23,373.94000244140625,373.94000244140625,377.2200012207031,370.6700134277344,372.3800048828125,40647600
2026-06-24,365.4599914550781,365.4599914550781,378.8800048828125,364.7799987792969,371.57000732421875,44509900
2026-06-25,352.8299865722656,352.8299865722656,364.2300109863281,349.20001220703125,362.7699890136719,66179000
2026-06-26,372.9700012207031,372.9700012207031,376.6099853515625,355.42999267578125,357.1499938964844,186201600
2026-06-29,368.57000732421875,368.57000732421875,380.5,359.8999938964844,377.5,51229900
2026-06-30,373.0199890136719,373.0199890136719,374.1499938964844,367.45001220703125,371.0299987792969,44945700
2026-07-01,384.2799987792969,384.2799987792969,388.8299865722656,374.8900146484375,380.8299865722656,48065800
2026-07-02,390.489990234375,390.489990234375,392.20001220703125,383.70001220703125,384.4800109863281,42128900
2026-07-06,386.739990234375,386.739990234375,389.1499938964844,381.2200012207031,387.0400085449219,34224500
2026-07-07,388.8399963378906,388.8399963378906,395.57000732421875,388.2200012207031,392.489990234375,29297500
2026-07-08,383.3399963378906,383.3399963378906,385.30999755859375,381.3299865722656,384.0299987792969,25908300
2026-07-09,384.3599853515625,384.3599853515625,384.6499938964844,373.3500061035156,374.45001220703125,31083200
2026-07-10,385.1000061035156,385.1000061035156,391.9100036621094,381.5,387.79998779296875,24644600
2026-07-13,390.989990234375,390.989990234375,393.6499938964844,384.1499938964844,387.75,28914900
2026-07-14,384.92999267578125,384.92999267578125,388.19000244140625,378.6499938964844,382.82000732421875,27863900
2026-07-15,395.6300048828125,395.6300048828125,398.9599914550781,386.3999938964844,387.79998779296875,36253700
2026-07-16,401.1000061035156,401.1000061035156,405.989990234375,392.04998779296875,398.30999755859375,37047400
2026-07-17,393.82000732421875,393.82000732421875,398.3900146484375,389.3900146484375,394.8599853515625,33049800
2026-07-20,402.2900085449219,402.2900085449219,403.17999267578125,389.6499938964844,391.4100036621094,27915800
2026-07-21,397.75,397.75,401.4700012207031,396.32000732421875,398.80999755859375,24126600
2026-07-22,390.3399963378906,390.3399963378906,401.0,386.9599914550781,399.5799865722656,28142500
2026-07-23,381.5799865722656,381.5799865722656,391.7799987792969,377.3900146484375,389.9700012207031,30351800
2026-07-24,381.70001220703125,381.70001220703125,389.0299987792969,380.6499938964844,387.04998779296875,27659400
2026-07-27,389.1000061035156,389.1000061035156,394.20001220703125,387.989990234375,390.0799865722656,27856200
2026-07-28,393.3500061035156,393.3500061035156,400.32000732421875,391.29998779296875,393.1600036621094,32367500
2026-07-29,390.5400085449219,390.5400085449219,401.25,388.739990234375,393.3999938964844,47209000
2026-07-30,451.1000061035156,451.1000061035156,458.69000244140625,432.44000244140625,437.8999938964844,110160700
2026-07-31,464.7200012207031,464.7200012207031,466.8399963378906,449.3299865722656,450.0,60846000
2026-08-03,487.6499938964844,487.6499938964844,491.6499938964844,475.0,476.1300048828125,66762100
2026-08-04,492.80999755859375,492.80999755859375,499.44000244140625,479.1700134277344,480.8999938964844,50455500
2026-08-05,487.4599914550781,487.4599914550781,498.239990234375,485.67999267578125,496.3599853515625,33388900
2026-08-06,499.8599853515625,499.8599853515625,501.55999755859375,488.5199890136719,488.54998779296875,36441500
2026-08-07,499.989990234375,499.989990234375,505.17999267578125,498.7300109863281,499.2099914550781,28846200
2026-08-10,506.05999755859375,506.05999755859375,513.72998046875,502.2699890136719,503.44000244140625,31176700
