Date,Adj Close,Close,High,Low,Open,Volume
2021-08-11,235.94000244140625,235.94000244140625,238.3933258056641,234.73666381835935,237.57000732421875,29401800
2021-08-12,240.75,240.75,240.93333435058597,233.13333129882807,235.44667053222656,52377300
2021-08-13,239.05667114257807,239.05667114257807,243.3000030517578,238.1133270263672,241.23666381835935,50194500
2021-08-16,228.72332763671875,228.72332763671875,236.5,225.46665954589844,235.02333068847656,68032200
2021-08-17,221.90333557128903,221.90333557128903,224.8600006103516,216.27999877929688,224.22000122070312,71163900
2021-08-18,229.663330078125,229.663330078125,231.92333984375,223.11666870117188,223.25,61048200
2021-08-19,224.4900054931641,224.4900054931641,228.8500061035156,222.52999877929688,226.07000732421875,42940500
2021-08-20,226.7533264160156,226.7533264160156,230.7100067138672,224.5666656494141,227.61666870117188,44525700
2021-08-23,235.43333435058597,235.43333435058597,237.3766632080078,226.9166717529297,228.47999572753903,60794700
2021-08-24,236.163330078125,236.163330078125,238.4066619873047,234.2133331298828,236.8933258056641,39249300
2021-08-25,237.0666656494141,237.0666656494141,238.9900054931641,234.6666717529297,235.6766662597656,37936800
2021-08-26,233.72000122070312,233.72000122070312,238.46665954589844,232.5399932861328,236.10333251953125,39642900
2021-08-27,237.30667114257807,237.30667114257807,238.3333282470703,234.0333404541016,235.0,41501400
2021-08-30,243.6366729736328,243.6366729736328,243.6666717529297,237.57666015625,238.2400054931641,55812600
2021-08-31,245.2400054931641,245.2400054931641,246.79666137695312,242.14666748046875,244.3333282470703,62566200
2021-09-01,244.69667053222656,244.69667053222656,247.3300018310547,243.7566680908203,244.69332885742188,39612900
2021-09-02,244.1300048828125,244.1300048828125,246.9900054931641,243.51333618164065,244.8333282470703,38331900
2021-09-03,244.52333068847656,244.52333068847656,244.6666717529297,241.3999938964844,244.0833282470703,45738300
2021-09-07,250.97332763671875,250.97332763671875,253.3999938964844,246.4199981689453,246.6666717529297,60119400
2021-09-08,251.2899932861328,251.2899932861328,254.8166656494141,246.92333984375,253.8600006103516,56379000
2021-09-09,251.6199951171875,251.6199951171875,254.0333404541016,250.5433349609375,251.1366729736328,42233100
2021-09-10,245.42333984375,245.42333984375,254.20333862304688,244.83999633789065,253.1999969482422,45552600
2021-09-13,247.6666717529297,247.6666717529297,248.25999450683597,236.2833404541016,246.73666381835935,68857500
2021-09-14,248.163330078125,248.163330078125,251.4900054931641,245.46665954589844,247.52333068847656,55574700
2021-09-15,251.94332885742188,251.94332885742188,252.2866668701172,246.1199951171875,248.3333282470703,46073100
2021-09-16,252.3300018310547,252.3300018310547,252.97000122070312,249.20333862304688,250.94332885742188,41770200
2021-09-17,253.163330078125,253.163330078125,253.67999267578125,250.0,252.38333129882807,84612600
2021-09-20,243.38999938964844,243.38999938964844,247.3333282470703,239.5399932861328,244.85333251953125,74273100
2021-09-21,246.4600067138672,246.4600067138672,248.2466735839844,243.47999572753903,244.92999267578125,48992100
2021-09-22,250.64666748046875,250.64666748046875,251.22332763671875,246.3733367919922,247.8433380126953,45378900
2021-09-23,251.2133331298828,251.2133331298828,252.73333740234372,249.30667114257807,251.6666717529297,35842500
2021-09-24,258.1300048828125,258.1300048828125,258.26666259765625,248.1866607666016,248.6300048828125,64119000
2021-09-27,263.78668212890625,263.78668212890625,266.3333435058594,256.4366760253906,257.7066650390625,84212100
2021-09-28,259.1866760253906,259.1866760253906,265.2133178710937,255.3933258056641,262.3999938964844,76144200
2021-09-29,260.4366760253906,260.4366760253906,264.5,256.8933410644531,259.9333190917969,62828700
2021-09-30,258.49334716796875,258.49334716796875,263.0433349609375,258.3333435058594,260.3333435058594,53868000
2021-10-01,258.4066772460937,258.4066772460937,260.260009765625,254.52999877929688,259.4666748046875,51094200
2021-10-04,260.510009765625,260.510009765625,268.989990234375,258.7066650390625,265.5,91449900
2021-10-05,260.1966552734375,260.1966552734375,265.7699890136719,258.0666809082031,261.6000061035156,55297800
2021-10-06,260.9166564941406,260.9166564941406,262.2200012207031,257.739990234375,258.7333374023437,43898400
2021-10-07,264.53668212890625,264.53668212890625,268.3333435058594,261.1266784667969,261.82000732421875,57587400
2021-10-08,261.8299865722656,261.8299865722656,265.4599914550781,260.3033447265625,265.4033203125,50215800
2021-10-11,263.9800109863281,263.9800109863281,267.0799865722656,261.8333435058594,262.54998779296875,42600900
2021-10-12,268.5733337402344,268.5733337402344,270.7733459472656,265.5233459472656,266.9766540527344,66060000
2021-10-13,270.3599853515625,270.3599853515625,271.8033447265625,268.59332275390625,270.1566772460937,42360300
2021-10-14,272.7733459472656,272.7733459472656,273.4166564941406,271.1166687011719,271.8299865722656,36741600
2021-10-15,281.010009765625,281.010009765625,281.07000732421875,274.1166687011719,274.5799865722656,56773800
2021-10-18,290.03668212890625,290.03668212890625,291.7533264160156,283.8233337402344,283.92999267578125,72621600
2021-10-19,288.0899963378906,288.0899963378906,292.6499938964844,287.5033264160156,292.510009765625,52143300
2021-10-20,288.6000061035156,288.6000061035156,289.8299865722656,285.7933349609375,288.45001220703125,42096300
2021-10-21,298.0,298.0,300.0,285.1666564941406,285.3333435058594,94444500
2021-10-22,303.2266540527344,303.2266540527344,303.3333435058594,296.9866638183594,298.5,68642400
2021-10-25,341.6199951171875,341.6199951171875,348.3399963378906,314.7333374023437,316.84332275390625,188556300
2021-10-26,339.4766540527344,339.4766540527344,364.9800109863281,333.8133239746094,341.5633239746094,187245000
2021-10-27,345.9533386230469,345.9533386230469,356.9599914550781,343.59332275390625,346.5533447265625,115579500
2021-10-28,359.0133361816406,359.0133361816406,360.3333435058594,351.3999938964844,356.10333251953125,81639600
2021-10-29,371.3333435058594,371.3333435058594,371.7366638183594,357.7366638183594,360.6199951171875,89755200
2021-11-01,402.86334228515625,402.86334228515625,403.25,372.88665771484375,381.6666564941406,168146100
2021-11-02,390.6666564941406,390.6666564941406,402.86334228515625,382.0,386.4533386230469,128213400
2021-11-03,404.6199951171875,404.6199951171875,405.1300048828125,384.2066650390625,392.4433288574219,103885500
2021-11-04,409.9700012207031,409.9700012207031,414.4966735839844,405.6666564941406,411.4700012207031,76192200
2021-11-05,407.36334228515625,407.36334228515625,413.2900085449219,402.6666564941406,409.3333435058594,64886400
2021-11-08,387.6466674804688,387.6466674804688,399.0,377.6666564941406,383.2633361816406,100337100
2021-11-09,341.1666564941406,341.1666564941406,391.5,337.17333984375,391.2000122070313,177317400
2021-11-10,355.9833374023437,355.9833374023437,359.3666687011719,329.10333251953125,336.8033447265625,128408100
2021-11-11,354.5033264160156,354.5033264160156,368.3233337402344,351.5599975585937,367.5899963378906,67189800
2021-11-12,344.47332763671875,344.47332763671875,351.5,339.7333374023437,349.1666564941406,76719300
2021-11-15,337.7966613769531,337.7966613769531,343.99334716796875,326.20001220703125,339.2099914550781,104326800
2021-11-16,351.57666015625,351.57666015625,352.3999938964844,334.0599975585937,334.4366760253906,79627200
2021-11-17,363.0033264160156,363.0033264160156,373.21331787109375,351.8333435058594,354.5033264160156,94336200
2021-11-18,365.4599914550781,365.4599914550781,370.6666564941406,358.3399963378906,368.8500061035156,62696700
2021-11-19,379.0199890136719,379.0199890136719,379.5733337402344,364.23333740234375,366.2900085449219,64926900
2021-11-22,385.6233215332031,385.6233215332031,400.6499938964844,377.4766540527344,387.4433288574219,99217500
2021-11-23,369.6766662597656,369.6766662597656,393.5,354.2333374023437,389.1700134277344,108515100
2021-11-24,372.0,372.0,377.5899963378906,354.0,360.1300048828125,67680600
2021-11-26,360.6400146484375,360.6400146484375,369.5933227539063,360.3333435058594,366.489990234375,35042700
2021-11-29,378.9966735839844,378.9966735839844,380.8900146484375,366.7300109863281,366.9966735839844,58393500
2021-11-30,381.586669921875,381.586669921875,389.3333435058594,372.6666564941406,381.4566650390625,81276000
2021-12-01,365.0,365.0,390.9466552734375,363.586669921875,386.8999938964844,68450400
2021-12-02,361.5333251953125,361.5333251953125,371.0,352.2166748046875,366.3533325195313,73114800
2021-12-03,338.3233337402344,338.3233337402344,363.5266723632813,333.4033203125,361.5966796875,92322000
2021-12-06,336.336669921875,336.336669921875,340.5466613769531,316.8333435058594,333.836669921875,81663000
2021-12-07,350.5833435058594,350.5833435058594,352.5566711425781,342.2699890136719,348.0666809082031,56084700
2021-12-08,356.32000732421875,356.32000732421875,357.4599914550781,344.3333435058594,350.9033203125,41906400
2021-12-09,334.6000061035156,334.6000061035156,354.163330078125,334.1199951171875,353.5466613769531,59438400
2021-12-10,339.010009765625,339.010009765625,340.32666015625,327.510009765625,336.25,59664300
2021-12-13,322.1366577148437,322.1366577148437,335.0,317.1400146484375,333.6966552734375,78595500
2021-12-14,319.5033264160156,319.5033264160156,322.1366577148437,310.0,315.0,70806300
2021-12-15,325.3299865722656,325.3299865722656,326.25,309.4166564941406,317.7366638183594,75169200
2021-12-16,308.97332763671875,308.97332763671875,331.6600036621094,307.2833251953125,331.5,82771500
2021-12-17,310.8566589355469,310.8566589355469,320.2200012207031,303.0133361816406,304.92333984375,100437300
2021-12-20,299.9800109863281,299.9800109863281,307.2300109863281,297.7966613769531,303.5666809082031,56480100
2021-12-21,312.84332275390625,312.84332275390625,313.1666564941406,295.3733215332031,305.6233215332031,71517900
2021-12-22,336.2900085449219,336.2900085449219,338.5533447265625,319.01666259765625,321.8866577148437,93634200
2021-12-23,355.6666564941406,355.6666564941406,357.6600036621094,332.5199890136719,335.6000061035156,92713200
2021-12-27,364.6466674804688,364.6466674804688,372.3333435058594,356.9066772460937,357.8900146484375,71145900
2021-12-28,362.8233337402344,362.8233337402344,373.0,359.47332763671875,369.8299865722656,60324000
2021-12-29,362.0633239746094,362.0633239746094,368.0,354.7133178710937,366.21331787109375,56154000
2021-12-30,356.7799987792969,356.7799987792969,365.1833190917969,351.04998779296875,353.77667236328125,47040900
2021-12-31,352.260009765625,352.260009765625,360.6666564941406,351.5299987792969,357.8133239746094,40733700
2022-01-03,399.9266662597656,399.9266662597656,400.3566589355469,378.6799926757813,382.5833435058594,103931400
2022-01-04,383.1966552734375,383.1966552734375,402.6666564941406,374.3500061035156,396.51666259765625,100248300
2022-01-05,362.7066650390625,362.7066650390625,390.11334228515625,360.336669921875,382.2166748046875,80119800
2022-01-06,354.8999938964844,354.8999938964844,362.6666564941406,340.1666564941406,359.0,90336600
2022-01-07,342.32000732421875,342.32000732421875,360.30999755859375,336.6666564941406,360.1233215332031,84164700
2022-01-10,352.7066650390625,352.7066650390625,353.0333251953125,326.6666564941406,333.3333435058594,91815000
2022-01-11,354.79998779296875,354.79998779296875,358.6166687011719,346.2733459472656,351.22332763671875,66063300
2022-01-12,368.739990234375,368.739990234375,371.61334228515625,357.5299987792969,359.6166687011719,83739000
2022-01-13,343.85333251953125,343.85333251953125,371.8666687011719,342.17999267578125,369.6900024414063,97209900
2022-01-14,349.8699951171875,349.8699951171875,350.6666564941406,337.7933349609375,339.9599914550781,72924300
2022-01-18,343.5033264160156,343.5033264160156,356.92999267578125,338.6866760253906,342.2033386230469,66743400
2022-01-19,331.8833312988281,331.8833312988281,351.5566711425781,331.6666564941406,347.2366638183594,75442500
2022-01-20,332.0899963378906,332.0899963378906,347.2200012207031,331.3333435058594,336.57666015625,70488600
2022-01-21,314.6333312988281,314.6333312988281,334.8500061035156,313.5,332.11334228515625,103416000
2022-01-24,310.0,310.0,311.1700134277344,283.8233337402344,301.586669921875,151565700
2022-01-25,306.1333312988281,306.1333312988281,317.086669921875,301.07000732421875,304.7333374023437,86595900
2022-01-26,312.4700012207031,312.4700012207031,329.2300109863281,302.0,317.4766540527344,104867400
2022-01-27,276.3666687011719,276.3666687011719,311.7966613769531,276.3333435058594,311.1199951171875,147109500
2022-01-28,282.1166687011719,282.1166687011719,285.8333435058594,264.0033264160156,277.1866760253906,134789100
2022-01-31,312.239990234375,312.239990234375,312.663330078125,287.3500061035156,290.9033203125,104436000
2022-02-01,310.4166564941406,310.4166564941406,314.5666809082031,301.6666564941406,311.7366638183594,73138200
2022-02-02,301.8866577148437,301.8866577148437,310.5,296.4700012207031,309.3933410644531,66792900
2022-02-03,297.0466613769531,297.0466613769531,312.3333435058594,293.50665283203125,294.0,78855600
2022-02-04,307.7733459472656,307.7733459472656,312.1666564941406,293.72332763671875,299.0733337402344,73625400
2022-02-07,302.4466552734375,302.4466552734375,315.92333984375,300.9033203125,307.92999267578125,60994500
2022-02-08,307.3333435058594,307.3333435058594,308.7633361816406,298.26666259765625,301.84332275390625,50729100
2022-02-09,310.6666564941406,310.6666564941406,315.42333984375,306.6666564941406,311.6666564941406,52259400
2022-02-10,301.51666259765625,301.51666259765625,314.60333251953125,298.8999938964844,302.7900085449219,66126900
2022-02-11,286.6666564941406,286.6666564941406,305.32000732421875,283.5666809082031,303.2099914550781,79645800
2022-02-14,291.9200134277344,291.9200134277344,299.6266784667969,284.3833312988281,287.19000244140625,67756500
2022-02-15,307.4766540527344,307.4766540527344,307.6666564941406,297.7933349609375,300.0,57286200
2022-02-16,307.7966613769531,307.7966613769531,308.8099975585937,300.4033203125,304.6833190917969,51294300
2022-02-17,292.1166687011719,292.1166687011719,306.1666564941406,291.3666687011719,304.4200134277344,55178400
2022-02-18,285.6600036621094,285.6600036621094,295.6233215332031,279.2033386230469,295.3333435058594,68501700
2022-02-22,273.84332275390625,273.84332275390625,285.57666015625,267.0333251953125,278.0433349609375,83288100
2022-02-23,254.67999267578125,254.67999267578125,278.4333190917969,253.5200042724609,276.8099975585937,95256900
2022-02-24,266.92333984375,266.92333984375,267.49334716796875,233.3333282470703,233.4633331298828,135322200
2022-02-25,269.9566650390625,269.9566650390625,273.1666564941406,260.79998779296875,269.74334716796875,76067700
2022-02-28,290.1433410644531,290.1433410644531,292.28668212890625,271.57000732421875,271.6700134277344,99006900
2022-03-01,288.1233215332031,288.1233215332031,296.6266784667969,284.59332275390625,289.8933410644531,74766900
2022-03-02,293.2966613769531,293.2966613769531,295.49334716796875,281.42333984375,290.7099914550781,74643300
2022-03-03,279.7633361816406,279.7633361816406,295.4800109863281,277.5333251953125,292.92333984375,61623600
2022-03-04,279.42999267578125,279.42999267578125,285.2166748046875,275.0533447265625,283.0333251953125,66999600
2022-03-07,268.1933288574219,268.1933288574219,288.7133178710937,268.19000244140625,285.4333190917969,72494100
2022-03-08,274.79998779296875,274.79998779296875,283.3299865722656,260.72332763671875,265.1766662597656,80399100
2022-03-09,286.3233337402344,286.3233337402344,286.85333251953125,277.336669921875,279.82666015625,59184000
2022-03-10,279.4333190917969,279.4333190917969,284.8166809082031,270.1199951171875,283.8166809082031,58648500
2022-03-11,265.1166687011719,265.1166687011719,281.26666259765625,264.5899963378906,280.0666809082031,67037100
2022-03-14,255.4566650390625,255.4566650390625,266.8999938964844,252.01333618164065,260.2033386230469,71152200
2022-03-15,267.2966613769531,267.2966613769531,268.5233459472656,252.19000244140625,258.42333984375,66841200
2022-03-16,280.07666015625,280.07666015625,280.6666564941406,267.4200134277344,269.6666564941406,84028800
2022-03-17,290.5333251953125,290.5333251953125,291.6666564941406,275.239990234375,276.9966735839844,66582900
2022-03-18,301.7966613769531,301.7966613769531,302.6166687011719,289.1300048828125,291.4966735839844,100414200
2022-03-21,307.0533447265625,307.0533447265625,314.2833251953125,302.36334228515625,304.99334716796875,81981600
2022-03-22,331.32666015625,331.32666015625,332.6199951171875,307.25,310.0,105868500
2022-03-23,333.03668212890625,333.03668212890625,346.8999938964844,325.4666748046875,326.64666748046875,120676200
2022-03-24,337.97332763671875,337.97332763671875,341.4966735839844,329.6000061035156,336.57666015625,68920800
2022-03-25,336.8800048828125,336.8800048828125,340.6000061035156,332.44000244140625,336.0,62031600
2022-03-28,363.9466552734375,363.9466552734375,365.9599914550781,351.20001220703125,355.0333251953125,102506100
2022-03-29,366.5233459472656,366.5233459472656,371.5899963378906,357.7033386230469,369.3299865722656,73614900
2022-03-30,364.663330078125,364.663330078125,371.3166809082031,361.3333435058594,363.7233276367188,59865000
2022-03-31,359.20001220703125,359.20001220703125,367.71331787109375,358.8800048828125,364.8566589355469,48992700
2022-04-01,361.5299987792969,361.5299987792969,364.9166564941406,355.5466613769531,360.3833312988281,54263100
2022-04-04,381.8166809082031,381.8166809082031,383.3033447265625,357.510009765625,363.1266784667969,82035900
2022-04-05,363.7533264160156,363.7533264160156,384.2900085449219,362.4333190917969,378.76666259765625,80075100
2022-04-06,348.586669921875,348.586669921875,359.6666564941406,342.5666809082031,357.8233337402344,89348400
2022-04-07,352.4200134277344,352.4200134277344,358.86334228515625,340.5133361816406,350.7966613769531,79447200
2022-04-08,341.8299865722656,341.8299865722656,349.4800109863281,340.8133239746094,347.7366638183594,55013700
2022-04-11,325.3099975585937,325.3099975585937,336.1566772460937,324.8800048828125,326.79998779296875,59357100
2022-04-12,328.9833374023437,328.9833374023437,340.39666748046875,325.5333251953125,332.5466613769531,65976000
2022-04-13,340.7900085449219,340.7900085449219,342.0799865722656,324.3666687011719,327.02667236328125,55121100
2022-04-14,328.3333435058594,328.3333435058594,337.57000732421875,327.39666748046875,333.0966796875,58422300
2022-04-18,334.7633361816406,334.7633361816406,338.3066711425781,324.4700012207031,329.6766662597656,51715200
2022-04-19,342.7166748046875,342.7166748046875,344.9800109863281,331.77667236328125,335.0199890136719,49847700
2022-04-20,325.7333374023437,325.7333374023437,344.6666564941406,325.0833435058594,343.3333435058594,70711200
2022-04-21,336.260009765625,336.260009765625,364.0733337402344,332.1400146484375,358.24334716796875,105416400
2022-04-22,335.01666259765625,335.01666259765625,344.95001220703125,331.3333435058594,338.3033447265625,69696600
2022-04-25,332.67333984375,332.67333984375,336.2066650390625,325.1000061035156,326.3233337402344,68341200
2022-04-26,292.1400146484375,292.1400146484375,333.3333435058594,291.6666564941406,331.8099975585937,136133700
2022-04-27,293.836669921875,293.836669921875,306.0,292.4533386230469,299.52667236328125,76956300
2022-04-28,292.5033264160156,292.5033264160156,300.0,273.8999938964844,299.99334716796875,124948500
2022-04-29,290.2533264160156,290.2533264160156,311.4666748046875,290.0,300.75,88133100
2022-05-02,300.9800109863281,300.9800109863281,302.1199951171875,282.6766662597656,286.92333984375,75781500
2022-05-03,303.0833435058594,303.0833435058594,308.02667236328125,296.1966552734375,301.0599975585937,63709500
2022-05-04,317.5400085449219,317.5400085449219,318.5,295.09332275390625,301.3133239746094,81643800
2022-05-05,291.09332275390625,291.09332275390625,315.20001220703125,285.8999938964844,313.00665283203125,92519100
2022-05-06,288.54998779296875,288.54998779296875,296.0,281.03668212890625,295.6666564941406,72903000
2022-05-09,262.3699951171875,262.3699951171875,281.8766784667969,260.3833312988281,278.8166809082031,90810300
2022-05-10,266.67999267578125,266.67999267578125,275.1199951171875,258.0833435058594,273.10333251953125,84401700
2022-05-11,244.6666717529297,244.6666717529297,269.92333984375,242.3999938964844,265.0,97224600
2022-05-12,242.6666717529297,242.6666717529297,253.22000122070312,226.6666717529297,233.6666717529297,140313000
2022-05-13,256.5299987792969,256.5299987792969,262.45001220703125,250.52333068847656,257.82666015625,92150700
2022-05-16,241.4566650390625,241.4566650390625,256.586669921875,239.69667053222656,255.72000122070312,86098500
2022-05-17,253.8699951171875,253.8699951171875,254.82666015625,242.9499969482422,249.1199951171875,80236200
2022-05-18,236.60333251953125,236.60333251953125,253.5,233.60333251953125,248.17333984375,87811800
2022-05-19,236.47332763671875,236.47332763671875,244.6666717529297,231.3699951171875,235.6666717529297,90296700
2022-05-20,221.3000030517578,221.3000030517578,240.52667236328125,211.0,237.9966735839844,144973200
2022-05-23,224.96665954589844,224.96665954589844,226.65333557128903,212.6866607666016,218.33999633789065,88903500
2022-05-24,209.3866729736328,209.3866729736328,217.97332763671875,206.85667419433597,217.8433380126953,89092500
2022-05-25,219.6000061035156,219.6000061035156,223.10667419433597,207.6699981689453,207.9499969482422,92139300
2022-05-26,235.91000366210935,235.91000366210935,239.55667114257807,217.8866729736328,220.47332763671875,106003200
2022-05-27,253.2100067138672,253.2100067138672,253.26666259765625,240.1766662597656,241.0833282470703,89295000
2022-05-31,252.7533264160156,252.7533264160156,259.6000061035156,244.7433319091797,257.9466552734375,101914500
2022-06-01,246.7899932861328,246.7899932861328,257.32666015625,243.63999938964844,251.72000122070312,77247900
2022-06-02,258.3333435058594,258.3333435058594,264.2099914550781,242.0666656494141,244.1566619873047,93473100
2022-06-03,234.51666259765625,234.51666259765625,247.79666137695312,233.4166717529297,243.22666931152344,112393800
2022-06-06,238.27999877929688,238.27999877929688,244.86666870117188,234.3500061035156,244.35333251953125,84204600
2022-06-07,238.8866729736328,238.8866729736328,239.9966735839844,230.0933380126953,234.0,72808500
2022-06-08,241.86666870117188,241.86666870117188,249.9633331298828,239.1766662597656,240.086669921875,76210500
2022-06-09,239.7066650390625,239.7066650390625,255.54666137695312,239.32666015625,249.33999633789065,96491400
2022-06-10,232.22999572753903,232.22999572753903,239.5,227.913330078125,235.1566619873047,97536600
2022-06-13,215.73666381835935,215.73666381835935,226.63333129882807,214.68333435058597,223.1666717529297,102767400
2022-06-14,220.88999938964844,220.88999938964844,226.3300018310547,211.73666381835935,218.2866668701172,97988700
2022-06-15,233.0,233.0,235.663330078125,218.1499938964844,220.9166717529297,119131800
2022-06-16,213.1000061035156,213.1000061035156,225.1666717529297,208.69332885742188,222.73666381835935,107390700
2022-06-17,216.75999450683597,216.75999450683597,220.97000122070312,213.19667053222656,213.43333435058597,92641800
2022-06-21,237.0366668701172,237.0366668701172,243.57666015625,224.3333282470703,224.60333251953125,122793000
2022-06-22,236.086669921875,236.086669921875,246.8333282470703,233.82666015625,234.5033264160156,101107500
2022-06-23,235.07000732421875,235.07000732421875,239.3166656494141,228.6366729736328,237.9066619873047,104202600
2022-06-24,245.7066650390625,245.7066650390625,246.0666656494141,236.086669921875,237.47000122070312,95770800
2022-06-27,244.9199981689453,244.9199981689453,252.07000732421875,242.5666656494141,249.36666870117188,89178300
2022-06-28,232.663330078125,232.663330078125,249.97000122070312,232.3433380126953,244.48333740234372,90391200
2022-06-29,228.4900054931641,228.4900054931641,231.17333984375,222.27333068847656,230.5,82897200
2022-06-30,224.47332763671875,224.47332763671875,229.4566650390625,218.8633270263672,224.50999450683597,94600500
2022-07-01,227.26333618164065,227.26333618164065,230.22999572753903,222.1199951171875,227.0,74460300
2022-07-05,233.0666656494141,233.0666656494141,233.14666748046875,216.1666717529297,223.0,84581100
2022-07-06,231.73333740234372,231.73333740234372,234.56333923339844,227.1866607666016,230.77999877929688,71853600
2022-07-07,244.5433349609375,244.5433349609375,245.3633270263672,232.2100067138672,233.9199981689453,81930600
2022-07-08,250.76333618164065,250.76333618164065,254.97999572753903,241.16000366210935,242.3333282470703,101854200
2022-07-11,234.3433380126953,234.3433380126953,253.06333923339844,233.6266632080078,252.10333251953125,99241200
2022-07-12,233.07000732421875,233.07000732421875,239.77333068847656,228.3699951171875,236.8466644287109,87930900
2022-07-13,237.0399932861328,237.0399932861328,242.05999755859372,225.0333404541016,225.5,97954500
2022-07-14,238.31333923339844,238.31333923339844,238.65333557128903,229.3333282470703,234.89666748046875,78557400
2022-07-15,240.0666656494141,240.0666656494141,243.6233367919922,236.88999938964844,240.0,69683100
2022-07-18,240.54666137695312,240.54666137695312,250.51666259765625,239.60333251953125,244.9366607666016,82537500
2022-07-19,245.52999877929688,245.52999877929688,247.13999938964844,236.97666931152344,245.0,80890200
2022-07-20,247.5,247.5,250.663330078125,243.48333740234372,246.7833404541016,88864200
2022-07-21,271.7066650390625,271.7066650390625,273.26666259765625,254.86666870117188,255.10667419433597,142032300
2022-07-22,272.24334716796875,272.24334716796875,280.78668212890625,270.7133178710937,276.2200012207031,103472700
2022-07-25,268.4333190917969,268.4333190917969,274.14666748046875,267.3999938964844,272.2166748046875,64073400
2022-07-26,258.8599853515625,258.8599853515625,267.3099975585937,256.2633361816406,266.5133361816406,66820800
2022-07-27,274.82000732421875,274.82000732421875,275.9266662597656,261.7900085449219,263.8099975585937,88110000
2022-07-28,280.8999938964844,280.8999938964844,283.29998779296875,272.79998779296875,280.0666809082031,84723000
2022-07-29,297.1499938964844,297.1499938964844,298.32000732421875,279.1000061035156,280.70001220703125,95313000
2022-08-01,297.27667236328125,297.27667236328125,311.8766784667969,295.0,301.27667236328125,117042900
2022-08-02,300.586669921875,300.586669921875,307.8333435058594,292.6666564941406,294.0033264160156,95577600
2022-08-03,307.39666748046875,307.39666748046875,309.54998779296875,301.1499938964844,305.0,80091000
2022-08-04,308.6333312988281,308.6333312988281,313.6066589355469,305.0,311.0,72256200
2022-08-05,288.1700134277344,288.1700134277344,304.6066589355469,285.5433349609375,302.6700134277344,113172900
2022-08-08,290.42333984375,290.42333984375,305.20001220703125,289.086669921875,295.0,98994000
2022-08-09,283.3333435058594,283.3333435058594,292.39666748046875,279.35333251953125,290.2933349609375,86244600
2022-08-10,294.3566589355469,294.3566589355469,297.510009765625,283.3699951171875,297.0666809082031,94918800
2022-08-11,286.6300048828125,286.6300048828125,298.2366638183594,285.8333435058594,296.5133361816406,70155000
2022-08-12,300.0299987792969,300.0299987792969,300.1600036621094,285.0333251953125,289.4166564941406,79657200
2022-08-15,309.32000732421875,309.32000732421875,313.1333312988281,301.2300109863281,301.78668212890625,89359200
2022-08-16,306.5633239746094,306.5633239746094,314.6666564941406,302.8833312988281,311.6666564941406,88136400
2022-08-17,303.9966735839844,303.9966735839844,309.6566772460937,300.0333251953125,303.39666748046875,68766000
2022-08-18,302.8699951171875,302.8699951171875,306.5,301.85333251953125,306.0,47500500
2022-08-19,296.6666564941406,296.6666564941406,300.3599853515625,292.5,299.0,61395300
2022-08-22,289.913330078125,289.913330078125,292.3999938964844,286.2966613769531,291.913330078125,55843200
2022-08-23,296.4533386230469,296.4533386230469,298.82666015625,287.92333984375,291.4533386230469,63984900
2022-08-24,297.0966796875,297.0966796875,303.64666748046875,296.5,297.5633239746094,57259800
2022-08-25,296.07000732421875,296.07000732421875,302.9599914550781,291.6000061035156,302.3599853515625,53230000
2022-08-26,288.0899963378906,288.0899963378906,302.0,287.4700012207031,297.42999267578125,57163900
2022-08-29,284.82000732421875,284.82000732421875,287.739990234375,280.70001220703125,282.8299865722656,41864700
2022-08-30,277.70001220703125,277.70001220703125,288.4800109863281,272.6499938964844,287.8699951171875,50541800
2022-08-31,275.6099853515625,275.6099853515625,281.25,271.8099975585937,280.6199951171875,52107300
2022-09-01,277.1600036621094,277.1600036621094,277.5799865722656,266.1499938964844,272.5799865722656,54287000
2022-09-02,270.2099914550781,270.2099914550781,282.3500061035156,269.0799865722656,281.07000732421875,50890100
2022-09-06,274.4200134277344,274.4200134277344,275.989990234375,265.739990234375,272.67999267578125,55860000
2022-09-07,283.70001220703125,283.70001220703125,283.8399963378906,272.2699890136719,273.1000061035156,50028900
2022-09-08,289.260009765625,289.260009765625,289.5,279.760009765625,281.29998779296875,53713100
2022-09-09,299.67999267578125,299.67999267578125,299.8500061035156,291.25,291.6700134277344,54338100
2022-09-12,304.4200134277344,304.4200134277344,305.489990234375,300.3999938964844,300.7200012207031,48674600
2022-09-13,292.1300048828125,292.1300048828125,297.3999938964844,290.3999938964844,292.8999938964844,68229600
2022-09-14,302.6099853515625,302.6099853515625,306.0,291.6400146484375,292.239990234375,72628700
2022-09-15,303.75,303.75,309.1199951171875,300.7200012207031,301.8299865722656,64795500
2022-09-16,303.3500061035156,303.3500061035156,303.7099914550781,295.6000061035156,299.6099853515625,87087800
2022-09-19,309.07000732421875,309.07000732421875,309.8399963378906,297.79998779296875,300.0899963378906,60231200
2022-09-20,308.7300109863281,308.7300109863281,313.3299865722656,305.5799865722656,306.9100036621094,61642800
2022-09-21,300.79998779296875,300.79998779296875,313.79998779296875,300.6300048828125,308.2900085449219,62555700
2022-09-22,288.5899963378906,288.5899963378906,301.2900085449219,285.82000732421875,299.8599853515625,70545400
2022-09-23,275.3299865722656,275.3299865722656,284.5,272.82000732421875,283.0899963378906,63748400
2022-09-26,276.010009765625,276.010009765625,284.0899963378906,270.3099975585937,271.8299865722656,58076900
2022-09-27,282.94000244140625,282.94000244140625,288.6700134277344,277.510009765625,283.8399963378906,61925200
2022-09-28,287.8099975585937,287.8099975585937,289.0,277.57000732421875,283.0799865722656,54664800
2022-09-29,268.2099914550781,268.2099914550781,283.6499938964844,265.7799987792969,282.760009765625,77620600
2022-09-30,265.25,265.25,275.57000732421875,262.4700012207031,266.1499938964844,67726600
2022-10-03,242.3999938964844,242.3999938964844,255.16000366210935,241.00999450683597,254.5,98363500
2022-10-04,249.44000244140625,249.44000244140625,257.5,242.00999450683597,250.5200042724609,109578500
2022-10-05,240.80999755859372,240.80999755859372,246.6699981689453,233.2700042724609,245.00999450683597,86982700
2022-10-06,238.1300048828125,238.1300048828125,244.5800018310547,235.3500061035156,239.44000244140625,69298400
2022-10-07,223.07000732421875,223.07000732421875,234.57000732421875,222.0200042724609,233.94000244140625,83916800
2022-10-10,222.9600067138672,222.9600067138672,226.9900054931641,218.3600006103516,223.92999267578125,67925000
2022-10-11,216.5,216.5,225.75,215.0,220.9499969482422,77013200
2022-10-12,217.2400054931641,217.2400054931641,219.3000030517578,211.50999450683597,215.3300018310547,66860700
2022-10-13,221.72000122070312,221.72000122070312,222.9900054931641,206.22000122070312,208.3000030517578,91483000
2022-10-14,204.9900054931641,204.9900054931641,226.25999450683597,204.16000366210935,224.00999450683597,94124500
2022-10-17,219.3500061035156,219.3500061035156,221.8600006103516,209.4499969482422,210.0399932861328,79428800
2022-10-18,220.19000244140625,220.19000244140625,229.82000732421875,217.25,229.5,75891900
2022-10-19,222.0399932861328,222.0399932861328,222.92999267578125,217.77999877929688,219.8000030517578,66571500
2022-10-20,207.27999877929688,207.27999877929688,215.5500030517578,202.0,208.27999877929688,117798100
2022-10-21,214.44000244140625,214.44000244140625,214.66000366210935,203.8000030517578,206.4199981689453,75713800
2022-10-24,211.25,211.25,213.5,198.58999633789065,205.82000732421875,100446800
2022-10-25,222.4199981689453,222.4199981689453,224.3500061035156,210.0,210.1000061035156,96507900
2022-10-26,224.63999938964844,224.63999938964844,230.6000061035156,218.1999969482422,219.3999938964844,85012500
2022-10-27,225.08999633789065,225.08999633789065,233.80999755859372,222.8500061035156,229.7700042724609,61638800
2022-10-28,228.5200042724609,228.5200042724609,228.8600006103516,216.3500061035156,225.3999938964844,69152400
2022-10-31,227.5399932861328,227.5399932861328,229.8500061035156,221.94000244140625,226.19000244140625,61554300
2022-11-01,227.82000732421875,227.82000732421875,237.3999938964844,227.27999877929688,234.0500030517578,62688800
2022-11-02,214.97999572753903,214.97999572753903,227.8699951171875,214.82000732421875,226.0399932861328,63070300
2022-11-03,215.30999755859372,215.30999755859372,221.1999969482422,210.13999938964844,211.3600006103516,56538800
2022-11-04,207.47000122070312,207.47000122070312,223.8000030517578,203.0800018310547,222.6000061035156,98622200
2022-11-07,197.0800018310547,197.0800018310547,208.8999938964844,196.66000366210935,208.6499938964844,93916500
2022-11-08,191.3000030517578,191.3000030517578,195.1999969482422,186.75,194.0200042724609,128803400
2022-11-09,177.58999633789062,177.58999633789062,195.88999938964844,177.1199951171875,190.77999877929688,127062700
2022-11-10,190.72000122070312,190.72000122070312,191.0,180.02999877929688,189.8999938964844,132703000
2022-11-11,195.97000122070312,195.97000122070312,196.5200042724609,182.58999633789065,186.0,114403600
2022-11-14,190.9499969482422,190.9499969482422,195.72999572753903,186.33999633789065,192.7700042724609,92226600
2022-11-15,194.4199981689453,194.4199981689453,200.82000732421875,192.05999755859372,195.8800048828125,91293800
2022-11-16,186.9199981689453,186.9199981689453,192.57000732421875,185.66000366210935,191.50999450683597,66567600
2022-11-17,183.1699981689453,183.1699981689453,186.16000366210935,180.8999938964844,183.9600067138672,64336000
2022-11-18,180.19000244140625,180.19000244140625,185.19000244140625,176.5500030517578,185.0500030517578,76048900
2022-11-21,167.8699951171875,167.8699951171875,176.77000427246094,167.5399932861328,175.85000610351562,92882700
2022-11-22,169.91000366210938,169.91000366210938,170.9199981689453,166.19000244140625,168.6300048828125,78452300
2022-11-23,183.1999969482422,183.1999969482422,183.6199951171875,172.5,173.57000732421875,109536700
2022-11-25,182.8600006103516,182.8600006103516,185.1999969482422,180.6300048828125,185.05999755859372,50672700
2022-11-28,182.9199981689453,182.9199981689453,188.5,179.0,179.9600067138672,92905200
2022-11-29,180.8300018310547,180.8300018310547,186.3800048828125,178.75,184.9900054931641,83357100
2022-11-30,194.6999969482422,194.6999969482422,194.75999450683597,180.6300048828125,182.42999267578125,109186400
2022-12-01,194.6999969482422,194.6999969482422,198.9199981689453,191.8000030517578,197.0800018310547,80046200
2022-12-02,194.8600006103516,194.8600006103516,196.25,191.1100006103516,191.77999877929688,73645900
2022-12-05,182.4499969482422,182.4499969482422,191.2700042724609,180.5500030517578,189.44000244140625,93122700
2022-12-06,179.82000732421875,179.82000732421875,183.6499938964844,175.3300018310547,181.22000122070312,92150800
2022-12-07,174.0399932861328,174.0399932861328,179.3800048828125,172.22000122070312,175.02999877929688,84213300
2022-12-08,173.44000244140625,173.44000244140625,175.1999969482422,169.05999755859375,172.1999969482422,97624500
2022-12-09,179.0500030517578,179.0500030517578,182.5,173.36000061035156,173.83999633789062,104872300
2022-12-12,167.82000732421875,167.82000732421875,177.3699951171875,167.52000427246094,176.10000610351562,109794500
2022-12-13,160.9499969482422,160.9499969482422,175.0500030517578,156.91000366210938,174.8699951171875,175862700
2022-12-14,156.8000030517578,156.8000030517578,161.6199951171875,155.30999755859375,159.25,140682300
2022-12-15,157.6699981689453,157.6699981689453,160.92999267578125,153.27999877929688,153.44000244140625,122334500
2022-12-16,150.22999572753906,150.22999572753906,160.99000549316406,150.0399932861328,159.63999938964844,139032200
2022-12-19,149.8699951171875,149.8699951171875,155.25,145.82000732421875,154.0,139390600
2022-12-20,137.8000030517578,137.8000030517578,148.47000122070312,137.66000366210938,146.0500030517578,159563300
2022-12-21,137.57000732421875,137.57000732421875,141.25999450683594,135.88999938964844,139.33999633789062,145417400
2022-12-22,125.3499984741211,125.3499984741211,136.6300048828125,122.26000213623048,136.0,210090300
2022-12-23,123.1500015258789,123.1500015258789,128.6199951171875,121.0199966430664,126.37000274658205,166989700
2022-12-27,109.0999984741211,109.0999984741211,119.66999816894533,108.76000213623048,117.5,208643400
2022-12-28,112.70999908447266,112.70999908447266,116.2699966430664,108.23999786376952,110.3499984741211,221070500
2022-12-29,121.81999969482422,121.81999969482422,123.56999969482422,117.5,120.38999938964844,221923300
2022-12-30,123.18000030517578,123.18000030517578,124.4800033569336,119.75,119.9499969482422,157777300
2023-01-03,108.0999984741211,108.0999984741211,118.8000030517578,104.63999938964844,118.47000122070312,231402800
2023-01-04,113.63999938964844,113.63999938964844,114.58999633789062,107.5199966430664,109.11000061035156,180389000
2023-01-05,110.33999633789062,110.33999633789062,111.75,107.16000366210938,110.51000213623048,157986300
2023-01-06,113.05999755859376,113.05999755859376,114.38999938964844,101.80999755859376,103.0,220911100
2023-01-09,119.7699966430664,119.7699966430664,123.5199966430664,117.11000061035156,118.95999908447266,190284000
2023-01-10,118.8499984741211,118.8499984741211,122.76000213623048,114.91999816894533,121.06999969482422,167642500
2023-01-11,123.22000122070312,123.22000122070312,125.9499969482422,120.51000213623048,122.08999633789062,183810800
2023-01-12,123.55999755859376,123.55999755859376,124.12999725341795,117.0,122.55999755859376,169400900
2023-01-13,122.4000015258789,122.4000015258789,122.62999725341795,115.5999984741211,116.5500030517578,180714100
2023-01-17,131.49000549316406,131.49000549316406,131.6999969482422,125.0199966430664,125.6999969482422,186477000
2023-01-18,128.77999877929688,128.77999877929688,136.67999267578125,127.01000213623048,136.55999755859375,195680300
2023-01-19,127.16999816894533,127.16999816894533,129.99000549316406,124.30999755859376,127.26000213623048,170291900
2023-01-20,133.4199981689453,133.4199981689453,133.50999450683594,127.3499984741211,128.67999267578125,138858100
2023-01-23,143.75,143.75,145.3800048828125,134.27000427246094,135.8699951171875,203119200
2023-01-24,143.88999938964844,143.88999938964844,146.5,141.10000610351562,143.0,158699100
2023-01-25,144.42999267578125,144.42999267578125,146.41000366210938,138.07000732421875,141.91000366210938,192734300
2023-01-26,160.27000427246094,160.27000427246094,161.4199981689453,154.75999450683594,159.97000122070312,234815100
2023-01-27,177.89999389648438,177.89999389648438,180.67999267578125,161.1699981689453,162.42999267578125,306590600
2023-01-30,166.66000366210938,166.66000366210938,179.77000427246094,166.5,178.0500030517578,230878800
2023-01-31,173.22000122070312,173.22000122070312,174.3000030517578,162.77999877929688,164.57000732421875,196813500
2023-02-01,181.41000366210935,181.41000366210935,183.80999755859372,169.92999267578125,173.88999938964844,213806300
2023-02-02,188.2700042724609,188.2700042724609,196.75,182.6100006103516,187.3300018310547,217448300
2023-02-03,189.97999572753903,189.97999572753903,199.0,183.69000244140625,183.9499969482422,232662000
2023-02-06,194.75999450683597,194.75999450683597,198.1699981689453,189.9199981689453,193.00999450683597,186188100
2023-02-07,196.80999755859372,196.80999755859372,197.5,189.5500030517578,196.42999267578125,186010300
2023-02-08,201.2899932861328,201.2899932861328,203.0,194.30999755859372,196.1000061035156,180673600
2023-02-09,207.32000732421875,207.32000732421875,214.0,204.7700042724609,207.77999877929688,215431400
2023-02-10,196.88999938964844,196.88999938964844,206.1999969482422,192.88999938964844,202.22999572753903,204754100
2023-02-13,194.63999938964844,194.63999938964844,196.3000030517578,187.6100006103516,194.4199981689453,172475500
2023-02-14,209.25,209.25,209.82000732421875,189.44000244140625,191.94000244140625,216455700
2023-02-15,214.2400054931641,214.2400054931641,214.66000366210935,206.1100006103516,211.75999450683597,181006400
2023-02-16,202.0399932861328,202.0399932861328,217.6499938964844,201.83999633789065,210.77999877929688,229586500
2023-02-17,208.30999755859372,208.30999755859372,208.44000244140625,197.5,199.9900054931641,213738500
2023-02-21,197.3699951171875,197.3699951171875,209.7100067138672,197.22000122070312,204.9900054931641,180018600
2023-02-22,200.8600006103516,200.8600006103516,201.9900054931641,191.77999877929688,197.92999267578125,191828500
2023-02-23,202.07000732421875,202.07000732421875,205.13999938964844,196.3300018310547,203.91000366210935,146360000
2023-02-24,196.8800048828125,196.8800048828125,197.6699981689453,192.8000030517578,196.3300018310547,142228100
2023-02-27,207.6300048828125,207.6300048828125,209.4199981689453,201.25999450683597,202.02999877929688,161028300
2023-02-28,205.7100067138672,205.7100067138672,211.22999572753903,203.75,210.58999633789065,153144900
2023-03-01,202.7700042724609,202.7700042724609,207.1999969482422,198.5200042724609,206.2100067138672,156852800
2023-03-02,190.8999938964844,190.8999938964844,193.75,186.00999450683597,186.7400054931641,181500700
2023-03-03,197.7899932861328,197.7899932861328,200.47999572753903,192.8800048828125,194.8000030517578,154193300
2023-03-06,193.80999755859372,193.80999755859372,198.6000061035156,192.3000030517578,198.5399932861328,128100100
2023-03-07,187.7100067138672,187.7100067138672,194.1999969482422,186.1000061035156,191.3800048828125,148125800
2023-03-08,182.0,182.0,186.5,180.0,185.0399932861328,151897800
2023-03-09,172.9199981689453,172.9199981689453,185.17999267578125,172.50999450683594,180.25,170023800
2023-03-10,173.44000244140625,173.44000244140625,178.2899932861328,168.44000244140625,175.1300048828125,191488900
2023-03-13,174.47999572753906,174.47999572753906,177.35000610351562,163.91000366210938,167.4600067138672,167790300
2023-03-14,183.25999450683597,183.25999450683597,183.8000030517578,177.13999938964844,177.30999755859375,143717900
2023-03-15,180.4499969482422,180.4499969482422,182.33999633789065,176.02999877929688,180.8000030517578,145995600
2023-03-16,184.1300048828125,184.1300048828125,185.80999755859372,178.83999633789062,180.3699951171875,121136800
2023-03-17,180.1300048828125,180.1300048828125,186.22000122070312,177.3300018310547,184.5200042724609,133197100
2023-03-20,183.25,183.25,186.44000244140625,176.35000610351562,178.0800018310547,129684400
2023-03-21,197.5800018310547,197.5800018310547,198.0,188.0399932861328,188.27999877929688,153391400
2023-03-22,191.1499938964844,191.1499938964844,200.66000366210935,190.9499969482422,199.3000030517578,150376400
2023-03-23,192.22000122070312,192.22000122070312,199.30999755859372,188.6499938964844,195.25999450683597,144193900
2023-03-24,190.41000366210935,190.41000366210935,192.3600006103516,187.1499938964844,191.6499938964844,116312400
2023-03-27,191.80999755859372,191.80999755859372,197.38999938964844,189.94000244140625,194.4199981689453,120851600
2023-03-28,189.19000244140625,189.19000244140625,192.3500061035156,185.42999267578125,192.0,98654600
2023-03-29,193.8800048828125,193.8800048828125,195.2899932861328,189.44000244140625,193.1300048828125,123660000
2023-03-30,195.27999877929688,195.27999877929688,197.3300018310547,194.4199981689453,195.5800018310547,110252200
2023-03-31,207.4600067138672,207.4600067138672,207.7899932861328,197.1999969482422,197.52999877929688,170222100
2023-04-03,194.7700042724609,194.7700042724609,202.69000244140625,192.1999969482422,199.91000366210935,169545900
2023-04-04,192.5800018310547,192.5800018310547,198.7400054931641,190.32000732421875,197.32000732421875,126463800
2023-04-05,185.5200042724609,185.5200042724609,190.67999267578125,183.75999450683597,190.5200042724609,133882500
2023-04-06,185.05999755859372,185.05999755859372,186.38999938964844,179.74000549316406,183.0800018310547,123857900
2023-04-10,184.50999450683597,184.50999450683597,185.1000061035156,176.11000061035156,179.94000244140625,142154600
2023-04-11,186.7899932861328,186.7899932861328,189.19000244140625,185.6499938964844,186.69000244140625,115770900
2023-04-12,180.5399932861328,180.5399932861328,191.5800018310547,180.30999755859372,190.7400054931641,150256300
2023-04-13,185.8999938964844,185.8999938964844,186.5,180.94000244140625,182.9600067138672,112933000
2023-04-14,185.0,185.0,186.27999877929688,182.00999450683597,183.9499969482422,96438700
2023-04-17,187.0399932861328,187.0399932861328,189.69000244140625,182.69000244140625,186.32000732421875,116662200
2023-04-18,184.30999755859372,184.30999755859372,187.69000244140625,183.5800018310547,187.1499938964844,92067000
2023-04-19,180.58999633789065,180.58999633789065,183.5,177.64999389648438,179.10000610351562,125732700
2023-04-20,162.99000549316406,162.99000549316406,169.6999969482422,160.55999755859375,166.1699981689453,210970800
2023-04-21,165.0800018310547,165.0800018310547,166.0,161.32000732421875,164.8000030517578,123539000
2023-04-24,162.5500030517578,162.5500030517578,165.64999389648438,158.61000061035156,164.64999389648438,140006600
2023-04-25,160.6699981689453,160.6699981689453,163.47000122070312,158.75,159.82000732421875,121999300
2023-04-26,153.75,153.75,160.6699981689453,153.13999938964844,160.2899932861328,153364100
2023-04-27,160.19000244140625,160.19000244140625,160.47999572753906,152.3699951171875,152.63999938964844,127015200
2023-04-28,164.30999755859375,164.30999755859375,165.0,157.32000732421875,160.89999389648438,122515800
2023-05-01,161.8300018310547,161.8300018310547,163.27999877929688,158.8300018310547,163.1699981689453,109015000
2023-05-02,160.30999755859375,160.30999755859375,165.49000549316406,158.92999267578125,161.8800048828125,128259700
2023-05-03,160.61000061035156,160.61000061035156,165.0,159.91000366210938,160.00999450683594,119728000
2023-05-04,161.1999969482422,161.1999969482422,162.9499969482422,159.64999389648438,162.7100067138672,95108500
2023-05-05,170.05999755859375,170.05999755859375,170.7899932861328,163.50999450683594,163.97000122070312,107607300
2023-05-08,171.7899932861328,171.7899932861328,173.8000030517578,169.19000244140625,173.72000122070312,112249400
2023-05-09,169.14999389648438,169.14999389648438,169.82000732421875,166.55999755859375,168.9499969482422,88965000
2023-05-10,168.5399932861328,168.5399932861328,174.42999267578125,166.67999267578125,172.5500030517578,119840700
2023-05-11,172.0800018310547,172.0800018310547,173.57000732421875,166.7899932861328,168.6999969482422,103889900
2023-05-12,167.97999572753906,167.97999572753906,177.3800048828125,167.22999572753906,176.07000732421875,157849600
2023-05-15,166.35000610351562,166.35000610351562,169.75999450683594,164.5500030517578,167.66000366210938,105592500
2023-05-16,166.52000427246094,166.52000427246094,169.52000427246094,164.35000610351562,165.64999389648438,98288800
2023-05-17,173.86000061035156,173.86000061035156,174.5,167.19000244140625,168.41000366210938,125473600
2023-05-18,176.88999938964844,176.88999938964844,177.05999755859375,172.4499969482422,174.22000122070312,109520300
2023-05-19,180.13999938964844,180.13999938964844,181.9499969482422,176.30999755859375,177.1699981689453,136196700
2023-05-22,188.8699951171875,188.8699951171875,189.32000732421875,180.11000061035156,180.6999969482422,132001400
2023-05-23,185.7700042724609,185.7700042724609,192.9600067138672,185.25999450683597,186.1999969482422,156952100
2023-05-24,182.8999938964844,182.8999938964844,184.22000122070312,178.22000122070312,182.22999572753903,137605100
2023-05-25,184.47000122070312,184.47000122070312,186.77999877929688,180.5800018310547,186.5399932861328,96870700
2023-05-26,193.1699981689453,193.1699981689453,198.6000061035156,184.52999877929688,184.6199951171875,162061500
2023-05-30,201.16000366210935,201.16000366210935,204.47999572753903,197.52999877929688,200.1000061035156,128818700
2023-05-31,203.92999267578125,203.92999267578125,203.9499969482422,195.1199951171875,199.77999877929688,150711700
2023-06-01,207.5200042724609,207.5200042724609,209.8000030517578,199.3699951171875,202.58999633789065,148029900
2023-06-02,213.97000122070312,213.97000122070312,217.25,209.75,210.1499938964844,164398400
2023-06-05,217.6100006103516,217.6100006103516,221.2899932861328,214.5200042724609,217.8000030517578,151143100
2023-06-06,221.30999755859372,221.30999755859372,221.91000366210935,212.52999877929688,216.13999938964844,146911600
2023-06-07,224.57000732421875,224.57000732421875,230.8300018310547,223.1999969482422,228.0,185710800
2023-06-08,234.8600006103516,234.8600006103516,235.22999572753903,223.00999450683597,224.22000122070312,164489700
2023-06-09,244.3999938964844,244.3999938964844,252.4199981689453,242.0200042724609,249.07000732421875,200242400
2023-06-12,249.8300018310547,249.8300018310547,250.97000122070312,244.58999633789065,247.94000244140625,150337900
2023-06-13,258.7099914550781,258.7099914550781,259.67999267578125,251.33999633789065,253.50999450683597,162384300
2023-06-14,256.7900085449219,256.7900085449219,261.57000732421875,250.5,260.1700134277344,170575500
2023-06-15,255.8999938964844,255.8999938964844,258.95001220703125,247.2899932861328,248.3999938964844,160171200
2023-06-16,260.5400085449219,260.5400085449219,263.6000061035156,257.2099914550781,258.9200134277344,167915600
2023-06-20,274.45001220703125,274.45001220703125,274.75,261.1199951171875,261.5,165611200
2023-06-21,259.4599914550781,259.4599914550781,276.989990234375,257.7799987792969,275.1300048828125,211797100
2023-06-22,264.6099853515625,264.6099853515625,265.0,248.25,250.7700042724609,166875900
2023-06-23,256.6000061035156,256.6000061035156,262.45001220703125,252.8000030517578,259.2900085449219,177460800
2023-06-26,241.0500030517578,241.0500030517578,258.3699951171875,240.6999969482422,250.07000732421875,179990600
2023-06-27,250.2100067138672,250.2100067138672,250.38999938964844,240.8500061035156,243.2400054931641,164968200
2023-06-28,256.239990234375,256.239990234375,259.8800048828125,248.88999938964844,249.6999969482422,159770800
2023-06-29,257.5,257.5,260.739990234375,253.6100006103516,258.0299987792969,131283400
2023-06-30,261.7699890136719,261.7699890136719,264.45001220703125,259.8900146484375,260.6000061035156,112620800
2023-07-03,279.82000732421875,279.82000732421875,284.25,275.1099853515625,276.489990234375,119685900
2023-07-05,282.4800109863281,282.4800109863281,283.8500061035156,277.6000061035156,278.82000732421875,131530900
2023-07-06,276.5400085449219,276.5400085449219,279.9700012207031,272.8800048828125,278.0899963378906,120332100
2023-07-07,274.42999267578125,274.42999267578125,280.7799987792969,273.7699890136719,278.42999267578125,113879200
2023-07-10,269.6099853515625,269.6099853515625,277.5199890136719,265.1000061035156,276.4700012207031,119425400
2023-07-11,269.7900085449219,269.7900085449219,270.8999938964844,266.3699951171875,268.6499938964844,91972400
2023-07-12,271.989990234375,271.989990234375,276.5199890136719,271.4599914550781,276.3299865722656,95672100
2023-07-13,277.8999938964844,277.8999938964844,279.45001220703125,270.6000061035156,274.5899963378906,112681500
2023-07-14,281.3800048828125,281.3800048828125,285.29998779296875,276.3099975585937,277.010009765625,120062400
2023-07-17,290.3800048828125,290.3800048828125,292.2300109863281,283.57000732421875,286.6300048828125,131569600
2023-07-18,293.3399963378906,293.3399963378906,295.260009765625,286.010009765625,290.1499938964844,112120300
2023-07-19,291.260009765625,291.260009765625,299.2900085449219,289.5199890136719,296.0400085449219,142355400
2023-07-20,262.8999938964844,262.8999938964844,280.92999267578125,261.20001220703125,279.5599975585937,175158300
2023-07-21,260.0199890136719,260.0199890136719,268.0,255.8000030517578,268.0,161796100
2023-07-24,269.0599975585937,269.0599975585937,269.8500061035156,254.1199951171875,255.8500061035156,136508500
2023-07-25,265.2799987792969,265.2799987792969,272.8999938964844,265.0,272.3800048828125,112757300
2023-07-26,264.3500061035156,264.3500061035156,268.0400085449219,261.75,263.25,95856200
2023-07-27,255.7100067138672,255.7100067138672,269.1300048828125,255.3000030517578,268.3099975585937,103697300
2023-07-28,266.44000244140625,266.44000244140625,267.25,258.2300109863281,259.8599853515625,111446000
2023-07-31,267.42999267578125,267.42999267578125,269.0799865722656,263.7799987792969,267.4800109863281,84582200
2023-08-01,261.07000732421875,261.07000732421875,266.4700012207031,260.25,266.260009765625,83166000
2023-08-02,254.1100006103516,254.1100006103516,259.5199890136719,250.4900054931641,255.57000732421875,101752900
2023-08-03,259.32000732421875,259.32000732421875,260.489990234375,252.0,252.0399932861328,97569100
2023-08-04,253.8600006103516,253.8600006103516,264.7699890136719,253.1100006103516,260.9700012207031,99539900
2023-08-07,251.4499969482422,251.4499969482422,253.6499938964844,242.75999450683597,251.4499969482422,111097900
2023-08-08,249.6999969482422,249.6999969482422,250.9199981689453,245.00999450683597,247.4499969482422,96642200
2023-08-09,242.19000244140625,242.19000244140625,251.1000061035156,241.8999938964844,250.8699951171875,101596300
2023-08-10,245.33999633789065,245.33999633789065,251.8000030517578,243.0,245.3999938964844,109498600
2023-08-11,242.6499938964844,242.6499938964844,243.7899932861328,238.0200042724609,241.7700042724609,99038600
2023-08-14,239.75999450683597,239.75999450683597,240.66000366210935,233.75,235.6999969482422,98595300
2023-08-15,232.9600067138672,232.9600067138672,240.5,232.6100006103516,238.72999572753903,88197600
2023-08-16,225.6000061035156,225.6000061035156,233.97000122070312,225.3800048828125,228.0200042724609,112484500
2023-08-17,219.22000122070312,219.22000122070312,226.7400054931641,218.8300018310547,226.05999755859372,120718400
2023-08-18,215.4900054931641,215.4900054931641,217.5800018310547,212.3600006103516,214.1199951171875,136276600
2023-08-21,231.27999877929688,231.27999877929688,232.1300048828125,220.5800018310547,221.5500030517578,135702700
2023-08-22,233.19000244140625,233.19000244140625,240.82000732421875,229.5500030517578,240.25,130442800
2023-08-23,236.8600006103516,236.8600006103516,238.97999572753903,229.2899932861328,229.33999633789065,101077600
2023-08-24,230.0399932861328,230.0399932861328,238.9199981689453,228.17999267578125,238.66000366210935,99777400
2023-08-25,238.58999633789065,238.58999633789065,239.0,230.3500061035156,231.30999755859372,106612200
2023-08-28,238.82000732421875,238.82000732421875,244.3800048828125,235.3500061035156,242.5800018310547,107673700
2023-08-29,257.17999267578125,257.17999267578125,257.4800109863281,237.7700042724609,238.5800018310547,134047600
2023-08-30,256.8999938964844,256.8999938964844,260.510009765625,250.58999633789065,254.1999969482422,121988400
2023-08-31,258.0799865722656,258.0799865722656,261.17999267578125,255.0500030517578,255.97999572753903,108861700
2023-09-01,245.00999450683597,245.00999450683597,259.0799865722656,242.00999450683597,257.260009765625,132541600
2023-09-05,256.489990234375,256.489990234375,258.0,244.8600006103516,245.0,129469600
2023-09-06,251.9199981689453,251.9199981689453,255.38999938964844,245.05999755859372,255.13999938964844,116959800
2023-09-07,251.4900054931641,251.4900054931641,252.80999755859372,243.2700042724609,245.07000732421875,115312900
2023-09-08,248.5,248.5,256.5199890136719,246.6699981689453,251.22000122070312,118367700
2023-09-11,273.5799865722656,273.5799865722656,274.8500061035156,260.6099853515625,264.2699890136719,174667900
2023-09-12,267.4800109863281,267.4800109863281,278.3900146484375,266.6000061035156,270.760009765625,135999900
2023-09-13,271.29998779296875,271.29998779296875,274.9800109863281,268.1000061035156,270.07000732421875,111673700
2023-09-14,276.0400085449219,276.0400085449219,276.7099914550781,270.4200134277344,271.32000732421875,107709800
2023-09-15,274.3900146484375,274.3900146484375,278.9800109863281,271.0,277.54998779296875,133692300
2023-09-18,265.2799987792969,265.2799987792969,271.44000244140625,263.760009765625,271.1600036621094,101543300
2023-09-19,266.5,266.5,267.8500061035156,261.20001220703125,264.3500061035156,103704000
2023-09-20,262.5899963378906,262.5899963378906,273.92999267578125,262.4599914550781,267.0400085449219,122514600
2023-09-21,255.6999969482422,255.6999969482422,260.8599853515625,254.2100067138672,257.8500061035156,119951500
2023-09-22,244.8800048828125,244.8800048828125,257.7900085449219,244.47999572753903,257.3999938964844,127524100
2023-09-25,246.9900054931641,246.9900054931641,247.1000061035156,238.30999755859372,243.3800048828125,104636600
2023-09-26,244.1199951171875,244.1199951171875,249.5500030517578,241.66000366210935,242.97999572753903,101993600
2023-09-27,240.5,240.5,245.3300018310547,234.5800018310547,244.25999450683597,136597200
2023-09-28,246.3800048828125,246.3800048828125,247.5500030517578,238.6499938964844,240.0200042724609,117058900
2023-09-29,250.22000122070312,250.22000122070312,254.7700042724609,246.3500061035156,250.0,128522700
2023-10-02,251.6000061035156,251.6000061035156,254.27999877929688,242.6199951171875,244.80999755859372,123810400
2023-10-03,246.52999877929688,246.52999877929688,250.0200042724609,244.4499969482422,248.6100006103516,101985300
2023-10-04,261.1600036621094,261.1600036621094,261.8599853515625,247.6000061035156,248.13999938964844,129721600
2023-10-05,260.04998779296875,260.04998779296875,263.6000061035156,256.25,260.0,119159200
2023-10-06,260.5299987792969,260.5299987792969,261.6499938964844,250.6499938964844,253.97999572753903,118121800
2023-10-09,259.6700134277344,259.6700134277344,261.3599853515625,252.0500030517578,255.30999755859372,101377900
2023-10-10,263.6199951171875,263.6199951171875,268.94000244140625,257.6499938964844,257.75,122656000
2023-10-11,262.989990234375,262.989990234375,268.6000061035156,260.8999938964844,266.20001220703125,103706300
2023-10-12,258.8699951171875,258.8699951171875,265.4100036621094,256.6300048828125,262.9200134277344,111508100
2023-10-13,251.1199951171875,251.1199951171875,259.6000061035156,250.22000122070312,258.8999938964844,102073800
2023-10-16,253.9199981689453,253.9199981689453,255.3999938964844,248.47999572753903,250.0500030517578,88917200
2023-10-17,254.8500061035156,254.8500061035156,257.17999267578125,247.0800018310547,250.1000061035156,93562900
2023-10-18,242.67999267578125,242.67999267578125,254.6300048828125,242.0800018310547,252.6999969482422,125147800
2023-10-19,220.1100006103516,220.1100006103516,230.6100006103516,216.77999877929688,225.9499969482422,170772700
2023-10-20,211.9900054931641,211.9900054931641,218.8600006103516,210.4199981689453,217.00999450683597,138010100
2023-10-23,212.0800018310547,212.0800018310547,216.97999572753903,202.50999450683597,210.0,150683400
2023-10-24,216.5200042724609,216.5200042724609,222.0500030517578,214.1100006103516,216.5,118231100
2023-10-25,212.4199981689453,212.4199981689453,220.1000061035156,212.1999969482422,215.8800048828125,107065100
2023-10-26,205.75999450683597,205.75999450683597,214.8000030517578,204.8800048828125,211.32000732421875,115112600
2023-10-27,207.3000030517578,207.3000030517578,212.41000366210935,205.7700042724609,210.6000061035156,94881200
2023-10-30,197.3600006103516,197.3600006103516,210.8800048828125,194.6699981689453,209.27999877929688,136448200
2023-10-31,200.83999633789065,200.83999633789065,202.8000030517578,194.07000732421875,196.1199951171875,118068300
2023-11-01,205.66000366210935,205.66000366210935,205.9900054931641,197.8500061035156,204.0399932861328,121661700
2023-11-02,218.50999450683597,218.50999450683597,219.1999969482422,211.4499969482422,212.97000122070312,125987600
2023-11-03,219.9600067138672,219.9600067138672,226.3699951171875,218.3999938964844,221.1499938964844,119534800
2023-11-06,219.2700042724609,219.2700042724609,226.32000732421875,215.0,223.97999572753903,117335800
2023-11-07,222.17999267578125,222.17999267578125,223.1199951171875,215.72000122070312,219.97999572753903,116900100
2023-11-08,222.1100006103516,222.1100006103516,224.1499938964844,217.63999938964844,223.1499938964844,106584800
2023-11-09,209.97999572753903,209.97999572753903,220.8000030517578,206.67999267578125,219.75,142110500
2023-11-10,214.6499938964844,214.6499938964844,215.3800048828125,205.69000244140625,210.02999877929688,130994000
2023-11-13,223.7100067138672,223.7100067138672,225.3999938964844,211.6100006103516,215.6000061035156,140447600
2023-11-14,237.41000366210935,237.41000366210935,238.13999938964844,230.72000122070312,235.02999877929688,149771600
2023-11-15,242.83999633789065,242.83999633789065,246.6999969482422,236.4499969482422,239.2899932861328,150354000
2023-11-16,233.58999633789065,233.58999633789065,240.8800048828125,230.9600067138672,239.4900054931641,136816800
2023-11-17,234.3000030517578,234.3000030517578,237.38999938964844,226.5399932861328,232.0,142532800
2023-11-20,235.6000061035156,235.6000061035156,237.1000061035156,231.0200042724609,234.0399932861328,116320100
2023-11-21,241.1999969482422,241.1999969482422,243.6199951171875,233.33999633789065,235.0399932861328,122288000
2023-11-22,234.2100067138672,234.2100067138672,244.00999450683597,231.3999938964844,242.0399932861328,117950600
2023-11-24,235.4499969482422,235.4499969482422,238.75,232.3300018310547,233.75,65125200
2023-11-27,236.0800018310547,236.0800018310547,238.3300018310547,232.1000061035156,236.88999938964844,112031800
2023-11-28,246.72000122070312,246.72000122070312,247.0,234.00999450683597,236.67999267578125,148549900
2023-11-29,244.13999938964844,244.13999938964844,252.75,242.75999450683597,249.2100067138672,135401300
2023-11-30,240.0800018310547,240.0800018310547,245.22000122070312,236.91000366210935,245.13999938964844,132353200
2023-12-01,238.8300018310547,238.8300018310547,240.19000244140625,231.8999938964844,233.13999938964844,121331700
2023-12-04,235.5800018310547,235.5800018310547,239.3699951171875,233.2899932861328,235.75,104099800
2023-12-05,238.72000122070312,238.72000122070312,246.66000366210935,233.6999969482422,233.8699951171875,137971100
2023-12-06,239.3699951171875,239.3699951171875,246.57000732421875,239.1699981689453,242.9199981689453,126436200
2023-12-07,242.63999938964844,242.63999938964844,244.0800018310547,236.97999572753903,241.5500030517578,107142300
2023-12-08,243.83999633789065,243.83999633789065,245.2700042724609,239.2700042724609,240.2700042724609,103126800
2023-12-11,239.7400054931641,239.7400054931641,243.44000244140625,237.4499969482422,242.7400054931641,97913900
2023-12-12,237.00999450683597,237.00999450683597,238.9900054931641,233.8699951171875,238.5500030517578,95328300
2023-12-13,239.2899932861328,239.2899932861328,240.3000030517578,228.1999969482422,234.19000244140625,146286300
2023-12-14,251.0500030517578,251.0500030517578,253.8800048828125,240.7899932861328,241.22000122070312,160829200
2023-12-15,253.5,253.5,254.1300048828125,248.3000030517578,251.2100067138672,135932800
2023-12-18,252.0800018310547,252.0800018310547,258.739990234375,251.3600006103516,253.77999877929688,116416500
2023-12-19,257.2200012207031,257.2200012207031,258.3399963378906,253.00999450683597,253.47999572753903,106737400
2023-12-20,247.13999938964844,247.13999938964844,259.8399963378906,247.0,256.4100036621094,125097000
2023-12-21,254.5,254.5,254.8000030517578,248.5500030517578,251.8999938964844,109594200
2023-12-22,252.5399932861328,252.5399932861328,258.2200012207031,251.3699951171875,256.760009765625,93370100
2023-12-26,256.6099853515625,256.6099853515625,257.9700012207031,252.91000366210935,254.4900054931641,86892400
2023-12-27,261.44000244140625,261.44000244140625,263.3399963378906,257.5199890136719,258.3500061035156,106494400
2023-12-28,253.17999267578125,253.17999267578125,265.1300048828125,252.7100067138672,263.6600036621094,113619900
2023-12-29,248.47999572753903,248.47999572753903,255.19000244140625,247.42999267578125,255.1000061035156,100891600
2024-01-02,248.4199981689453,248.4199981689453,251.25,244.41000366210935,250.0800018310547,104654200
2024-01-03,238.4499969482422,238.4499969482422,245.67999267578125,236.32000732421875,244.97999572753903,121082600
2024-01-04,237.92999267578125,237.92999267578125,242.6999969482422,237.72999572753903,239.25,102629300
2024-01-05,237.4900054931641,237.4900054931641,240.1199951171875,234.8999938964844,236.8600006103516,92488900
2024-01-08,240.4499969482422,240.4499969482422,241.25,235.3000030517578,236.13999938964844,85166600
2024-01-09,234.9600067138672,234.9600067138672,238.9600067138672,232.0399932861328,238.1100006103516,96705700
2024-01-10,233.94000244140625,233.94000244140625,235.5,231.2899932861328,235.1000061035156,91628500
2024-01-11,227.22000122070312,227.22000122070312,230.92999267578125,225.3699951171875,230.57000732421875,105873600
2024-01-12,218.88999938964844,218.88999938964844,225.33999633789065,217.1499938964844,220.0800018310547,123043800
2024-01-16,219.91000366210935,219.91000366210935,223.4900054931641,212.17999267578125,215.1000061035156,115355000
2024-01-17,215.5500030517578,215.5500030517578,215.6699981689453,212.00999450683597,214.8600006103516,103164400
2024-01-18,211.8800048828125,211.8800048828125,217.4499969482422,208.7400054931641,216.8800048828125,108595400
2024-01-19,212.19000244140625,212.19000244140625,213.19000244140625,207.55999755859372,209.9900054931641,102260300
2024-01-22,208.8000030517578,208.8000030517578,217.8000030517578,206.2700042724609,212.25999450683597,117952500
2024-01-23,209.13999938964844,209.13999938964844,215.6499938964844,207.75,211.3000030517578,106605900
2024-01-24,207.8300018310547,207.8300018310547,212.72999572753903,206.7700042724609,211.8800048828125,123369900
2024-01-25,182.6300048828125,182.6300048828125,193.0,180.05999755859375,189.6999969482422,198076800
2024-01-26,183.25,183.25,186.77999877929688,182.1000061035156,185.5,107343200
2024-01-29,190.92999267578125,190.92999267578125,191.47999572753903,183.6699981689453,185.6300048828125,125013100
2024-01-30,191.58999633789065,191.58999633789065,196.3600006103516,190.6100006103516,195.3300018310547,109982300
2024-01-31,187.2899932861328,187.2899932861328,193.97000122070312,185.8500061035156,187.0,103221400
2024-02-01,188.8600006103516,188.8600006103516,189.8800048828125,184.27999877929688,188.5,91843300
2024-02-02,187.91000366210935,187.91000366210935,188.69000244140625,182.0,185.0399932861328,110612700
2024-02-05,181.05999755859372,181.05999755859372,184.67999267578125,175.00999450683594,184.25999450683597,134294400
2024-02-06,185.1000061035156,185.1000061035156,186.4900054931641,177.11000061035156,177.2100067138672,122676000
2024-02-07,187.5800018310547,187.5800018310547,189.7899932861328,182.67999267578125,188.17999267578125,111535200
2024-02-08,189.55999755859372,189.55999755859372,191.6199951171875,185.5800018310547,189.0,83034000
2024-02-09,193.57000732421875,193.57000732421875,194.1199951171875,189.47999572753903,190.17999267578125,84476300
2024-02-12,188.1300048828125,188.1300048828125,194.72999572753903,187.27999877929688,192.1100006103516,95498600
2024-02-13,184.0200042724609,184.0200042724609,187.25999450683597,182.1100006103516,183.9900054931641,86759500
2024-02-14,188.7100067138672,188.7100067138672,188.88999938964844,183.3500061035156,185.3000030517578,81203000
2024-02-15,200.4499969482422,200.4499969482422,200.8800048828125,188.8600006103516,189.16000366210935,120831800
2024-02-16,199.9499969482422,199.9499969482422,203.1699981689453,197.3999938964844,202.05999755859372,111346700
2024-02-20,193.75999450683597,193.75999450683597,198.6000061035156,189.1300048828125,196.1300048828125,104545800
2024-02-21,194.7700042724609,194.7700042724609,199.44000244140625,191.9499969482422,193.3600006103516,103500300
2024-02-22,197.41000366210935,197.41000366210935,198.32000732421875,191.3600006103516,194.0,92739500
2024-02-23,191.97000122070312,191.97000122070312,197.57000732421875,191.5,195.30999755859372,78841900
2024-02-26,199.3999938964844,199.3999938964844,201.77999877929688,192.0,192.2899932861328,111747100
2024-02-27,199.72999572753903,199.72999572753903,205.6000061035156,198.25999450683597,204.0399932861328,108645400
2024-02-28,202.0399932861328,202.0399932861328,205.3000030517578,198.44000244140625,200.4199981689453,99806200
2024-02-29,201.8800048828125,201.8800048828125,205.27999877929688,198.4499969482422,204.17999267578125,85907000
2024-03-01,202.63999938964844,202.63999938964844,204.5200042724609,198.5,200.5200042724609,82243100
2024-03-04,188.13999938964844,188.13999938964844,199.75,186.72000122070312,198.72999572753903,134334900
2024-03-05,180.7400054931641,180.7400054931641,184.58999633789065,177.57000732421875,183.0500030517578,119660800
2024-03-06,176.5399932861328,176.5399932861328,181.5800018310547,173.6999969482422,179.99000549316406,107920900
2024-03-07,178.64999389648438,178.64999389648438,180.0399932861328,173.6999969482422,174.35000610351562,102129000
2024-03-08,175.33999633789062,175.33999633789062,182.72999572753903,174.6999969482422,181.5,85544600
2024-03-11,177.77000427246094,177.77000427246094,182.8699951171875,174.8000030517578,175.4499969482422,85391500
2024-03-12,177.5399932861328,177.5399932861328,179.42999267578125,172.41000366210938,177.77000427246094,87391700
2024-03-13,169.47999572753906,169.47999572753906,176.0500030517578,169.14999389648438,173.0500030517578,106524500
2024-03-14,162.5,162.5,171.1699981689453,160.50999450683594,167.77000427246094,126325700
2024-03-15,163.57000732421875,163.57000732421875,165.17999267578125,160.75999450683594,163.16000366210938,97146800
2024-03-18,173.8000030517578,173.8000030517578,174.72000122070312,165.89999389648438,170.02000427246094,108214400
2024-03-19,171.32000732421875,171.32000732421875,172.82000732421875,167.4199981689453,172.36000061035156,77271400
2024-03-20,175.66000366210938,175.66000366210938,176.25,170.82000732421875,173.0,83846700
2024-03-21,172.82000732421875,172.82000732421875,178.17999267578125,171.8000030517578,176.38999938964844,73178000
2024-03-22,170.8300018310547,170.8300018310547,171.1999969482422,166.3000030517578,166.69000244140625,75580600
2024-03-25,172.6300048828125,172.6300048828125,175.24000549316406,168.72999572753906,168.75999450683594,74228600
2024-03-26,177.6699981689453,177.6699981689453,184.25,177.3800048828125,178.5800018310547,113186200
2024-03-27,179.8300018310547,179.8300018310547,181.91000366210935,176.0,181.41000366210935,81804000
2024-03-28,175.7899932861328,175.7899932861328,179.57000732421875,175.3000030517578,177.4499969482422,77654800
2024-04-01,175.22000122070312,175.22000122070312,176.75,170.2100067138672,176.1699981689453,81562100
2024-04-02,166.6300048828125,166.6300048828125,167.69000244140625,163.42999267578125,164.75,116650600
2024-04-03,168.3800048828125,168.3800048828125,168.82000732421875,163.27999877929688,164.02000427246094,82950100
2024-04-04,171.11000061035156,171.11000061035156,177.19000244140625,168.00999450683594,170.07000732421875,123162000
2024-04-05,164.89999389648438,164.89999389648438,170.86000061035156,160.50999450683594,169.0800018310547,143157600
2024-04-08,172.97999572753906,172.97999572753906,174.5,167.7899932861328,169.33999633789062,104423300
2024-04-09,176.8800048828125,176.8800048828125,179.22000122070312,171.9199981689453,172.91000366210938,102951700
2024-04-10,171.75999450683594,171.75999450683594,174.92999267578125,170.00999450683594,173.0399932861328,84532400
2024-04-11,174.60000610351562,174.60000610351562,175.8800048828125,168.50999450683594,172.5500030517578,94516000
2024-04-12,171.0500030517578,171.0500030517578,173.80999755859375,170.36000061035156,172.33999633789062,64722700
2024-04-15,161.47999572753906,161.47999572753906,170.69000244140625,161.3800048828125,170.24000549316406,100245300
2024-04-16,157.11000061035156,157.11000061035156,158.19000244140625,153.75,156.74000549316406,97000000
2024-04-17,155.4499969482422,155.4499969482422,158.3300018310547,153.77999877929688,157.63999938964844,82439700
2024-04-18,149.92999267578125,149.92999267578125,152.1999969482422,148.6999969482422,151.25,96098800
2024-04-19,147.0500030517578,147.0500030517578,150.94000244140625,146.22000122070312,148.97000122070312,87074500
2024-04-22,142.0500030517578,142.0500030517578,144.44000244140625,138.8000030517578,140.55999755859375,107097600
2024-04-23,144.67999267578125,144.67999267578125,147.25999450683594,141.11000061035156,143.3300018310547,124545100
2024-04-24,162.1300048828125,162.1300048828125,167.97000122070312,157.50999450683594,162.83999633789062,181178000
2024-04-25,170.17999267578125,170.17999267578125,170.8800048828125,158.36000061035156,158.9600067138672,126427500
2024-04-26,168.2899932861328,168.2899932861328,172.1199951171875,166.3699951171875,168.85000610351562,109815700
2024-04-29,194.0500030517578,194.0500030517578,198.8699951171875,184.5399932861328,188.4199981689453,243869700
2024-04-30,183.27999877929688,183.27999877929688,190.9499969482422,182.83999633789065,186.97999572753903,127031800
2024-05-01,179.99000549316406,179.99000549316406,185.8600006103516,179.00999450683594,182.0,92829700
2024-05-02,180.00999450683594,180.00999450683594,184.6000061035156,176.02000427246094,182.8600006103516,89148000
2024-05-03,181.19000244140625,181.19000244140625,184.77999877929688,178.4199981689453,182.1000061035156,75491500
2024-05-06,184.75999450683597,184.75999450683597,187.55999755859372,182.1999969482422,183.8000030517578,84390300
2024-05-07,177.80999755859375,177.80999755859375,183.25999450683597,177.39999389648438,182.3999938964844,75045900
2024-05-08,174.72000122070312,174.72000122070312,176.05999755859375,170.14999389648438,171.58999633789062,79969500
2024-05-09,171.97000122070312,171.97000122070312,175.6199951171875,171.3699951171875,175.00999450683594,65950300
2024-05-10,168.47000122070312,168.47000122070312,173.05999755859375,167.75,173.0500030517578,72627200
2024-05-13,171.88999938964844,171.88999938964844,175.39999389648438,169.0,170.0,67018900
2024-05-14,177.5500030517578,177.5500030517578,179.49000549316406,174.07000732421875,174.5,86407400
2024-05-15,173.99000549316406,173.99000549316406,180.0,173.11000061035156,179.89999389648438,79663000
2024-05-16,174.83999633789062,174.83999633789062,175.7899932861328,171.42999267578125,174.10000610351562,59812200
2024-05-17,177.4600067138672,177.4600067138672,179.6300048828125,172.75,173.5500030517578,77445800
2024-05-20,174.9499969482422,174.9499969482422,177.75,173.52000427246094,177.55999755859375,61727400
2024-05-21,186.6000061035156,186.6000061035156,186.8800048828125,174.7100067138672,175.50999450683594,115266500
2024-05-22,180.11000061035156,180.11000061035156,183.8000030517578,178.1199951171875,182.8500061035156,88313500
2024-05-23,173.74000549316406,173.74000549316406,181.8999938964844,173.25999450683594,181.8000030517578,71975500
2024-05-24,179.24000549316406,179.24000549316406,180.0800018310547,173.72999572753906,174.83999633789062,65584500
2024-05-28,176.75,176.75,178.25,173.16000366210938,176.39999389648438,59736600
2024-05-29,176.19000244140625,176.19000244140625,178.14999389648438,173.92999267578125,174.19000244140625,54782600
2024-05-30,178.7899932861328,178.7899932861328,182.6699981689453,175.3800048828125,178.5800018310547,77618400
2024-05-31,178.0800018310547,178.0800018310547,180.32000732421875,173.82000732421875,178.5,67314600
2024-06-03,176.2899932861328,176.2899932861328,182.63999938964844,174.49000549316406,178.1300048828125,68568900
2024-06-04,174.77000427246094,174.77000427246094,177.75999450683594,174.0,174.77999877929688,60056300
2024-06-05,175.0,175.0,176.14999389648438,172.1300048828125,175.35000610351562,57953800
2024-06-06,177.94000244140625,177.94000244140625,179.72999572753906,172.72999572753906,174.60000610351562,69887000
2024-06-07,177.47999572753906,177.47999572753906,179.35000610351562,175.5800018310547,176.1300048828125,56244900
2024-06-10,173.7899932861328,173.7899932861328,178.57000732421875,173.1699981689453,176.05999755859375,50774600
2024-06-11,170.66000366210938,170.66000366210938,174.75,167.41000366210938,173.9199981689453,64761900
2024-06-12,177.2899932861328,177.2899932861328,180.5500030517578,169.8000030517578,171.1199951171875,90389400
2024-06-13,182.47000122070312,182.47000122070312,191.0800018310547,181.22999572753903,188.38999938964844,118984100
2024-06-14,178.00999450683594,178.00999450683594,186.0,176.9199981689453,185.8000030517578,82038200
2024-06-17,187.44000244140625,187.44000244140625,188.80999755859372,177.0,177.9199981689453,109786100
2024-06-18,184.8600006103516,184.8600006103516,187.1999969482422,182.3699951171875,186.55999755859372,68982300
2024-06-20,181.57000732421875,181.57000732421875,185.2100067138672,179.66000366210938,184.67999267578125,55893100
2024-06-21,183.00999450683597,183.00999450683597,183.9499969482422,180.69000244140625,182.3000030517578,61937300
2024-06-24,182.5800018310547,182.5800018310547,188.8000030517578,182.5500030517578,184.97000122070312,61992100
2024-06-25,187.3500061035156,187.3500061035156,187.97000122070312,182.00999450683597,184.3999938964844,62905700
2024-06-26,196.3699951171875,196.3699951171875,197.75999450683597,186.3600006103516,186.5399932861328,95737100
2024-06-27,197.4199981689453,197.4199981689453,198.72000122070312,194.0500030517578,195.1699981689453,72746500
2024-06-28,197.8800048828125,197.8800048828125,203.1999969482422,195.25999450683597,199.5500030517578,95438100
2024-07-01,209.8600006103516,209.8600006103516,213.22999572753903,200.8500061035156,201.0200042724609,135691400
2024-07-02,231.25999450683597,231.25999450683597,231.3000030517578,218.05999755859372,218.88999938964844,205047900
2024-07-03,246.38999938964844,246.38999938964844,248.3500061035156,234.25,234.55999755859372,166561500
2024-07-05,251.5200042724609,251.5200042724609,252.3699951171875,242.4600067138672,249.80999755859372,154501200
2024-07-08,252.94000244140625,252.94000244140625,259.44000244140625,244.57000732421875,247.7100067138672,157219600
2024-07-09,262.3299865722656,262.3299865722656,265.6099853515625,250.3000030517578,251.0,160210900
2024-07-10,263.260009765625,263.260009765625,267.5899963378906,257.8599853515625,262.79998779296875,128519400
2024-07-11,241.02999877929688,241.02999877929688,271.0,239.6499938964844,263.29998779296875,221707300
2024-07-12,248.22999572753903,248.22999572753903,251.83999633789065,233.08999633789065,235.8000030517578,155955800
2024-07-15,252.63999938964844,252.63999938964844,265.6000061035156,251.72999572753903,255.97000122070312,146912900
2024-07-16,256.5599975585937,256.5599975585937,258.6199951171875,245.8000030517578,255.30999755859372,126332500
2024-07-17,248.5,248.5,258.4700012207031,246.17999267578125,252.72999572753903,115584800
2024-07-18,249.22999572753903,249.22999572753903,257.1400146484375,247.1999969482422,251.08999633789065,110869000
2024-07-19,239.1999969482422,239.1999969482422,249.44000244140625,236.8300018310547,247.7899932861328,87403900
2024-07-22,251.50999450683597,251.50999450683597,253.2100067138672,243.75,244.2100067138672,101225400
2024-07-23,246.3800048828125,246.3800048828125,255.75999450683597,245.6300048828125,253.6000061035156,111928200
2024-07-24,215.9900054931641,215.9900054931641,225.9900054931641,214.7100067138672,225.4199981689453,167942900
2024-07-25,220.25,220.25,226.0,216.22999572753903,216.8000030517578,100636500
2024-07-26,219.8000030517578,219.8000030517578,222.27999877929688,215.3300018310547,221.19000244140625,94604100
2024-07-29,232.1000061035156,232.1000061035156,234.2700042724609,224.6999969482422,224.8999938964844,129201800
2024-07-30,222.6199951171875,222.6199951171875,232.41000366210935,220.0,232.25,100560300
2024-07-31,232.07000732421875,232.07000732421875,234.67999267578125,226.7899932861328,227.8999938964844,67497000
2024-08-01,216.8600006103516,216.8600006103516,231.8699951171875,214.3300018310547,227.69000244140625,83861900
2024-08-02,207.6699981689453,207.6699981689453,216.1300048828125,205.77999877929688,214.8800048828125,82880100
2024-08-05,198.8800048828125,198.8800048828125,203.8800048828125,182.0,185.22000122070312,100308800
2024-08-06,200.63999938964844,200.63999938964844,202.8999938964844,192.6699981689453,200.75,73783900
2024-08-07,191.75999450683597,191.75999450683597,203.4900054931641,191.47999572753903,200.7700042724609,71159800
2024-08-08,198.83999633789065,198.83999633789065,200.6999969482422,192.0399932861328,195.6999969482422,65033900
2024-08-09,200.0,200.0,200.8800048828125,195.1100006103516,197.0500030517578,58648300
2024-08-12,197.4900054931641,197.4900054931641,199.25999450683597,194.6699981689453,199.0200042724609,64044900
2024-08-13,207.8300018310547,207.8300018310547,208.4900054931641,197.05999755859372,198.47000122070312,76247400
2024-08-14,201.3800048828125,201.3800048828125,208.44000244140625,198.75,207.38999938964844,70250000
2024-08-15,214.13999938964844,214.13999938964844,215.8800048828125,204.82000732421875,205.0200042724609,89848500
2024-08-16,216.1199951171875,216.1199951171875,219.8000030517578,210.8000030517578,211.1499938964844,88765100
2024-08-19,222.72000122070312,222.72000122070312,222.97999572753903,214.08999633789065,217.07000732421875,76435200
2024-08-20,221.1000061035156,221.1000061035156,228.22000122070312,219.55999755859372,224.8800048828125,74001200
2024-08-21,223.2700042724609,223.2700042724609,224.66000366210935,218.8600006103516,222.6699981689453,70146000
2024-08-22,210.66000366210935,210.66000366210935,224.8000030517578,210.32000732421875,223.82000732421875,79514500
2024-08-23,220.32000732421875,220.32000732421875,221.47999572753903,214.2100067138672,214.4600067138672,81525200
2024-08-26,213.2100067138672,213.2100067138672,219.08999633789065,211.00999450683597,218.75,59301200
2024-08-27,209.2100067138672,209.2100067138672,215.66000366210935,206.94000244140625,213.25,62821400
2024-08-28,205.75,205.75,211.83999633789065,202.58999633789065,209.72000122070312,64116400
2024-08-29,206.27999877929688,206.27999877929688,214.88999938964844,205.97000122070312,209.8000030517578,62308800
2024-08-30,214.1100006103516,214.1100006103516,214.57000732421875,207.02999877929688,208.6300048828125,63370600
2024-09-03,210.6000061035156,210.6000061035156,219.8999938964844,209.63999938964844,215.25999450683597,76714200
2024-09-04,219.41000366210935,219.41000366210935,222.22000122070312,210.57000732421875,210.58999633789065,80651800
2024-09-05,230.1699981689453,230.1699981689453,235.0,222.25,223.4900054931641,119355000
2024-09-06,210.72999572753903,210.72999572753903,233.6000061035156,210.50999450683597,232.6000061035156,112177000
2024-09-09,216.2700042724609,216.2700042724609,219.8699951171875,213.6699981689453,216.1999969482422,67443500
2024-09-10,226.1699981689453,226.1699981689453,226.3999938964844,218.63999938964844,220.07000732421875,78891100
2024-09-11,228.1300048828125,228.1300048828125,228.47000122070312,216.8000030517578,224.5500030517578,83548600
2024-09-12,229.80999755859372,229.80999755859372,231.4499969482422,223.8300018310547,224.66000366210935,71894900
2024-09-13,230.2899932861328,230.2899932861328,232.6699981689453,226.32000732421875,228.0,59515100
2024-09-16,226.77999877929688,226.77999877929688,229.9600067138672,223.52999877929688,229.3000030517578,54323000
2024-09-17,227.8699951171875,227.8699951171875,234.57000732421875,226.5500030517578,229.4499969482422,66761600
2024-09-18,227.1999969482422,227.1999969482422,235.67999267578125,226.8800048828125,230.08999633789065,78010200
2024-09-19,243.9199981689453,243.9199981689453,244.2400054931641,232.1300048828125,234.0,102694600
2024-09-20,238.25,238.25,243.9900054931641,235.9199981689453,241.5200042724609,99879100
2024-09-23,250.0,250.0,250.0,241.9199981689453,242.6100006103516,86927200
2024-09-24,254.2700042724609,254.2700042724609,257.19000244140625,249.0500030517578,254.0800018310547,88491000
2024-09-25,257.0199890136719,257.0199890136719,257.04998779296875,252.27999877929688,252.5399932861328,65034300
2024-09-26,254.22000122070312,254.22000122070312,261.75,251.52999877929688,260.6000061035156,67142200
2024-09-27,260.4599914550781,260.4599914550781,260.70001220703125,254.1199951171875,257.3800048828125,70988100
2024-09-30,261.6300048828125,261.6300048828125,264.8599853515625,255.7700042724609,259.0400085449219,80705700
2024-10-01,258.0199890136719,258.0199890136719,263.9800109863281,248.52999877929688,262.6700134277344,87397600
2024-10-02,249.0200042724609,249.0200042724609,251.16000366210935,241.5,247.5500030517578,93983900
2024-10-03,240.66000366210935,240.66000366210935,249.7899932861328,237.80999755859372,244.47999572753903,80729200
2024-10-04,250.0800018310547,250.0800018310547,250.9600067138672,244.5800018310547,246.69000244140625,86573200
2024-10-07,240.8300018310547,240.8300018310547,249.8300018310547,240.6999969482422,249.0,68113300
2024-10-08,244.5,244.5,246.2100067138672,240.55999755859372,243.55999755859372,56303200
2024-10-09,241.0500030517578,241.0500030517578,247.42999267578125,239.50999450683597,243.82000732421875,66289500
2024-10-10,238.7700042724609,238.7700042724609,242.7899932861328,232.33999633789065,241.80999755859372,83087100
2024-10-11,217.8000030517578,217.8000030517578,223.33999633789065,214.3800048828125,220.1300048828125,142628900
2024-10-14,219.16000366210935,219.16000366210935,221.91000366210935,213.7400054931641,220.1300048828125,86291900
2024-10-15,219.57000732421875,219.57000732421875,224.25999450683597,217.1199951171875,220.00999450683597,62988800
2024-10-16,221.3300018310547,221.3300018310547,222.82000732421875,218.92999267578125,221.3999938964844,49632800
2024-10-17,220.88999938964844,220.88999938964844,222.0800018310547,217.8999938964844,221.58999633789065,50791800
2024-10-18,220.6999969482422,220.6999969482422,222.27999877929688,219.22999572753903,220.7100067138672,49611900
2024-10-21,218.8500061035156,218.8500061035156,220.47999572753903,215.72999572753903,218.8999938964844,47329000
2024-10-22,217.97000122070312,217.97000122070312,218.22000122070312,215.25999450683597,217.30999755859372,43268700
2024-10-23,213.6499938964844,213.6499938964844,218.72000122070312,212.1100006103516,217.1300048828125,80938900
2024-10-24,260.4800109863281,260.4800109863281,262.1199951171875,242.6499938964844,244.67999267578125,204491900
2024-10-25,269.19000244140625,269.19000244140625,269.489990234375,255.32000732421875,256.010009765625,161611900
2024-10-28,262.510009765625,262.510009765625,273.5400085449219,262.239990234375,270.0,107653600
2024-10-29,259.5199890136719,259.5199890136719,264.9800109863281,255.50999450683597,264.510009765625,80521800
2024-10-30,257.54998779296875,257.54998779296875,263.3500061035156,255.82000732421875,258.0400085449219,53993600
2024-10-31,249.8500061035156,249.8500061035156,259.75,249.25,257.989990234375,66575300
2024-11-01,248.97999572753903,248.97999572753903,254.0,246.6300048828125,252.0399932861328,57544800
2024-11-04,242.83999633789065,242.83999633789065,248.8999938964844,238.8800048828125,244.55999755859372,68802400
2024-11-05,251.44000244140625,251.44000244140625,255.27999877929688,246.2100067138672,247.33999633789065,69282500
2024-11-06,288.5299987792969,288.5299987792969,289.5899963378906,275.6199951171875,284.6700134277344,165228700
2024-11-07,296.9100036621094,296.9100036621094,299.75,285.5199890136719,288.8900146484375,117309200
2024-11-08,321.2200012207031,321.2200012207031,328.7099914550781,297.6600036621094,299.1400146484375,204782800
2024-11-11,350.0,350.0,358.6400146484375,336.0,346.29998779296875,210521600
2024-11-12,328.489990234375,328.489990234375,345.8399963378906,323.3099975585937,342.739990234375,155726000
2024-11-13,330.239990234375,330.239990234375,344.6000061035156,322.5,335.8500061035156,125405600
2024-11-14,311.17999267578125,311.17999267578125,329.9800109863281,310.3699951171875,327.69000244140625,120726100
2024-11-15,320.7200012207031,320.7200012207031,324.67999267578125,309.2200012207031,310.57000732421875,114440300
2024-11-18,338.739990234375,338.739990234375,348.54998779296875,330.010009765625,340.7300109863281,126085600
2024-11-19,346.0,346.0,347.3800048828125,332.75,335.760009765625,88852500
2024-11-20,342.0299987792969,342.0299987792969,346.6000061035156,334.29998779296875,345.0,66340700
2024-11-21,339.6400146484375,339.6400146484375,347.989990234375,335.2799987792969,343.8099975585937,58011700
2024-11-22,352.5599975585937,352.5599975585937,361.5299987792969,337.70001220703125,341.0899963378906,89140700
2024-11-25,338.5899963378906,338.5899963378906,361.9299926757813,338.20001220703125,360.1400146484375,95890900
2024-11-26,338.2300109863281,338.2300109863281,346.9599914550781,335.6600036621094,341.0,62295900
2024-11-27,332.8900146484375,332.8900146484375,342.54998779296875,326.5899963378906,341.79998779296875,57896400
2024-11-29,345.1600036621094,345.1600036621094,345.45001220703125,334.6499938964844,336.0799865722656,37167600
2024-12-02,357.0899963378906,357.0899963378906,360.0,351.1499938964844,352.3800048828125,77986500
2024-12-03,351.4200134277344,351.4200134277344,355.69000244140625,348.20001220703125,351.79998779296875,58267200
2024-12-04,357.92999267578125,357.92999267578125,358.1000061035156,348.6000061035156,353.0,50810900
2024-12-05,369.489990234375,369.489990234375,375.4299926757813,359.5,359.8699951171875,81403600
2024-12-06,389.2200012207031,389.2200012207031,389.489990234375,370.7999877929688,377.4200134277344,81455800
2024-12-09,389.7900085449219,389.7900085449219,404.7999877929688,378.010009765625,397.6099853515625,96359200
2024-12-10,400.989990234375,400.989990234375,409.7300109863281,390.8500061035156,392.6799926757813,97563600
2024-12-11,424.7699890136719,424.7699890136719,424.8800048828125,402.3800048828125,409.7000122070313,104287600
2024-12-12,418.1000061035156,418.1000061035156,429.2999877929688,415.0,424.8399963378906,87752200
2024-12-13,436.2300109863281,436.2300109863281,436.2999877929688,415.7099914550781,420.0,89000200
2024-12-16,463.0199890136719,463.0199890136719,463.1900024414063,436.1499938964844,441.0899963378906,114083800
2024-12-17,479.8599853515625,479.8599853515625,483.989990234375,457.510009765625,475.8999938964844,131223000
2024-12-18,440.1300048828125,440.1300048828125,488.5400085449219,427.010009765625,466.5,149340800
2024-12-19,436.1700134277344,436.1700134277344,456.3599853515625,420.0199890136719,451.8800048828125,118566100
2024-12-20,421.05999755859375,421.05999755859375,447.0799865722656,417.6400146484375,425.510009765625,132216200
2024-12-23,430.6000061035156,430.6000061035156,434.510009765625,415.4100036621094,431.0,72698100
2024-12-24,462.2799987792969,462.2799987792969,462.7799987792969,435.1400146484375,435.8999938964844,59551800
2024-12-26,454.1300048828125,454.1300048828125,465.3299865722656,451.0199890136719,465.1600036621094,76366400
2024-12-27,431.6600036621094,431.6600036621094,450.0,426.5,449.5199890136719,82666800
2024-12-30,417.4100036621094,417.4100036621094,427.0,415.75,419.3999938964844,64941000
2024-12-31,403.8399963378906,403.8399963378906,427.9299926757813,402.5400085449219,423.7900085449219,76825100
2025-01-02,379.2799987792969,379.2799987792969,392.7300109863281,373.0400085449219,390.1000061035156,109710700
2025-01-03,410.4400024414063,410.4400024414063,411.8800048828125,379.4500122070313,381.4800109863281,95423300
2025-01-06,411.0499877929688,411.0499877929688,426.4299926757813,401.7000122070313,423.2000122070313,85516500
2025-01-07,394.3599853515625,394.3599853515625,414.3299865722656,390.0,405.8299865722656,75699500
2025-01-08,394.9400024414063,394.9400024414063,402.5,387.3999938964844,392.9500122070313,73038800
2025-01-10,394.739990234375,394.739990234375,399.2799987792969,377.2900085449219,391.3999938964844,62287300
2025-01-13,403.30999755859375,403.30999755859375,403.7900085449219,380.0700073242188,383.2099914550781,67580500
2025-01-14,396.3599853515625,396.3599853515625,422.6400146484375,394.5400085449219,414.3399963378906,84565000
2025-01-15,428.2200012207031,428.2200012207031,429.7999877929688,405.6600036621094,409.8999938964844,81375500
2025-01-16,413.8200073242188,413.8200073242188,424.0,409.1300048828125,423.489990234375,68335200
2025-01-17,426.5,426.5,439.739990234375,419.75,421.5,94991400
2025-01-21,424.0700073242188,424.0700073242188,433.2000122070313,406.30999755859375,432.6400146484375,87320900
2025-01-22,415.1099853515625,415.1099853515625,428.0,414.5899963378906,416.80999755859375,60963300
2025-01-23,412.3800048828125,412.3800048828125,420.7300109863281,408.9500122070313,416.05999755859375,50690600
2025-01-24,406.5799865722656,406.5799865722656,418.8800048828125,405.7799987792969,414.4500122070313,56427100
2025-01-27,397.1499938964844,397.1499938964844,406.6900024414063,389.0,394.7999877929688,58125500
2025-01-28,398.0899963378906,398.0899963378906,400.5899963378906,386.5,396.9100036621094,48910700
2025-01-29,389.1000061035156,389.1000061035156,398.5899963378906,384.4800109863281,395.2099914550781,68033600
2025-01-30,400.2799987792969,400.2799987792969,412.5,384.4100036621094,410.7799987792969,98092900
2025-01-31,404.6000061035156,404.6000061035156,419.989990234375,401.3399963378906,401.5299987792969,83283600
2025-02-03,383.6799926757813,383.6799926757813,389.1700134277344,374.3599853515625,386.6799926757813,93732100
2025-02-04,392.2099914550781,392.2099914550781,394.0,381.3999938964844,382.6300048828125,57072200
2025-02-05,378.1700134277344,378.1700134277344,388.3900146484375,375.5299987792969,387.510009765625,57223300
2025-02-06,374.3200073242188,374.3200073242188,375.3999938964844,363.1799926757813,373.0299987792969,77918200
2025-02-07,361.6199951171875,361.6199951171875,380.5499877929688,360.3399963378906,370.1900024414063,70298300
2025-02-10,350.7300109863281,350.7300109863281,362.7000122070313,350.510009765625,356.2099914550781,77514900
2025-02-11,328.5,328.5,349.3699951171875,325.1000061035156,345.79998779296875,118543400
2025-02-12,336.510009765625,336.510009765625,346.3999938964844,329.1199951171875,329.94000244140625,105382700
2025-02-13,355.94000244140625,355.94000244140625,358.69000244140625,342.8500061035156,345.0,89441500
2025-02-14,355.8399963378906,355.8399963378906,362.0,347.5,360.6199951171875,68277300
2025-02-18,354.1099853515625,354.1099853515625,359.1000061035156,350.0199890136719,355.010009765625,51631700
2025-02-19,360.55999755859375,360.55999755859375,367.3399963378906,353.6700134277344,354.0,67094400
2025-02-20,354.3999938964844,354.3999938964844,362.2999877929688,348.0,361.510009765625,45965400
2025-02-21,337.79998779296875,337.79998779296875,354.9800109863281,334.4200134277344,353.44000244140625,74058600
2025-02-24,330.5299987792969,330.5299987792969,342.3999938964844,324.70001220703125,338.1400146484375,76052300
2025-02-25,302.79998779296875,302.79998779296875,328.8900146484375,297.25,327.0199890136719,134228800
2025-02-26,290.79998779296875,290.79998779296875,309.0,288.0400085449219,303.7099914550781,100118300
2025-02-27,281.95001220703125,281.95001220703125,297.2300109863281,280.8800048828125,291.1600036621094,101748200
2025-02-28,292.9800109863281,292.9800109863281,293.8800048828125,273.6000061035156,279.5,115697000
2025-03-03,284.6499938964844,284.6499938964844,303.94000244140625,277.29998779296875,300.3399963378906,115551400
2025-03-04,272.0400085449219,272.0400085449219,284.3500061035156,261.8399963378906,270.92999267578125,126706600
2025-03-05,279.1000061035156,279.1000061035156,279.54998779296875,267.7099914550781,272.9200134277344,94042900
2025-03-06,263.45001220703125,263.45001220703125,272.6499938964844,260.0199890136719,272.0599975585937,98451600
2025-03-07,262.6700134277344,262.6700134277344,266.25,250.72999572753903,259.32000732421875,102369600
2025-03-10,222.1499938964844,222.1499938964844,253.3699951171875,220.0,252.5399932861328,189076900
2025-03-11,230.5800018310547,230.5800018310547,237.05999755859372,217.0200042724609,225.30999755859372,174896400
2025-03-12,248.08999633789065,248.08999633789065,251.83999633789065,241.1000061035156,247.22000122070312,142215700
2025-03-13,240.67999267578125,240.67999267578125,248.2899932861328,232.6000061035156,248.1300048828125,114813500
2025-03-14,249.97999572753903,249.97999572753903,251.5800018310547,240.72999572753903,247.30999755859372,100242300
2025-03-17,238.00999450683597,238.00999450683597,245.3999938964844,232.8000030517578,245.05999755859372,111900600
2025-03-18,225.30999755859372,225.30999755859372,230.1000061035156,222.27999877929688,228.16000366210935,111477600
2025-03-19,235.8600006103516,235.8600006103516,241.41000366210935,229.1999969482422,231.6100006103516,111993800
2025-03-20,236.25999450683597,236.25999450683597,238.0,230.0500030517578,233.3500061035156,99028300
2025-03-21,248.7100067138672,248.7100067138672,249.5200042724609,234.5500030517578,234.9900054931641,132728700
2025-03-24,278.3900146484375,278.3900146484375,278.6400146484375,256.3299865722656,258.0799865722656,169079900
2025-03-25,288.1400146484375,288.1400146484375,288.20001220703125,271.2799987792969,283.6000061035156,150361500
2025-03-26,272.0599975585937,272.0599975585937,284.8999938964844,266.510009765625,282.6600036621094,153629800
2025-03-27,273.1300048828125,273.1300048828125,291.8500061035156,271.82000732421875,272.4800109863281,162572100
2025-03-28,263.54998779296875,263.54998779296875,276.1000061035156,260.57000732421875,275.5799865722656,123809400
2025-03-31,259.1600036621094,259.1600036621094,260.5599975585937,243.3600006103516,249.30999755859372,134008900
2025-04-01,268.4599914550781,268.4599914550781,277.45001220703125,259.25,263.79998779296875,146486900
2025-04-02,282.760009765625,282.760009765625,284.989990234375,251.2700042724609,254.6000061035156,212787800
2025-04-03,267.2799987792969,267.2799987792969,276.29998779296875,261.510009765625,265.2900085449219,136174300
2025-04-04,239.42999267578125,239.42999267578125,261.0,236.0,255.3800048828125,181229400
2025-04-07,233.2899932861328,233.2899932861328,252.0,214.25,223.77999877929688,183453800
2025-04-08,221.8600006103516,221.8600006103516,250.44000244140625,217.8000030517578,245.0,171603500
2025-04-09,272.20001220703125,272.20001220703125,274.69000244140625,223.8800048828125,224.69000244140625,219433400
2025-04-10,252.3999938964844,252.3999938964844,262.489990234375,239.3300018310547,260.0,181722600
2025-04-11,252.30999755859372,252.30999755859372,257.739990234375,241.3600006103516,251.83999633789065,128948100
2025-04-14,252.3500061035156,252.3500061035156,261.79998779296875,245.92999267578125,258.3599853515625,100135200
2025-04-15,254.1100006103516,254.1100006103516,258.75,247.5399932861328,249.91000366210935,79594300
2025-04-16,241.5500030517578,241.5500030517578,251.97000122070312,233.88999938964844,247.6100006103516,112378700
2025-04-17,241.3699951171875,241.3699951171875,244.33999633789065,237.67999267578125,243.47000122070312,83404800
2025-04-21,227.5,227.5,232.2100067138672,222.7899932861328,230.25999450683597,97768000
2025-04-22,237.97000122070312,237.97000122070312,242.7899932861328,229.8500061035156,230.9600067138672,120858500
2025-04-23,250.7400054931641,250.7400054931641,259.45001220703125,244.42999267578125,254.8600006103516,150381900
2025-04-24,259.510009765625,259.510009765625,259.5400085449219,249.1999969482422,250.5,94464200
2025-04-25,284.95001220703125,284.95001220703125,286.8500061035156,259.6300048828125,261.69000244140625,167560700
2025-04-28,285.8800048828125,285.8800048828125,294.8599853515625,272.4200134277344,288.9800109863281,151731800
2025-04-29,292.0299987792969,292.0299987792969,293.32000732421875,279.4700012207031,285.5,108906600
2025-04-30,282.1600036621094,282.1600036621094,284.45001220703125,270.7799987792969,279.8999938964844,128961100
2025-05-01,280.5199890136719,280.5199890136719,290.8699951171875,279.8099975585937,280.010009765625,99659000
2025-05-02,287.2099914550781,287.2099914550781,294.7799987792969,279.8099975585937,284.8999938964844,114454700
2025-05-05,280.260009765625,280.260009765625,284.8500061035156,274.3999938964844,284.57000732421875,94618900
2025-05-06,275.3500061035156,275.3500061035156,277.7300109863281,271.3500061035156,273.1099853515625,76715800
2025-05-07,276.2200012207031,276.2200012207031,277.9200134277344,271.0,276.8800048828125,71592600
2025-05-08,284.82000732421875,284.82000732421875,289.79998779296875,279.4100036621094,279.6300048828125,97539400
2025-05-09,298.260009765625,298.260009765625,307.0400085449219,290.0,290.2099914550781,132387800
2025-05-12,318.3800048828125,318.3800048828125,322.2099914550781,311.5,321.989990234375,112826700
2025-05-13,334.07000732421875,334.07000732421875,337.5899963378906,316.79998779296875,320.0,136992600
2025-05-14,347.67999267578125,347.67999267578125,350.0,337.0,342.5,136997300
2025-05-15,342.82000732421875,342.82000732421875,346.1400146484375,334.7200012207031,340.3399963378906,97882600
2025-05-16,349.9800109863281,349.9800109863281,351.6199951171875,342.3299865722656,346.239990234375,95895700
2025-05-19,342.0899963378906,342.0899963378906,343.0,333.3699951171875,336.29998779296875,88869900
2025-05-20,343.82000732421875,343.82000732421875,354.989990234375,341.6300048828125,347.8699951171875,131715500
2025-05-21,334.6199951171875,334.6199951171875,347.3500061035156,332.20001220703125,344.42999267578125,102354800
2025-05-22,341.0400085449219,341.0400085449219,347.2699890136719,331.3900146484375,331.8999938964844,97113400
2025-05-23,339.3399963378906,339.3399963378906,343.17999267578125,333.2099914550781,337.9200134277344,84654800
2025-05-27,362.8900146484375,362.8900146484375,363.7900085449219,347.32000732421875,347.3500061035156,120146400
2025-05-28,356.8999938964844,356.8999938964844,365.0,355.9100036621094,364.8399963378906,91404300
2025-05-29,358.42999267578125,358.42999267578125,367.7099914550781,356.0,365.2900085449219,88087800
2025-05-30,346.4599914550781,346.4599914550781,363.6799926757813,345.2900085449219,355.5199890136719,123474900
2025-06-02,342.69000244140625,342.69000244140625,348.0199890136719,333.3299865722656,343.5,81873800
2025-06-03,344.2699890136719,344.2699890136719,355.3999938964844,343.0400085449219,346.6000061035156,99324500
2025-06-04,332.04998779296875,332.04998779296875,345.6000061035156,327.3299865722656,345.1000061035156,98912100
2025-06-05,284.70001220703125,284.70001220703125,324.54998779296875,273.2099914550781,322.489990234375,287499800
2025-06-06,295.1400146484375,295.1400146484375,305.5,291.1400146484375,298.8299865722656,164747700
2025-06-09,308.5799865722656,308.5799865722656,309.8299865722656,281.8500061035156,285.9599914550781,140908900
2025-06-10,326.0899963378906,326.0899963378906,327.8299865722656,310.6700134277344,314.94000244140625,151256500
2025-06-11,326.42999267578125,326.42999267578125,335.5,322.5,334.3999938964844,122611400
2025-06-12,319.1099853515625,319.1099853515625,332.5599975585937,316.8599853515625,323.0799865722656,105127500
2025-06-13,325.3099975585937,325.3099975585937,332.989990234375,313.29998779296875,313.9700012207031,128964300
2025-06-16,329.1300048828125,329.1300048828125,332.04998779296875,326.4100036621094,331.2900085449219,83925900
2025-06-17,316.3500061035156,316.3500061035156,327.260009765625,314.739990234375,326.0899963378906,88282700
2025-06-18,322.04998779296875,322.04998779296875,329.32000732421875,315.45001220703125,317.3099975585937,95137700
2025-06-20,322.1600036621094,322.1600036621094,332.3599853515625,317.7799987792969,327.95001220703125,108688000
2025-06-23,348.67999267578125,348.67999267578125,357.5400085449219,327.4800109863281,327.5400085449219,190716800
2025-06-24,340.4700012207031,340.4700012207031,356.260009765625,340.44000244140625,356.1700134277344,114736200
2025-06-25,327.54998779296875,327.54998779296875,343.0,320.3999938964844,342.70001220703125,119845100
2025-06-26,325.7799987792969,325.7799987792969,331.04998779296875,323.6099853515625,324.6099853515625,80440900
2025-06-27,323.6300048828125,323.6300048828125,329.3399963378906,317.5,324.510009765625,89067000
2025-06-30,317.6600036621094,317.6600036621094,325.5799865722656,316.6000061035156,319.8999938964844,76695100
2025-07-01,300.7099914550781,300.7099914550781,305.8900146484375,293.2099914550781,298.4599914550781,145085700
2025-07-02,315.6499938964844,315.6499938964844,316.8299865722656,303.82000732421875,312.6300048828125,119483700
2025-07-03,315.3500061035156,315.3500061035156,318.45001220703125,312.760009765625,317.989990234375,58042300
2025-07-07,293.94000244140625,293.94000244140625,296.1499938964844,288.7699890136719,291.3699951171875,131177900
2025-07-08,297.8099975585937,297.8099975585937,304.04998779296875,294.3500061035156,297.0,103246700
2025-07-09,295.8800048828125,295.8800048828125,300.1499938964844,293.54998779296875,297.54998779296875,75586800
2025-07-10,309.8699951171875,309.8699951171875,310.4800109863281,300.0,300.04998779296875,104365300
2025-07-11,313.510009765625,313.510009765625,314.0899963378906,305.6499938964844,307.8900146484375,79236400
2025-07-14,316.8999938964844,316.8999938964844,322.6000061035156,312.6700134277344,317.7300109863281,78043400
2025-07-15,310.7799987792969,310.7799987792969,321.20001220703125,310.5,319.67999267578125,77556300
2025-07-16,321.6700134277344,321.6700134277344,323.5,312.6199951171875,312.79998779296875,97284800
2025-07-17,319.4100036621094,319.4100036621094,324.3399963378906,317.0599975585937,323.1499938964844,73922900
2025-07-18,329.6499938964844,329.6499938964844,330.8999938964844,321.4200134277344,321.6600036621094,94255000
2025-07-21,328.489990234375,328.489990234375,338.0,326.8800048828125,334.3999938964844,75768800
2025-07-22,332.1099853515625,332.1099853515625,335.4100036621094,321.54998779296875,329.739990234375,77370400
2025-07-23,332.5599975585937,332.5599975585937,336.20001220703125,328.6700134277344,330.8999938964844,92553800
2025-07-24,305.29998779296875,305.29998779296875,310.1499938964844,300.4100036621094,310.0,156966000
2025-07-25,316.0599975585937,316.0599975585937,323.6300048828125,308.010009765625,308.739990234375,148227000
2025-07-28,325.5899963378906,325.5899963378906,330.489990234375,315.69000244140625,318.45001220703125,112673800
2025-07-29,321.20001220703125,321.20001220703125,326.25,318.25,325.54998779296875,87358900
2025-07-30,319.0400085449219,319.0400085449219,324.45001220703125,311.6199951171875,322.17999267578125,83931900
2025-07-31,308.2699890136719,308.2699890136719,321.3699951171875,306.1000061035156,319.6099853515625,85270900
2025-08-01,302.6300048828125,302.6300048828125,309.3099975585937,297.82000732421875,306.2099914550781,89121400
2025-08-04,309.260009765625,309.260009765625,312.1199951171875,303.0,309.0799865722656,78683900
2025-08-05,308.7200012207031,308.7200012207031,312.45001220703125,305.5,308.95001220703125,57961300
2025-08-06,319.9100036621094,319.9100036621094,320.4700012207031,306.92999267578125,307.8900146484375,78523600
2025-08-07,322.2699890136719,322.2699890136719,322.3999938964844,316.1600036621094,319.7900085449219,66658700
2025-08-08,329.6499938964844,329.6499938964844,335.1499938964844,320.9800109863281,321.42999267578125,91200300
2025-08-11,339.0299987792969,339.0299987792969,346.6400146484375,334.1499938964844,335.0,105320200
2025-08-12,340.8399963378906,340.8399963378906,345.260009765625,332.94000244140625,345.0,80522100
2025-08-13,339.3800048828125,339.3800048828125,348.9800109863281,338.20001220703125,341.5,67838900
2025-08-14,335.5799865722656,335.5799865722656,340.4700012207031,330.3999938964844,335.760009765625,75000700
2025-08-15,330.5599975585937,330.5599975585937,339.29998779296875,327.0199890136719,337.6600036621094,74319800
2025-08-18,335.1600036621094,335.1600036621094,336.2699890136719,329.5899963378906,329.6199951171875,56956600
2025-08-19,329.3099975585937,329.3099975585937,340.54998779296875,327.8500061035156,335.7900085449219,75956000
2025-08-20,323.8999938964844,323.8999938964844,331.3699951171875,314.6000061035156,329.2200012207031,77481800
2025-08-21,320.1099853515625,320.1099853515625,324.8999938964844,318.67999267578125,322.0799865722656,55744400
2025-08-22,340.010009765625,340.010009765625,340.25,319.69000244140625,321.6600036621094,94016300
2025-08-25,346.6000061035156,346.6000061035156,349.5299987792969,335.0299987792969,338.8999938964844,86670000
2025-08-26,351.6700134277344,351.6700134277344,351.8999938964844,343.7200012207031,344.92999267578125,76651600
2025-08-27,349.6000061035156,349.6000061035156,355.3900146484375,349.1600036621094,351.94000244140625,65519000
2025-08-28,345.9800109863281,345.9800109863281,353.54998779296875,340.260009765625,350.9100036621094,67903200
2025-08-29,333.8699951171875,333.8699951171875,348.75,331.70001220703125,347.2300109863281,81145700
2025-09-02,329.3599853515625,329.3599853515625,333.3299865722656,325.6000061035156,328.2300109863281,58392000
2025-09-03,334.0899963378906,334.0899963378906,343.3299865722656,328.510009765625,335.20001220703125,88733300
2025-09-04,338.5299987792969,338.5299987792969,338.8900146484375,331.4800109863281,336.1499938964844,60711000
2025-09-05,350.8399963378906,350.8399963378906,355.8699951171875,344.67999267578125,348.0,108989800
2025-09-08,346.3999938964844,346.3999938964844,358.44000244140625,344.8399963378906,354.6400146484375,75208300
2025-09-09,346.9700012207031,346.9700012207031,350.7699890136719,343.82000732421875,348.44000244140625,53816000
2025-09-10,347.7900085449219,347.7900085449219,356.3299865722656,346.07000732421875,350.54998779296875,72121700
2025-09-11,368.80999755859375,368.80999755859375,368.989990234375,347.6000061035156,350.1700134277344,103756000
2025-09-12,395.9400024414063,395.9400024414063,396.6900024414063,370.239990234375,370.9400024414063,168156400
2025-09-15,410.0400085449219,410.0400085449219,425.7000122070313,402.4299926757813,423.1300048828125,163823700
2025-09-16,421.6199951171875,421.6199951171875,423.25,411.4299926757813,414.5,104285700
2025-09-17,425.8599853515625,425.8599853515625,428.30999755859375,409.6700134277344,415.75,106133500
2025-09-18,416.8500061035156,416.8500061035156,432.2200012207031,416.55999755859375,428.8699951171875,90454500
2025-09-19,426.0700073242188,426.0700073242188,429.4700012207031,421.7200012207031,421.8200073242188,93131000
2025-09-22,434.2099914550781,434.2099914550781,444.9800109863281,429.1300048828125,431.1099853515625,97108800
2025-09-23,425.8500061035156,425.8500061035156,440.9700012207031,423.7200012207031,439.8800048828125,83422700
2025-09-24,442.7900085449219,442.7900085449219,444.2099914550781,429.0299987792969,429.8299865722656,93133600
2025-09-25,423.3900146484375,423.3900146484375,435.3500061035156,419.0799865722656,435.239990234375,96746400
2025-09-26,440.3999938964844,440.3999938964844,440.4700012207031,421.0199890136719,428.2999877929688,101628200
2025-09-29,443.2099914550781,443.2099914550781,450.9800109863281,439.5,444.3500061035156,79491500
2025-09-30,444.7200012207031,444.7200012207031,445.0,433.1199951171875,441.5199890136719,74358000
2025-10-01,459.4599914550781,459.4599914550781,462.2900085449219,440.75,443.7999877929688,98122300
2025-10-02,436.0,436.0,470.75,435.5700073242188,470.5400085449219,137009000
2025-10-03,429.8299865722656,429.8299865722656,446.7699890136719,416.5799865722656,443.2900085449219,133188200
2025-10-06,453.25,453.25,453.5499877929688,436.6900024414063,440.75,85324900
2025-10-07,433.0899963378906,433.0899963378906,452.6799926757813,432.4500122070313,447.8200073242188,102296100
2025-10-08,438.6900024414063,438.6900024414063,441.3299865722656,425.2300109863281,437.5700073242188,71192100
2025-10-09,435.5400085449219,435.5400085449219,436.3500061035156,426.1799926757813,431.80999755859375,69339900
2025-10-10,413.489990234375,413.489990234375,443.1300048828125,411.4500122070313,436.5400085449219,112107900
2025-10-13,435.8999938964844,435.8999938964844,436.8900146484375,419.7000122070313,423.5299987792969,79552800
2025-10-14,429.239990234375,429.239990234375,434.2000122070313,417.8599853515625,426.7900085449219,72669400
2025-10-15,435.1499938964844,435.1499938964844,440.510009765625,426.3299865722656,434.8999938964844,71558200
2025-10-16,428.75,428.75,439.3500061035156,421.30999755859375,434.7300109863281,77189900
2025-10-17,439.30999755859375,439.30999755859375,441.4599914550781,423.6000061035156,425.5,89331600
2025-10-20,447.4299926757813,447.4299926757813,449.7999877929688,440.6099853515625,443.8699951171875,63719000
2025-10-21,442.6000061035156,442.6000061035156,449.2999877929688,442.0499877929688,445.760009765625,54412200
2025-10-22,438.9700012207031,438.9700012207031,445.5400085449219,429.0,443.4500122070313,84023500
2025-10-23,448.9800109863281,448.9800109863281,449.3999938964844,413.8999938964844,420.0,126709800
2025-10-24,433.7200012207031,433.7200012207031,451.6799926757813,430.1700134277344,446.8299865722656,94727800
2025-10-27,452.4200134277344,452.4200134277344,460.1600036621094,438.6900024414063,439.9800109863281,105867500
2025-10-28,460.5499877929688,460.5499877929688,467.0,451.6000061035156,454.7799987792969,80185700
2025-10-29,461.510009765625,461.510009765625,465.7000122070313,452.6499938964844,462.5,67983500
2025-10-30,440.1000061035156,440.1000061035156,455.05999755859375,439.6099853515625,451.0499877929688,72447900
2025-10-31,456.55999755859375,456.55999755859375,458.0,443.6900024414063,446.75,83135800
2025-11-03,468.3699951171875,468.3699951171875,474.0700073242188,453.7999877929688,455.989990234375,84595200
2025-11-04,444.260009765625,444.260009765625,460.2200012207031,443.6000061035156,454.4599914550781,87756600
2025-11-05,462.0700073242188,462.0700073242188,466.3299865722656,440.7099914550781,452.0499877929688,85573000
2025-11-06,445.9100036621094,445.9100036621094,467.4500122070313,435.0899963378906,461.9599914550781,109622900
2025-11-07,429.5199890136719,429.5199890136719,439.3599853515625,421.8800048828125,437.9200134277344,103471500
2025-11-10,445.2300109863281,445.2300109863281,449.6700134277344,433.3599853515625,439.6000061035156,76515900
2025-11-11,439.6199951171875,439.6199951171875,442.489990234375,432.3599853515625,439.3999938964844,60533200
2025-11-12,430.6000061035156,430.6000061035156,442.3299865722656,426.55999755859375,442.1499938964844,58513500
2025-11-13,401.989990234375,401.989990234375,424.5,396.3399963378906,423.1300048828125,118948000
2025-11-14,404.3500061035156,404.3500061035156,412.1900024414063,382.7799987792969,386.2999877929688,105506700
2025-11-17,408.9200134277344,408.9200134277344,423.9599914550781,398.739990234375,398.739990234375,102214300
2025-11-18,401.25,401.25,408.8999938964844,393.7099914550781,405.3800048828125,80688600
2025-11-19,403.989990234375,403.989990234375,411.7799987792969,398.5,406.1799926757813,72047700
2025-11-20,395.2300109863281,395.2300109863281,428.9400024414063,394.739990234375,414.6300048828125,113548800
2025-11-21,391.0899963378906,391.0899963378906,402.7999877929688,383.760009765625,402.3200073242188,100460600
2025-11-24,417.7799987792969,417.7799987792969,421.7200012207031,401.0899963378906,402.1700134277344,96806400
2025-11-25,419.3999938964844,419.3999938964844,420.4800109863281,405.9500122070313,414.4200134277344,71915600
2025-11-26,426.5799865722656,426.5799865722656,426.9400024414063,416.8900146484375,423.9500122070313,63463000
2025-11-28,430.1700134277344,430.1700134277344,432.9299926757813,426.2000122070313,426.5899963378906,36252900
2025-12-01,430.1400146484375,430.1400146484375,433.6600036621094,425.2900085449219,425.3200073242188,57463600
2025-12-02,429.239990234375,429.239990234375,436.7999877929688,422.1199951171875,430.80999755859375,69336600
2025-12-03,446.739990234375,446.739990234375,447.9200134277344,431.1099853515625,432.1000061035156,87483000
2025-12-04,454.5299987792969,454.5299987792969,454.6300048828125,445.3900146484375,449.9400024414063,71906500
2025-12-05,455.0,455.0,458.8699951171875,451.6600036621094,453.0299987792969,56427500
2025-12-08,439.5799865722656,439.5799865722656,449.75,435.25,447.4500122070313,69165800
2025-12-09,445.1700134277344,445.1700134277344,452.3900146484375,435.7000122070313,437.5400085449219,62367400
2025-12-10,451.4500122070313,451.4500122070313,456.8800048828125,443.6099853515625,446.0700073242188,63257500
2025-12-11,446.8900146484375,446.8900146484375,449.2699890136719,440.3299865722656,448.9500122070313,55979500
2025-12-12,458.9599914550781,458.9599914550781,463.010009765625,441.6700134277344,448.0899963378906,95656700
2025-12-15,475.30999755859375,475.30999755859375,481.7699890136719,467.6600036621094,469.4400024414063,114542200
2025-12-16,489.8800048828125,489.8800048828125,491.5,465.8299865722656,472.2099914550781,107608100
2025-12-17,467.260009765625,467.260009765625,495.2799987792969,466.2000122070313,488.2200012207031,106490400
2025-12-18,483.3699951171875,483.3699951171875,490.8599853515625,473.1199951171875,478.1600036621094,95168400
2025-12-19,481.2000122070313,481.2000122070313,490.489990234375,474.7200012207031,488.1199951171875,103305400
2025-12-22,488.7300109863281,488.7300109863281,498.8299865722656,485.3299865722656,489.8800048828125,86916100
2025-12-23,485.55999755859375,485.55999755859375,491.9700012207031,482.8399963378906,489.3999938964844,58223600
2025-12-24,485.3999938964844,485.3999938964844,490.8999938964844,476.7999877929688,488.4800109863281,41285400
2025-12-26,475.1900024414063,475.1900024414063,489.0899963378906,473.8200073242188,485.2300109863281,58780700
2025-12-29,459.6400146484375,459.6400146484375,469.3999938964844,459.0,469.0,66263000
2025-12-30,454.4299926757813,454.4299926757813,463.1199951171875,453.8299865722656,461.0899963378906,59238500
2025-12-31,449.7200012207031,449.7200012207031,456.5499877929688,449.2999877929688,456.1000061035156,49078000
2026-01-02,438.0700073242188,438.0700073242188,458.3399963378906,435.2999877929688,457.7999877929688,85535400
2026-01-05,451.6700134277344,451.6700134277344,457.5499877929688,444.5700073242188,447.989990234375,67940800
2026-01-06,432.9599914550781,432.9599914550781,448.25,428.7799987792969,446.3800048828125,89093800
2026-01-07,431.4100036621094,431.4100036621094,438.3699951171875,431.2900085449219,435.8999938964844,59828800
2026-01-08,435.7999877929688,435.7999877929688,436.8900146484375,424.3699951171875,427.8900146484375,57041100
2026-01-09,445.010009765625,445.010009765625,449.0499877929688,430.3900146484375,435.9500122070313,67331500
2026-01-12,448.9599914550781,448.9599914550781,454.2999877929688,438.0,441.2300109863281,61649600
2026-01-13,447.2000122070313,447.2000122070313,451.80999755859375,443.9500122070313,450.2000122070313,53719200
2026-01-14,439.2000122070313,439.2000122070313,443.9100036621094,434.2200012207031,442.80999755859375,57259500
2026-01-15,438.5700073242188,438.5700073242188,445.3599853515625,437.6499938964844,441.1300048828125,49465800
2026-01-16,437.5,437.5,447.25,435.260009765625,439.5,60220600
2026-01-20,419.25,419.25,430.7300109863281,417.4400024414063,429.3599853515625,63187300
2026-01-21,431.4400024414063,431.4400024414063,438.2000122070313,419.6199951171875,421.6600036621094,68124000
2026-01-22,449.3599853515625,449.3599853515625,449.5,432.6300048828125,435.1600036621094,71546700
2026-01-23,449.05999755859375,449.05999755859375,452.4299926757813,444.0400085449219,447.4299926757813,56771400
2026-01-26,435.2000122070313,435.2000122070313,445.0400085449219,434.2799987792969,445.0,49397400
2026-01-27,430.8999938964844,430.8999938964844,437.5199890136719,430.6900024414063,437.4100036621094,37733100
2026-01-28,431.4599914550781,431.4599914550781,438.260009765625,430.1000061035156,431.9100036621094,54857400
2026-01-29,416.55999755859375,416.55999755859375,440.2300109863281,414.6199951171875,437.7999877929688,81686100
2026-01-30,430.4100036621094,430.4100036621094,439.8800048828125,422.7000122070313,425.3500061035156,82626100
2026-02-02,421.80999755859375,421.80999755859375,427.1499938964844,414.5,421.2900085449219,58739500
2026-02-03,421.9599914550781,421.9599914550781,428.55999755859375,413.6900024414063,424.2699890136719,56886500
2026-02-04,406.010009765625,406.010009765625,423.8999938964844,399.1799926757813,420.4599914550781,74606900
2026-02-05,397.2099914550781,397.2099914550781,402.1000061035156,387.5299987792969,397.0199890136719,72819800
2026-02-06,411.1099853515625,411.1099853515625,414.5499877929688,397.75,400.8699951171875,62677100
2026-02-09,417.3200073242188,417.3200073242188,421.25,407.2900085449219,409.9100036621094,54484300
2026-02-10,425.2099914550781,425.2099914550781,427.25,417.0,418.0799865722656,64450200
2026-02-11,428.2699890136719,428.2699890136719,436.3500061035156,420.0299987792969,427.9599914550781,57362000
2026-02-12,417.0700073242188,417.0700073242188,436.2300109863281,414.0,430.2999877929688,61933400
2026-02-13,417.4400024414063,417.4400024414063,424.05999755859375,410.8800048828125,414.30999755859375,51434100
2026-02-17,410.6300048828125,410.6300048828125,413.7200012207031,400.510009765625,412.3599853515625,59678800
2026-02-18,411.3200073242188,411.3200073242188,416.8999938964844,409.5799865722656,411.1099853515625,45921400
2026-02-19,411.7099914550781,411.7099914550781,415.25,404.1099853515625,407.25,51019600
2026-02-20,411.8200073242188,411.8200073242188,414.7000122070313,405.5,408.2999877929688,57912200
2026-02-23,399.8299865722656,399.8299865722656,407.7000122070313,394.0400085449219,407.2900085449219,69680000
2026-02-24,409.3800048828125,409.3800048828125,410.8200073242188,397.6400146484375,399.5,58579500
2026-02-25,417.3999938964844,417.3999938964844,420.3399963378906,412.1499938964844,412.1499938964844,54809700
2026-02-26,408.5799865722656,408.5799865722656,416.80999755859375,403.6600036621094,414.4200134277344,53602500
2026-02-27,402.510009765625,402.510009765625,407.1199951171875,398.1099853515625,402.9400024414063,56890100
2026-03-02,403.3200073242188,403.3200073242188,404.5400085449219,388.25,390.6000061035156,55088300
2026-03-03,392.4299926757813,392.4299926757813,396.3399963378906,385.3900146484375,395.0899963378906,62617300
2026-03-04,405.9400024414063,405.9400024414063,408.3299865722656,394.5799865722656,397.8500061035156,68305500
2026-03-05,405.5499877929688,405.5499877929688,408.6199951171875,399.4200134277344,401.5700073242188,51925900
2026-03-06,396.7300109863281,396.7300109863281,402.3500061035156,394.2099914550781,398.0899963378906,64054600
2026-03-09,398.6799926757813,398.6799926757813,401.5899963378906,381.3999938964844,390.0499877929688,67018900
2026-03-10,399.239990234375,399.239990234375,406.5899963378906,398.1900024414063,402.2200012207031,59258700
2026-03-11,407.8200073242188,407.8200073242188,416.3800048828125,402.1499938964844,402.2799987792969,62559900
2026-03-12,395.010009765625,395.010009765625,406.5,394.6499938964844,405.1799926757813,60973800
2026-03-13,391.2000122070313,391.2000122070313,400.2000122070313,389.9500122070313,399.1700134277344,58504100
2026-03-16,395.55999755859375,395.55999755859375,403.7300109863281,394.4200134277344,396.2200012207031,58068300
2026-03-17,399.2699890136719,399.2699890136719,400.1199951171875,393.0,395.6900024414063,46890500
2026-03-18,392.7799987792969,392.7799987792969,403.0700073242188,392.30999755859375,399.0,50853100
2026-03-19,380.2999877929688,380.2999877929688,387.2699890136719,378.7300109863281,387.2699890136719,67078300
2026-03-20,367.9599914550781,367.9599914550781,379.8900146484375,364.4599914550781,379.8500061035156,78628600
2026-03-23,380.8500061035156,380.8500061035156,385.3299865722656,372.7300109863281,373.0899963378906,74606000
2026-03-24,383.0299987792969,383.0299987792969,387.4800109863281,376.30999755859375,376.55999755859375,60004900
2026-03-25,385.9500122070313,385.9500122070313,396.2300109863281,385.010009765625,389.989990234375,55157300
2026-03-26,372.1099853515625,372.1099853515625,384.4400024414063,371.8699951171875,381.6000061035156,55522900
2026-03-27,361.8299865722656,361.8299865722656,369.8599853515625,359.4700012207031,369.6900024414063,62065700
2026-03-30,355.2799987792969,355.2799987792969,367.2900085449219,352.1400146484375,365.8599853515625,67954400
2026-03-31,371.75,371.75,373.3299865722656,361.0,361.510009765625,75534900
2026-04-01,381.260009765625,381.260009765625,383.1400146484375,374.0799865722656,378.6300048828125,58683800
2026-04-02,360.5899963378906,360.5899963378906,370.2799987792969,359.0299987792969,364.2000122070313,83031200
2026-04-06,352.82000732421875,352.82000732421875,367.7200012207031,346.6400146484375,362.5899963378906,77697600
2026-04-07,346.6499938964844,346.6499938964844,348.0199890136719,337.239990234375,346.44000244140625,74515400
2026-04-08,343.25,343.25,364.5,339.6700134277344,363.7900085449219,78838600
2026-04-09,345.6199951171875,345.6199951171875,348.8800048828125,337.25,343.1499938964844,62164000
2026-04-10,348.95001220703125,348.95001220703125,350.3599853515625,342.739990234375,346.2900085449219,51336000
2026-04-13,352.4200134277344,352.4200134277344,356.3500061035156,348.57000732421875,350.07000732421875,53617500
2026-04-14,364.2000122070313,364.2000122070313,367.6300048828125,354.7699890136719,357.6700134277344,59979600
2026-04-15,391.9500122070313,391.9500122070313,394.6499938964844,362.5,366.8299865722656,113810400
2026-04-16,388.8999938964844,388.8999938964844,394.05999755859375,381.7999877929688,393.80999755859375,63515100
2026-04-17,400.6199951171875,400.6199951171875,409.2799987792969,391.6499938964844,395.9200134277344,90640000
2026-04-20,392.5,392.5,406.7999877929688,388.3299865722656,402.5799865722656,64603900
2026-04-21,386.4200134277344,386.4200134277344,393.9500122070313,385.2200012207031,393.0,50530600
2026-04-22,387.510009765625,387.510009765625,393.010009765625,385.2999877929688,387.5700073242188,62362800
2026-04-23,373.7200012207031,373.7200012207031,386.0,368.3900146484375,375.2799987792969,93969500
2026-04-24,376.2999877929688,376.2999877929688,382.760009765625,370.7300109863281,373.5,62893300
2026-04-27,378.6700134277344,378.6700134277344,380.7799987792969,364.0199890136719,372.0899963378906,66735800
2026-04-28,376.0199890136719,376.0199890136719,382.2900085449219,372.5400085449219,374.6799926757813,50864400
2026-04-29,372.7999877929688,372.7999877929688,376.3999938964844,370.0400085449219,375.3999938964844,45384800
2026-04-30,381.6300048828125,381.6300048828125,384.75,368.1700134277344,372.75,51076000
2026-05-01,390.8200073242188,390.8200073242188,397.8200073242188,378.7999877929688,382.489990234375,65338300
2026-05-04,392.510009765625,392.510009765625,394.6400146484375,384.7999877929688,390.2300109863281,48765100
2026-05-05,389.3699951171875,389.3699951171875,402.1199951171875,389.0,395.1900024414063,47780600
2026-05-06,398.7300109863281,398.7300109863281,401.6799926757813,384.0199890136719,386.25,53465400
2026-05-07,411.7900085449219,411.7900085449219,415.8299865722656,402.1199951171875,407.4800109863281,64294200
2026-05-08,428.3500061035156,428.3500061035156,431.2000122070313,416.3900146484375,416.4800109863281,65050000
2026-05-11,445.0,445.0,449.1600036621094,416.7999877929688,422.1600036621094,78376100
2026-05-12,433.4500122070313,433.4500122070313,447.7999877929688,422.260009765625,441.4100036621094,60569300
2026-05-13,445.2699890136719,445.2699890136719,453.3999938964844,430.2099914550781,436.6700134277344,68283200
2026-05-14,443.2999877929688,443.2999877929688,451.9800109863281,441.1600036621094,446.489990234375,46070400
2026-05-15,422.239990234375,422.239990234375,434.6600036621094,422.0,433.9800109863281,52688700
2026-05-18,409.989990234375,409.989990234375,421.1300048828125,405.3299865722656,419.2699890136719,52474200
2026-05-19,404.1099853515625,404.1099853515625,405.6300048828125,393.6300048828125,403.1600036621094,46500600
2026-05-20,417.260009765625,417.260009765625,417.4599914550781,406.3900146484375,407.6000061035156,45294700
2026-05-21,417.8500061035156,417.8500061035156,426.9500122070313,412.8999938964844,422.1799926757813,42636900
2026-05-22,426.010009765625,426.010009765625,431.510009765625,420.510009765625,422.6700134277344,46104700
2026-05-26,433.5899963378906,433.5899963378906,435.2000122070313,426.1199951171875,430.260009765625,45658900
2026-05-27,440.3599853515625,440.3599853515625,445.6000061035156,435.5199890136719,442.8900146484375,44656500
2026-05-28,442.1000061035156,442.1000061035156,443.9599914550781,436.2999877929688,437.6199951171875,32435000
2026-05-29,435.7900085449219,435.7900085449219,441.0700073242188,428.1400146484375,439.8500061035156,45176800
2026-06-01,415.8800048828125,415.8800048828125,429.6000061035156,415.4299926757813,427.489990234375,44937900
2026-06-02,423.739990234375,423.739990234375,424.4200134277344,413.6499938964844,418.2200012207031,37596000
2026-06-03,423.7000122070313,423.7000122070313,433.6000061035156,416.0,418.7000122070313,44500700
2026-06-04,418.4500122070313,418.4500122070313,426.3500061035156,417.1600036621094,419.8399963378906,35323300
2026-06-05,391.0,391.0,424.6799926757813,388.5899963378906,420.5,63420200
2026-06-08,408.9500122070313,408.9500122070313,412.9400024414063,394.7200012207031,396.3299865722656,50328800
2026-06-09,396.6799926757813,396.6799926757813,418.5,384.239990234375,411.0299987792969,59940200
2026-06-10,381.5899963378906,381.5899963378906,397.0899963378906,380.1499938964844,391.5400085449219,49695600
2026-06-11,399.1499938964844,399.1499938964844,399.5400085449219,380.6600036621094,388.2799987792969,45324300
2026-06-12,406.4299926757813,406.4299926757813,406.6799926757813,386.760009765625,399.489990234375,63514500
2026-06-15,411.1499938964844,411.1499938964844,416.0,407.1000061035156,412.3699951171875,45620500
2026-06-16,404.6600036621094,404.6600036621094,412.4200134277344,400.5400085449219,404.1099853515625,40255500
2026-06-17,396.3800048828125,396.3800048828125,405.9400024414063,393.760009765625,401.5299987792969,43534300
2026-06-18,400.489990234375,400.489990234375,402.5199890136719,384.7000122070313,398.1000061035156,58384700
2026-06-22,405.0499877929688,405.0499877929688,414.75,394.3999938964844,394.8500061035156,47819500
2026-06-23,381.6099853515625,381.6099853515625,392.8699951171875,379.05999755859375,392.6099853515625,50420200
2026-06-24,375.5299987792969,375.5299987792969,384.5799865722656,373.0499877929688,380.0799865722656,37081400
2026-06-25,375.1199951171875,375.1199951171875,379.1199951171875,371.2200012207031,375.2699890136719,30138800
2026-06-26,379.7099914550781,379.7099914550781,387.7999877929688,368.6000061035156,370.1499938964844,53434100
2026-06-29,411.8399963378906,411.8399963378906,413.2699890136719,379.2999877929688,381.7900085449219,57645800
2026-06-30,420.6000061035156,420.6000061035156,424.5400085449219,406.0,406.0,43385600
2026-07-01,425.2999877929688,425.2999877929688,432.8599853515625,418.0899963378906,421.4599914550781,40127900
2026-07-02,393.4500122070313,393.4500122070313,432.3500061035156,389.2999877929688,428.010009765625,73717700
2026-07-06,419.7699890136719,419.7699890136719,420.0,390.5,397.5,54727900
2026-07-07,402.8999938964844,402.8999938964844,419.55999755859375,401.8800048828125,416.9599914550781,38149900
2026-07-08,394.05999755859375,394.05999755859375,399.6300048828125,390.510009765625,399.3800048828125,33844900
2026-07-09,406.5499877929688,406.5499877929688,407.8599853515625,390.8599853515625,393.989990234375,37835000
2026-07-10,407.760009765625,407.760009765625,413.1600036621094,402.80999755859375,410.489990234375,33410000
2026-07-13,394.760009765625,394.760009765625,405.5700073242188,391.3699951171875,404.6099853515625,32809200
2026-07-14,396.1799926757813,396.1799926757813,402.2200012207031,394.760009765625,399.0499877929688,23385000
2026-07-15,394.4599914550781,394.4599914550781,406.5899963378906,390.6600036621094,399.3999938964844,31549800
2026-07-16,391.05999755859375,391.05999755859375,395.30999755859375,385.3200073242188,392.3500061035156,29269100
2026-07-17,380.8399963378906,380.8399963378906,385.6900024414063,377.2200012207031,381.7799987792969,31394600
2026-07-20,369.5700073242188,369.5700073242188,386.6099853515625,369.4299926757813,386.0499877929688,33901500
2026-07-21,378.9299926757813,378.9299926757813,384.0700073242188,369.9800109863281,371.1700134277344,32735300
2026-07-22,374.010009765625,374.010009765625,380.1700134277344,372.8999938964844,375.5299987792969,30646100
2026-07-23,319.69000244140625,319.69000244140625,342.1099853515625,315.739990234375,341.0,115606400
2026-07-24,313.0299987792969,313.0299987792969,322.9599914550781,306.510009765625,320.7200012207031,62760000
2026-07-27,309.2200012207031,309.2200012207031,317.0,304.2799987792969,313.239990234375,44919400
2026-07-28,307.44000244140625,307.44000244140625,311.1600036621094,300.69000244140625,305.92999267578125,39802400
2026-07-29,298.32000732421875,298.32000732421875,309.0599975585937,297.3800048828125,307.1400146484375,39478000
2026-07-30,308.8500061035156,308.8500061035156,310.8699951171875,301.3299865722656,302.70001220703125,38005400
2026-07-31,311.2099914550781,311.2099914550781,315.5,301.9700012207031,309.69000244140625,36630600
2026-08-03,322.0799865722656,322.0799865722656,324.6499938964844,310.42999267578125,310.9599914550781,38281400
2026-08-04,327.3500061035156,327.3500061035156,329.57000732421875,320.7900085449219,324.0,33318300
2026-08-05,321.54998779296875,321.54998779296875,327.1400146484375,320.2799987792969,323.4200134277344,27820800
2026-08-06,319.5299987792969,319.5299987792969,323.0,315.5199890136719,317.04998779296875,26033800
2026-08-07,328.5799865722656,328.5799865722656,333.7300109863281,321.25,322.3399963378906,39492300
2026-08-10,330.8800048828125,330.8800048828125,332.04998779296875,326.1499938964844,326.6000061035156,24952600
2026-08-11,,332.80999755859375,336.20001220703125,329.5299987792969,332.79998779296875,23345200
2026-08-12,,327.510009765625,335.5,323.6400146484375,335.0,28698900
2026-08-13,,339.9599914550781,341.6400146484375,325.239990234375,327.20001220703125,34708300
2026-08-14,,342.2699890136719,351.260009765625,335.3299865722656,342.3299865722656,45375100
